2026-06-01 20:50:09: INFO:     Started server process [53400]
2026-06-01 20:50:09: INFO:     Waiting for application startup.
2026-06-01 20:50:09: 2026-06-01 20:50:09,435 [INFO] trader: Strategy loop started \u2014 EMA 9/21 on BTC/USDT 1h
2026-06-01 20:50:09: INFO:     Application startup complete.
2026-06-01 20:50:09: INFO:     Uvicorn running on http://0.0.0.0:8001 (Press CTRL+C to quit)
2026-06-01 21:13:36: INFO:     Started server process [32240]
2026-06-01 21:13:36: INFO:     Waiting for application startup.
2026-06-01 21:13:36: 2026-06-01 21:13:36,048 [INFO] trader: Strategy loop started \u2014 EMA 9/21 on BTC/USDT 1h
2026-06-01 21:13:36: INFO:     Application startup complete.
2026-06-01 21:13:36: INFO:     Uvicorn running on http://0.0.0.0:8001 (Press CTRL+C to quit)
2026-06-01 21:13:37: 2026-06-01 21:13:37,785 [WARNING] discord: Discord notify failed: HTTP Error 403: Forbidden
2026-06-01 21:14:21: INFO:     Started server process [53080]
2026-06-01 21:14:21: INFO:     Waiting for application startup.
2026-06-01 21:14:21: 2026-06-01 21:14:21,333 [INFO] trader: Strategy loop started \u2014 EMA 9/21 on BTC/USDT 1h
2026-06-01 21:14:21: INFO:     Application startup complete.
2026-06-01 21:14:21: INFO:     Uvicorn running on http://0.0.0.0:8001 (Press CTRL+C to quit)
2026-06-01 21:14:23: 2026-06-01 21:14:23,062 [WARNING] discord: Discord notify failed: HTTP Error 403: Forbidden
2026-06-01 21:16:41: INFO:     Started server process [47916]
2026-06-01 21:16:41: INFO:     Waiting for application startup.
2026-06-01 21:16:41: 2026-06-01 21:16:41,675 [INFO] trader: Strategy loop started \u2014 EMA 9/21 on BTC/USDT 1h
2026-06-01 21:16:41: INFO:     Application startup complete.
2026-06-01 21:16:41: INFO:     Uvicorn running on http://0.0.0.0:8001 (Press CTRL+C to quit)
2026-06-01 22:35:03: 2026-06-01 22:35:03,886 [ERROR] trader: Tick error: binance GET https://testnet.binance.vision/api/v3/klines?interval=1h&limit=50&symbol=BTCUSDT
2026-06-01 22:36:20: INFO:     Started server process [46616]
2026-06-01 22:36:20: INFO:     Waiting for application startup.
2026-06-01 22:36:20: 2026-06-01 22:36:20,375 [INFO] trader: Strategy loop started \u2014 EMA 9/21 on BTC/USDT 1h
2026-06-01 22:36:20: INFO:     Application startup complete.
2026-06-01 22:36:20: INFO:     Uvicorn running on http://0.0.0.0:8001 (Press CTRL+C to quit)
2026-06-02 01:31:13: INFO:     Started server process [18096]
2026-06-02 01:31:13: INFO:     Waiting for application startup.
2026-06-02 01:31:13: 2026-06-02 01:31:13,954 [INFO] trader: Strategy loop started \u2014 EMA 9/21 on BTC/USDT 1h
2026-06-02 01:31:13: INFO:     Application startup complete.
2026-06-02 01:31:13: INFO:     Uvicorn running on http://0.0.0.0:8001 (Press CTRL+C to quit)
2026-06-02 07:02:10: 2026-06-02 07:02:10,657 [ERROR] trader: Tick error: binance GET https://testnet.binance.vision/api/v3/klines?interval=1h&limit=50&symbol=BTCUSDT
2026-06-02 07:03:10: 2026-06-02 07:03:10,676 [ERROR] trader: Tick error: binance GET https://testnet.binance.vision/api/v3/klines?interval=1h&limit=50&symbol=BTCUSDT
2026-06-02 07:04:10: 2026-06-02 07:04:10,687 [ERROR] trader: Tick error: binance GET https://testnet.binance.vision/api/v3/klines?interval=1h&limit=50&symbol=BTCUSDT
2026-06-02 07:05:10: 2026-06-02 07:05:10,693 [ERROR] trader: Tick error: binance GET https://testnet.binance.vision/api/v3/klines?interval=1h&limit=50&symbol=BTCUSDT
2026-06-02 07:06:10: 2026-06-02 07:06:10,709 [ERROR] trader: Tick error: binance GET https://testnet.binance.vision/api/v3/klines?interval=1h&limit=50&symbol=BTCUSDT
2026-06-02 07:07:10: 2026-06-02 07:07:10,722 [ERROR] trader: Tick error: binance GET https://testnet.binance.vision/api/v3/klines?interval=1h&limit=50&symbol=BTCUSDT
2026-06-02 07:08:10: 2026-06-02 07:08:10,739 [ERROR] trader: Tick error: binance GET https://testnet.binance.vision/api/v3/klines?interval=1h&limit=50&symbol=BTCUSDT
2026-06-02 07:09:10: 2026-06-02 07:09:10,762 [ERROR] trader: Tick error: binance GET https://testnet.binance.vision/api/v3/klines?interval=1h&limit=50&symbol=BTCUSDT
2026-06-02 07:10:10: 2026-06-02 07:10:10,766 [ERROR] trader: Tick error: binance GET https://testnet.binance.vision/api/v3/klines?interval=1h&limit=50&symbol=BTCUSDT
2026-06-02 07:11:10: 2026-06-02 07:11:10,779 [ERROR] trader: Tick error: binance GET https://testnet.binance.vision/api/v3/klines?interval=1h&limit=50&symbol=BTCUSDT
2026-06-02 19:55:56: INFO:     Started server process [20456]
2026-06-02 19:55:56: INFO:     Waiting for application startup.
2026-06-02 19:55:56: 2026-06-02 19:55:56,778 [INFO] trader: Strategy loop started \u2014 EMA 9/21 on BTC/USDT 1h
2026-06-02 19:55:56: INFO:     Application startup complete.
2026-06-02 19:55:56: INFO:     Uvicorn running on http://0.0.0.0:8001 (Press CTRL+C to quit)
2026-06-02 19:55:56: 2026-06-02 19:55:56,837 [WARNING] discord: Discord notify failed: <urlopen error [Errno 11001] getaddrinfo failed>
2026-06-02 19:55:56: 2026-06-02 19:55:56,840 [ERROR] trader: Tick error: binance GET https://testnet.binance.vision/api/v3/exchangeInfo
2026-06-02 19:56:56: 2026-06-02 19:56:56,851 [ERROR] trader: Tick error: binance GET https://testnet.binance.vision/api/v3/exchangeInfo
2026-06-02 19:57:56: 2026-06-02 19:57:56,869 [ERROR] trader: Tick error: binance GET https://testnet.binance.vision/api/v3/exchangeInfo
2026-06-02 19:58:56: 2026-06-02 19:58:56,885 [ERROR] trader: Tick error: binance GET https://testnet.binance.vision/api/v3/exchangeInfo
2026-06-02 19:59:56: 2026-06-02 19:59:56,899 [ERROR] trader: Tick error: binance GET https://testnet.binance.vision/api/v3/exchangeInfo
2026-06-02 20:00:56: 2026-06-02 20:00:56,908 [ERROR] trader: Tick error: binance GET https://testnet.binance.vision/api/v3/exchangeInfo
2026-06-02 20:01:56: 2026-06-02 20:01:56,918 [ERROR] trader: Tick error: binance GET https://testnet.binance.vision/api/v3/exchangeInfo
2026-06-02 20:02:56: 2026-06-02 20:02:56,926 [ERROR] trader: Tick error: binance GET https://testnet.binance.vision/api/v3/exchangeInfo
2026-06-02 20:03:56: 2026-06-02 20:03:56,940 [ERROR] trader: Tick error: binance GET https://testnet.binance.vision/api/v3/exchangeInfo
2026-06-02 20:04:56: 2026-06-02 20:04:56,944 [ERROR] trader: Tick error: binance GET https://testnet.binance.vision/api/v3/exchangeInfo
2026-06-02 20:05:56: 2026-06-02 20:05:56,961 [ERROR] trader: Tick error: binance GET https://testnet.binance.vision/api/v3/exchangeInfo
2026-06-02 20:06:56: 2026-06-02 20:06:56,978 [ERROR] trader: Tick error: binance GET https://testnet.binance.vision/api/v3/exchangeInfo
2026-06-02 20:07:56: 2026-06-02 20:07:56,994 [ERROR] trader: Tick error: binance GET https://testnet.binance.vision/api/v3/exchangeInfo
2026-06-02 20:08:57: 2026-06-02 20:08:57,002 [ERROR] trader: Tick error: binance GET https://testnet.binance.vision/api/v3/exchangeInfo
2026-06-02 20:09:57: 2026-06-02 20:09:57,016 [ERROR] trader: Tick error: binance GET https://testnet.binance.vision/api/v3/exchangeInfo
2026-06-02 20:10:57: 2026-06-02 20:10:57,022 [ERROR] trader: Tick error: binance GET https://testnet.binance.vision/api/v3/exchangeInfo
2026-06-02 20:11:57: 2026-06-02 20:11:57,037 [ERROR] trader: Tick error: binance GET https://testnet.binance.vision/api/v3/exchangeInfo
2026-06-02 20:12:57: 2026-06-02 20:12:57,053 [ERROR] trader: Tick error: binance GET https://testnet.binance.vision/api/v3/exchangeInfo
2026-06-02 20:13:57: 2026-06-02 20:13:57,067 [ERROR] trader: Tick error: binance GET https://testnet.binance.vision/api/v3/exchangeInfo
2026-06-02 20:14:57: 2026-06-02 20:14:57,078 [ERROR] trader: Tick error: binance GET https://testnet.binance.vision/api/v3/exchangeInfo
2026-06-02 20:15:57: 2026-06-02 20:15:57,093 [ERROR] trader: Tick error: binance GET https://testnet.binance.vision/api/v3/exchangeInfo
2026-06-02 20:16:57: 2026-06-02 20:16:57,101 [ERROR] trader: Tick error: binance GET https://testnet.binance.vision/api/v3/exchangeInfo
2026-06-02 20:17:57: 2026-06-02 20:17:57,109 [ERROR] trader: Tick error: binance GET https://testnet.binance.vision/api/v3/exchangeInfo
2026-06-02 20:18:57: 2026-06-02 20:18:57,128 [ERROR] trader: Tick error: binance GET https://testnet.binance.vision/api/v3/exchangeInfo
2026-06-02 20:19:57: 2026-06-02 20:19:57,132 [ERROR] trader: Tick error: binance GET https://testnet.binance.vision/api/v3/exchangeInfo
2026-06-02 20:20:57: 2026-06-02 20:20:57,137 [ERROR] trader: Tick error: binance GET https://testnet.binance.vision/api/v3/exchangeInfo
2026-06-02 20:21:57: 2026-06-02 20:21:57,153 [ERROR] trader: Tick error: binance GET https://testnet.binance.vision/api/v3/exchangeInfo
2026-06-02 20:22:57: 2026-06-02 20:22:57,155 [ERROR] trader: Tick error: binance GET https://testnet.binance.vision/api/v3/exchangeInfo
2026-06-02 20:23:57: 2026-06-02 20:23:57,168 [ERROR] trader: Tick error: binance GET https://testnet.binance.vision/api/v3/exchangeInfo
2026-06-02 20:24:57: 2026-06-02 20:24:57,176 [ERROR] trader: Tick error: binance GET https://testnet.binance.vision/api/v3/exchangeInfo
2026-06-02 20:25:57: 2026-06-02 20:25:57,183 [ERROR] trader: Tick error: binance GET https://testnet.binance.vision/api/v3/exchangeInfo
2026-06-02 20:26:57: 2026-06-02 20:26:57,200 [ERROR] trader: Tick error: binance GET https://testnet.binance.vision/api/v3/exchangeInfo
2026-06-02 20:27:57: 2026-06-02 20:27:57,207 [ERROR] trader: Tick error: binance GET https://testnet.binance.vision/api/v3/exchangeInfo
2026-06-02 20:28:57: 2026-06-02 20:28:57,213 [ERROR] trader: Tick error: binance GET https://testnet.binance.vision/api/v3/exchangeInfo
2026-06-02 20:29:57: 2026-06-02 20:29:57,231 [ERROR] trader: Tick error: binance GET https://testnet.binance.vision/api/v3/exchangeInfo
2026-06-02 20:30:57: 2026-06-02 20:30:57,250 [ERROR] trader: Tick error: binance GET https://testnet.binance.vision/api/v3/exchangeInfo
2026-06-02 20:31:57: 2026-06-02 20:31:57,266 [ERROR] trader: Tick error: binance GET https://testnet.binance.vision/api/v3/exchangeInfo
2026-06-02 20:32:57: 2026-06-02 20:32:57,274 [ERROR] trader: Tick error: binance GET https://testnet.binance.vision/api/v3/exchangeInfo
2026-06-02 20:33:57: 2026-06-02 20:33:57,285 [ERROR] trader: Tick error: binance GET https://testnet.binance.vision/api/v3/exchangeInfo
2026-06-02 20:34:57: 2026-06-02 20:34:57,295 [ERROR] trader: Tick error: binance GET https://testnet.binance.vision/api/v3/exchangeInfo
2026-06-02 20:35:57: 2026-06-02 20:35:57,311 [ERROR] trader: Tick error: binance GET https://testnet.binance.vision/api/v3/exchangeInfo
2026-06-02 20:36:57: 2026-06-02 20:36:57,328 [ERROR] trader: Tick error: binance GET https://testnet.binance.vision/api/v3/exchangeInfo
2026-06-02 20:37:57: 2026-06-02 20:37:57,334 [ERROR] trader: Tick error: binance GET https://testnet.binance.vision/api/v3/exchangeInfo
2026-06-02 20:38:57: 2026-06-02 20:38:57,339 [ERROR] trader: Tick error: binance GET https://testnet.binance.vision/api/v3/exchangeInfo
2026-06-02 20:39:57: 2026-06-02 20:39:57,345 [ERROR] trader: Tick error: binance GET https://testnet.binance.vision/api/v3/exchangeInfo
2026-06-02 20:40:57: 2026-06-02 20:40:57,355 [ERROR] trader: Tick error: binance GET https://testnet.binance.vision/api/v3/exchangeInfo
2026-06-02 20:41:57: 2026-06-02 20:41:57,373 [ERROR] trader: Tick error: binance GET https://testnet.binance.vision/api/v3/exchangeInfo
2026-06-02 20:42:57: 2026-06-02 20:42:57,384 [ERROR] trader: Tick error: binance GET https://testnet.binance.vision/api/v3/exchangeInfo
2026-06-02 20:43:57: 2026-06-02 20:43:57,395 [ERROR] trader: Tick error: binance GET https://testnet.binance.vision/api/v3/exchangeInfo
2026-06-02 20:44:57: 2026-06-02 20:44:57,410 [ERROR] trader: Tick error: binance GET https://testnet.binance.vision/api/v3/exchangeInfo
2026-06-02 20:45:57: 2026-06-02 20:45:57,427 [ERROR] trader: Tick error: binance GET https://testnet.binance.vision/api/v3/exchangeInfo
2026-06-02 20:46:57: 2026-06-02 20:46:57,435 [ERROR] trader: Tick error: binance GET https://testnet.binance.vision/api/v3/exchangeInfo
2026-06-02 20:47:57: 2026-06-02 20:47:57,438 [ERROR] trader: Tick error: binance GET https://testnet.binance.vision/api/v3/exchangeInfo
2026-06-02 20:48:57: 2026-06-02 20:48:57,445 [ERROR] trader: Tick error: binance GET https://testnet.binance.vision/api/v3/exchangeInfo
2026-06-02 20:49:57: 2026-06-02 20:49:57,453 [ERROR] trader: Tick error: binance GET https://testnet.binance.vision/api/v3/exchangeInfo
2026-06-02 20:50:57: 2026-06-02 20:50:57,456 [ERROR] trader: Tick error: binance GET https://testnet.binance.vision/api/v3/exchangeInfo
2026-06-02 20:51:57: 2026-06-02 20:51:57,470 [ERROR] trader: Tick error: binance GET https://testnet.binance.vision/api/v3/exchangeInfo
2026-06-02 20:52:57: 2026-06-02 20:52:57,486 [ERROR] trader: Tick error: binance GET https://testnet.binance.vision/api/v3/exchangeInfo
2026-06-02 20:53:57: 2026-06-02 20:53:57,496 [ERROR] trader: Tick error: binance GET https://testnet.binance.vision/api/v3/exchangeInfo
2026-06-02 20:54:57: 2026-06-02 20:54:57,499 [ERROR] trader: Tick error: binance GET https://testnet.binance.vision/api/v3/exchangeInfo
2026-06-02 20:55:57: 2026-06-02 20:55:57,516 [ERROR] trader: Tick error: binance GET https://testnet.binance.vision/api/v3/exchangeInfo
2026-06-02 20:56:57: 2026-06-02 20:56:57,530 [ERROR] trader: Tick error: binance GET https://testnet.binance.vision/api/v3/exchangeInfo
2026-06-02 20:57:57: 2026-06-02 20:57:57,544 [ERROR] trader: Tick error: binance GET https://testnet.binance.vision/api/v3/exchangeInfo
2026-06-02 20:58:57: 2026-06-02 20:58:57,556 [ERROR] trader: Tick error: binance GET https://testnet.binance.vision/api/v3/exchangeInfo
2026-06-02 20:59:57: 2026-06-02 20:59:57,584 [ERROR] trader: Tick error: binance GET https://testnet.binance.vision/api/v3/exchangeInfo
2026-06-02 21:00:57: 2026-06-02 21:00:57,603 [ERROR] trader: Tick error: binance GET https://testnet.binance.vision/api/v3/exchangeInfo
2026-06-02 21:01:57: 2026-06-02 21:01:57,620 [ERROR] trader: Tick error: binance GET https://testnet.binance.vision/api/v3/exchangeInfo
2026-06-02 21:02:57: 2026-06-02 21:02:57,642 [ERROR] trader: Tick error: binance GET https://testnet.binance.vision/api/v3/exchangeInfo
2026-06-02 21:03:57: 2026-06-02 21:03:57,656 [ERROR] trader: Tick error: binance GET https://testnet.binance.vision/api/v3/exchangeInfo
2026-06-02 21:04:57: 2026-06-02 21:04:57,659 [ERROR] trader: Tick error: binance GET https://testnet.binance.vision/api/v3/exchangeInfo
2026-06-02 21:05:57: 2026-06-02 21:05:57,665 [ERROR] trader: Tick error: binance GET https://testnet.binance.vision/api/v3/exchangeInfo
2026-06-02 21:06:57: 2026-06-02 21:06:57,679 [ERROR] trader: Tick error: binance GET https://testnet.binance.vision/api/v3/exchangeInfo
2026-06-02 21:07:57: 2026-06-02 21:07:57,695 [ERROR] trader: Tick error: binance GET https://testnet.binance.vision/api/v3/exchangeInfo
2026-06-02 21:08:57: 2026-06-02 21:08:57,704 [ERROR] trader: Tick error: binance GET https://testnet.binance.vision/api/v3/exchangeInfo
2026-06-02 21:09:57: 2026-06-02 21:09:57,713 [ERROR] trader: Tick error: binance GET https://testnet.binance.vision/api/v3/exchangeInfo
2026-06-02 21:10:57: 2026-06-02 21:10:57,725 [ERROR] trader: Tick error: binance GET https://testnet.binance.vision/api/v3/exchangeInfo
2026-06-02 21:11:57: 2026-06-02 21:11:57,728 [ERROR] trader: Tick error: binance GET https://testnet.binance.vision/api/v3/exchangeInfo
2026-06-02 21:12:57: 2026-06-02 21:12:57,742 [ERROR] trader: Tick error: binance GET https://testnet.binance.vision/api/v3/exchangeInfo
2026-06-02 21:13:57: 2026-06-02 21:13:57,745 [ERROR] trader: Tick error: binance GET https://testnet.binance.vision/api/v3/exchangeInfo
2026-06-02 21:14:57: 2026-06-02 21:14:57,758 [ERROR] trader: Tick error: binance GET https://testnet.binance.vision/api/v3/exchangeInfo
2026-06-02 21:15:57: 2026-06-02 21:15:57,774 [ERROR] trader: Tick error: binance GET https://testnet.binance.vision/api/v3/exchangeInfo
2026-06-02 21:52:09: 2026-06-02 21:52:09,416 [ERROR] trader: Tick error: binance GET https://testnet.binance.vision/api/v3/klines?interval=1h&limit=50&symbol=BTCUSDT
2026-06-02 23:17:59: 2026-06-02 23:17:59,181 [ERROR] trader: Tick error: binance GET https://testnet.binance.vision/api/v3/klines?interval=1h&limit=50&symbol=BTCUSDT
2026-06-02 23:26:02: INFO:     Started server process [17800]
2026-06-02 23:26:02: INFO:     Waiting for application startup.
2026-06-02 23:26:02: 2026-06-02 23:26:02,000 [INFO] trader: Strategy loop started \u2014 EMA 9/21 on BTC/USDT 1h
2026-06-02 23:26:02: INFO:     Application startup complete.
2026-06-02 23:26:02: ERROR:    [Errno 10048] error while attempting to bind on address ('0.0.0.0', 8000): [winerror 10048] only one usage of each socket address (protocol/network address/port) is normally permitted
2026-06-02 23:26:02: INFO:     Waiting for application shutdown.
2026-06-02 23:26:02: INFO:     Application shutdown complete.
2026-06-02 23:26:09: INFO:     Started server process [3988]
2026-06-02 23:26:09: INFO:     Waiting for application startup.
2026-06-02 23:26:09: 2026-06-02 23:26:09,404 [INFO] trader: Strategy loop started \u2014 EMA 9/21 on BTC/USDT 1h
2026-06-02 23:26:09: INFO:     Application startup complete.
2026-06-02 23:26:09: ERROR:    [Errno 10048] error while attempting to bind on address ('0.0.0.0', 8000): [winerror 10048] only one usage of each socket address (protocol/network address/port) is normally permitted
2026-06-02 23:26:09: INFO:     Waiting for application shutdown.
2026-06-02 23:26:09: INFO:     Application shutdown complete.
2026-06-02 23:26:17: INFO:     Started server process [17004]
2026-06-02 23:26:17: INFO:     Waiting for application startup.
2026-06-02 23:26:17: 2026-06-02 23:26:17,266 [INFO] trader: Strategy loop started \u2014 EMA 9/21 on BTC/USDT 1h
2026-06-02 23:26:17: INFO:     Application startup complete.
2026-06-02 23:26:17: ERROR:    [Errno 10048] error while attempting to bind on address ('0.0.0.0', 8000): [winerror 10048] only one usage of each socket address (protocol/network address/port) is normally permitted
2026-06-02 23:26:17: INFO:     Waiting for application shutdown.
2026-06-02 23:26:17: INFO:     Application shutdown complete.
2026-06-02 23:26:25: INFO:     Started server process [25488]
2026-06-02 23:26:25: INFO:     Waiting for application startup.
2026-06-02 23:26:25: 2026-06-02 23:26:25,641 [INFO] trader: Strategy loop started \u2014 EMA 9/21 on BTC/USDT 1h
2026-06-02 23:26:25: INFO:     Application startup complete.
2026-06-02 23:26:25: ERROR:    [Errno 10048] error while attempting to bind on address ('0.0.0.0', 8000): [winerror 10048] only one usage of each socket address (protocol/network address/port) is normally permitted
2026-06-02 23:26:25: INFO:     Waiting for application shutdown.
2026-06-02 23:26:25: INFO:     Application shutdown complete.
2026-06-02 23:26:33: INFO:     Started server process [21184]
2026-06-02 23:26:33: INFO:     Waiting for application startup.
2026-06-02 23:26:33: 2026-06-02 23:26:33,665 [INFO] trader: Strategy loop started \u2014 EMA 9/21 on BTC/USDT 1h
2026-06-02 23:26:33: INFO:     Application startup complete.
2026-06-02 23:26:33: ERROR:    [Errno 10048] error while attempting to bind on address ('0.0.0.0', 8000): [winerror 10048] only one usage of each socket address (protocol/network address/port) is normally permitted
2026-06-02 23:26:33: INFO:     Waiting for application shutdown.
2026-06-02 23:26:33: INFO:     Application shutdown complete.
2026-06-02 23:26:41: INFO:     Started server process [23560]
2026-06-02 23:26:41: INFO:     Waiting for application startup.
2026-06-02 23:26:41: 2026-06-02 23:26:41,211 [INFO] trader: Strategy loop started \u2014 EMA 9/21 on BTC/USDT 1h
2026-06-02 23:26:41: INFO:     Application startup complete.
2026-06-02 23:26:41: ERROR:    [Errno 10048] error while attempting to bind on address ('0.0.0.0', 8000): [winerror 10048] only one usage of each socket address (protocol/network address/port) is normally permitted
2026-06-02 23:26:41: INFO:     Waiting for application shutdown.
2026-06-02 23:26:41: INFO:     Application shutdown complete.
2026-06-02 23:26:49: INFO:     Started server process [3192]
2026-06-02 23:26:49: INFO:     Waiting for application startup.
2026-06-02 23:26:49: 2026-06-02 23:26:49,101 [INFO] trader: Strategy loop started \u2014 EMA 9/21 on BTC/USDT 1h
2026-06-02 23:26:49: INFO:     Application startup complete.
2026-06-02 23:26:49: ERROR:    [Errno 10048] error while attempting to bind on address ('0.0.0.0', 8000): [winerror 10048] only one usage of each socket address (protocol/network address/port) is normally permitted
2026-06-02 23:26:49: INFO:     Waiting for application shutdown.
2026-06-02 23:26:49: INFO:     Application shutdown complete.
2026-06-02 23:26:57: INFO:     Started server process [23140]
2026-06-02 23:26:57: INFO:     Waiting for application startup.
2026-06-02 23:26:57: 2026-06-02 23:26:57,927 [INFO] trader: Strategy loop started \u2014 EMA 9/21 on BTC/USDT 1h
2026-06-02 23:26:57: INFO:     Application startup complete.
2026-06-02 23:26:57: ERROR:    [Errno 10048] error while attempting to bind on address ('0.0.0.0', 8000): [winerror 10048] only one usage of each socket address (protocol/network address/port) is normally permitted
2026-06-02 23:26:57: INFO:     Waiting for application shutdown.
2026-06-02 23:26:57: INFO:     Application shutdown complete.
2026-06-02 23:27:06: INFO:     Started server process [25216]
2026-06-02 23:27:06: INFO:     Waiting for application startup.
2026-06-02 23:27:06: 2026-06-02 23:27:06,320 [INFO] trader: Strategy loop started \u2014 EMA 9/21 on BTC/USDT 1h
2026-06-02 23:27:06: INFO:     Application startup complete.
2026-06-02 23:27:06: ERROR:    [Errno 10048] error while attempting to bind on address ('0.0.0.0', 8000): [winerror 10048] only one usage of each socket address (protocol/network address/port) is normally permitted
2026-06-02 23:27:06: INFO:     Waiting for application shutdown.
2026-06-02 23:27:06: INFO:     Application shutdown complete.
2026-06-02 23:27:15: INFO:     Started server process [5476]
2026-06-02 23:27:15: INFO:     Waiting for application startup.
2026-06-02 23:27:15: 2026-06-02 23:27:15,466 [INFO] trader: Strategy loop started \u2014 EMA 9/21 on BTC/USDT 1h
2026-06-02 23:27:15: INFO:     Application startup complete.
2026-06-02 23:27:15: ERROR:    [Errno 10048] error while attempting to bind on address ('0.0.0.0', 8000): [winerror 10048] only one usage of each socket address (protocol/network address/port) is normally permitted
2026-06-02 23:27:15: INFO:     Waiting for application shutdown.
2026-06-02 23:27:15: INFO:     Application shutdown complete.
2026-06-02 23:27:22: INFO:     Started server process [20112]
2026-06-02 23:27:22: INFO:     Waiting for application startup.
2026-06-02 23:27:22: 2026-06-02 23:27:22,810 [INFO] trader: Strategy loop started \u2014 EMA 9/21 on BTC/USDT 1h
2026-06-02 23:27:22: INFO:     Application startup complete.
2026-06-02 23:27:22: ERROR:    [Errno 10048] error while attempting to bind on address ('0.0.0.0', 8000): [winerror 10048] only one usage of each socket address (protocol/network address/port) is normally permitted
2026-06-02 23:27:22: INFO:     Waiting for application shutdown.
2026-06-02 23:27:22: INFO:     Application shutdown complete.
2026-06-02 23:27:30: INFO:     Started server process [9228]
2026-06-02 23:27:30: INFO:     Waiting for application startup.
2026-06-02 23:27:30: 2026-06-02 23:27:30,836 [INFO] trader: Strategy loop started \u2014 EMA 9/21 on BTC/USDT 1h
2026-06-02 23:27:30: INFO:     Application startup complete.
2026-06-02 23:27:30: ERROR:    [Errno 10048] error while attempting to bind on address ('0.0.0.0', 8000): [winerror 10048] only one usage of each socket address (protocol/network address/port) is normally permitted
2026-06-02 23:27:30: INFO:     Waiting for application shutdown.
2026-06-02 23:27:30: INFO:     Application shutdown complete.
2026-06-02 23:27:39: INFO:     Started server process [2192]
2026-06-02 23:27:39: INFO:     Waiting for application startup.
2026-06-02 23:27:39: 2026-06-02 23:27:39,162 [INFO] trader: Strategy loop started \u2014 EMA 9/21 on BTC/USDT 1h
2026-06-02 23:27:39: INFO:     Application startup complete.
2026-06-02 23:27:39: ERROR:    [Errno 10048] error while attempting to bind on address ('0.0.0.0', 8000): [winerror 10048] only one usage of each socket address (protocol/network address/port) is normally permitted
2026-06-02 23:27:39: INFO:     Waiting for application shutdown.
2026-06-02 23:27:39: INFO:     Application shutdown complete.
2026-06-02 23:27:47: INFO:     Started server process [22672]
2026-06-02 23:27:47: INFO:     Waiting for application startup.
2026-06-02 23:27:47: 2026-06-02 23:27:47,094 [INFO] trader: Strategy loop started \u2014 EMA 9/21 on BTC/USDT 1h
2026-06-02 23:27:47: INFO:     Application startup complete.
2026-06-02 23:27:47: ERROR:    [Errno 10048] error while attempting to bind on address ('0.0.0.0', 8000): [winerror 10048] only one usage of each socket address (protocol/network address/port) is normally permitted
2026-06-02 23:27:47: INFO:     Waiting for application shutdown.
2026-06-02 23:27:47: INFO:     Application shutdown complete.
2026-06-02 23:27:55: INFO:     Started server process [25528]
2026-06-02 23:27:55: INFO:     Waiting for application startup.
2026-06-02 23:27:55: 2026-06-02 23:27:55,038 [INFO] trader: Strategy loop started \u2014 EMA 9/21 on BTC/USDT 1h
2026-06-02 23:27:55: INFO:     Application startup complete.
2026-06-02 23:27:55: ERROR:    [Errno 10048] error while attempting to bind on address ('0.0.0.0', 8000): [winerror 10048] only one usage of each socket address (protocol/network address/port) is normally permitted
2026-06-02 23:27:55: INFO:     Waiting for application shutdown.
2026-06-02 23:27:55: INFO:     Application shutdown complete.
2026-06-02 23:28:02: INFO:     Started server process [20460]
2026-06-02 23:28:02: INFO:     Waiting for application startup.
2026-06-02 23:28:02: 2026-06-02 23:28:02,847 [INFO] trader: Strategy loop started \u2014 EMA 9/21 on BTC/USDT 1h
2026-06-02 23:28:02: INFO:     Application startup complete.
2026-06-02 23:28:02: ERROR:    [Errno 10048] error while attempting to bind on address ('0.0.0.0', 8000): [winerror 10048] only one usage of each socket address (protocol/network address/port) is normally permitted
2026-06-02 23:28:02: INFO:     Waiting for application shutdown.
2026-06-02 23:28:02: INFO:     Application shutdown complete.
2026-06-02 23:28:10: INFO:     Started server process [13132]
2026-06-02 23:28:10: INFO:     Waiting for application startup.
2026-06-02 23:28:10: 2026-06-02 23:28:10,886 [INFO] trader: Strategy loop started \u2014 EMA 9/21 on BTC/USDT 1h
2026-06-02 23:28:10: INFO:     Application startup complete.
2026-06-02 23:28:10: ERROR:    [Errno 10048] error while attempting to bind on address ('0.0.0.0', 8000): [winerror 10048] only one usage of each socket address (protocol/network address/port) is normally permitted
2026-06-02 23:28:10: INFO:     Waiting for application shutdown.
2026-06-02 23:28:10: INFO:     Application shutdown complete.
2026-06-02 23:28:18: INFO:     Started server process [25856]
2026-06-02 23:28:18: INFO:     Waiting for application startup.
2026-06-02 23:28:18: 2026-06-02 23:28:18,886 [INFO] trader: Strategy loop started \u2014 EMA 9/21 on BTC/USDT 1h
2026-06-02 23:28:18: INFO:     Application startup complete.
2026-06-02 23:28:18: ERROR:    [Errno 10048] error while attempting to bind on address ('0.0.0.0', 8000): [winerror 10048] only one usage of each socket address (protocol/network address/port) is normally permitted
2026-06-02 23:28:18: INFO:     Waiting for application shutdown.
2026-06-02 23:28:18: INFO:     Application shutdown complete.
2026-06-02 23:28:27: INFO:     Started server process [7700]
2026-06-02 23:28:27: INFO:     Waiting for application startup.
2026-06-02 23:28:27: 2026-06-02 23:28:27,004 [INFO] trader: Strategy loop started \u2014 EMA 9/21 on BTC/USDT 1h
2026-06-02 23:28:27: INFO:     Application startup complete.
2026-06-02 23:28:27: ERROR:    [Errno 10048] error while attempting to bind on address ('0.0.0.0', 8000): [winerror 10048] only one usage of each socket address (protocol/network address/port) is normally permitted
2026-06-02 23:28:27: INFO:     Waiting for application shutdown.
2026-06-02 23:28:27: INFO:     Application shutdown complete.
2026-06-02 23:28:35: INFO:     Started server process [26564]
2026-06-02 23:28:35: INFO:     Waiting for application startup.
2026-06-02 23:28:35: 2026-06-02 23:28:35,064 [INFO] trader: Strategy loop started \u2014 EMA 9/21 on BTC/USDT 1h
2026-06-02 23:28:35: INFO:     Application startup complete.
2026-06-02 23:28:35: ERROR:    [Errno 10048] error while attempting to bind on address ('0.0.0.0', 8000): [winerror 10048] only one usage of each socket address (protocol/network address/port) is normally permitted
2026-06-02 23:28:35: INFO:     Waiting for application shutdown.
2026-06-02 23:28:35: INFO:     Application shutdown complete.
2026-06-02 23:28:42: INFO:     Started server process [21528]
2026-06-02 23:28:42: INFO:     Waiting for application startup.
2026-06-02 23:28:42: 2026-06-02 23:28:42,905 [INFO] trader: Strategy loop started \u2014 EMA 9/21 on BTC/USDT 1h
2026-06-02 23:28:42: INFO:     Application startup complete.
2026-06-02 23:28:42: ERROR:    [Errno 10048] error while attempting to bind on address ('0.0.0.0', 8000): [winerror 10048] only one usage of each socket address (protocol/network address/port) is normally permitted
2026-06-02 23:28:42: INFO:     Waiting for application shutdown.
2026-06-02 23:28:42: INFO:     Application shutdown complete.
2026-06-02 23:28:50: INFO:     Started server process [7828]
2026-06-02 23:28:50: INFO:     Waiting for application startup.
2026-06-02 23:28:50: 2026-06-02 23:28:50,859 [INFO] trader: Strategy loop started \u2014 EMA 9/21 on BTC/USDT 1h
2026-06-02 23:28:50: INFO:     Application startup complete.
2026-06-02 23:28:50: ERROR:    [Errno 10048] error while attempting to bind on address ('0.0.0.0', 8000): [winerror 10048] only one usage of each socket address (protocol/network address/port) is normally permitted
2026-06-02 23:28:50: INFO:     Waiting for application shutdown.
2026-06-02 23:28:50: INFO:     Application shutdown complete.
2026-06-02 23:28:58: INFO:     Started server process [5192]
2026-06-02 23:28:58: INFO:     Waiting for application startup.
2026-06-02 23:28:58: 2026-06-02 23:28:58,833 [INFO] trader: Strategy loop started \u2014 EMA 9/21 on BTC/USDT 1h
2026-06-02 23:28:58: INFO:     Application startup complete.
2026-06-02 23:28:58: ERROR:    [Errno 10048] error while attempting to bind on address ('0.0.0.0', 8000): [winerror 10048] only one usage of each socket address (protocol/network address/port) is normally permitted
2026-06-02 23:28:58: INFO:     Waiting for application shutdown.
2026-06-02 23:28:58: INFO:     Application shutdown complete.
2026-06-02 23:29:06: INFO:     Started server process [5784]
2026-06-02 23:29:06: INFO:     Waiting for application startup.
2026-06-02 23:29:06: 2026-06-02 23:29:06,693 [INFO] trader: Strategy loop started \u2014 EMA 9/21 on BTC/USDT 1h
2026-06-02 23:29:06: INFO:     Application startup complete.
2026-06-02 23:29:06: ERROR:    [Errno 10048] error while attempting to bind on address ('0.0.0.0', 8000): [winerror 10048] only one usage of each socket address (protocol/network address/port) is normally permitted
2026-06-02 23:29:06: INFO:     Waiting for application shutdown.
2026-06-02 23:29:06: INFO:     Application shutdown complete.
2026-06-02 23:29:14: INFO:     Started server process [20576]
2026-06-02 23:29:14: INFO:     Waiting for application startup.
2026-06-02 23:29:14: 2026-06-02 23:29:14,718 [INFO] trader: Strategy loop started \u2014 EMA 9/21 on BTC/USDT 1h
2026-06-02 23:29:14: INFO:     Application startup complete.
2026-06-02 23:29:14: ERROR:    [Errno 10048] error while attempting to bind on address ('0.0.0.0', 8000): [winerror 10048] only one usage of each socket address (protocol/network address/port) is normally permitted
2026-06-02 23:29:14: INFO:     Waiting for application shutdown.
2026-06-02 23:29:14: INFO:     Application shutdown complete.
2026-06-02 23:29:23: INFO:     Started server process [9496]
2026-06-02 23:29:23: INFO:     Waiting for application startup.
2026-06-02 23:29:23: 2026-06-02 23:29:23,031 [INFO] trader: Strategy loop started \u2014 EMA 9/21 on BTC/USDT 1h
2026-06-02 23:29:23: INFO:     Application startup complete.
2026-06-02 23:29:23: ERROR:    [Errno 10048] error while attempting to bind on address ('0.0.0.0', 8000): [winerror 10048] only one usage of each socket address (protocol/network address/port) is normally permitted
2026-06-02 23:29:23: INFO:     Waiting for application shutdown.
2026-06-02 23:29:23: INFO:     Application shutdown complete.
2026-06-02 23:29:31: INFO:     Started server process [23580]
2026-06-02 23:29:31: INFO:     Waiting for application startup.
2026-06-02 23:29:31: 2026-06-02 23:29:31,585 [INFO] trader: Strategy loop started \u2014 EMA 9/21 on BTC/USDT 1h
2026-06-02 23:29:31: INFO:     Application startup complete.
2026-06-02 23:29:31: ERROR:    [Errno 10048] error while attempting to bind on address ('0.0.0.0', 8000): [winerror 10048] only one usage of each socket address (protocol/network address/port) is normally permitted
2026-06-02 23:29:31: INFO:     Waiting for application shutdown.
2026-06-02 23:29:31: INFO:     Application shutdown complete.
2026-06-02 23:29:40: INFO:     Started server process [20288]
2026-06-02 23:29:40: INFO:     Waiting for application startup.
2026-06-02 23:29:40: 2026-06-02 23:29:40,006 [INFO] trader: Strategy loop started \u2014 EMA 9/21 on BTC/USDT 1h
2026-06-02 23:29:40: INFO:     Application startup complete.
2026-06-02 23:29:40: ERROR:    [Errno 10048] error while attempting to bind on address ('0.0.0.0', 8000): [winerror 10048] only one usage of each socket address (protocol/network address/port) is normally permitted
2026-06-02 23:29:40: INFO:     Waiting for application shutdown.
2026-06-02 23:29:40: INFO:     Application shutdown complete.
2026-06-02 23:29:47: INFO:     Started server process [18164]
2026-06-02 23:29:47: INFO:     Waiting for application startup.
2026-06-02 23:29:47: 2026-06-02 23:29:47,799 [INFO] trader: Strategy loop started \u2014 EMA 9/21 on BTC/USDT 1h
2026-06-02 23:29:47: INFO:     Application startup complete.
2026-06-02 23:29:47: ERROR:    [Errno 10048] error while attempting to bind on address ('0.0.0.0', 8000): [winerror 10048] only one usage of each socket address (protocol/network address/port) is normally permitted
2026-06-02 23:29:47: INFO:     Waiting for application shutdown.
2026-06-02 23:29:47: INFO:     Application shutdown complete.
2026-06-02 23:29:55: INFO:     Started server process [22632]
2026-06-02 23:29:55: INFO:     Waiting for application startup.
2026-06-02 23:29:55: 2026-06-02 23:29:55,751 [INFO] trader: Strategy loop started \u2014 EMA 9/21 on BTC/USDT 1h
2026-06-02 23:29:55: INFO:     Application startup complete.
2026-06-02 23:29:55: ERROR:    [Errno 10048] error while attempting to bind on address ('0.0.0.0', 8000): [winerror 10048] only one usage of each socket address (protocol/network address/port) is normally permitted
2026-06-02 23:29:55: INFO:     Waiting for application shutdown.
2026-06-02 23:29:55: INFO:     Application shutdown complete.
2026-06-02 23:30:03: INFO:     Started server process [2164]
2026-06-02 23:30:03: INFO:     Waiting for application startup.
2026-06-02 23:30:03: 2026-06-02 23:30:03,682 [INFO] trader: Strategy loop started \u2014 EMA 9/21 on BTC/USDT 1h
2026-06-02 23:30:03: INFO:     Application startup complete.
2026-06-02 23:30:03: ERROR:    [Errno 10048] error while attempting to bind on address ('0.0.0.0', 8000): [winerror 10048] only one usage of each socket address (protocol/network address/port) is normally permitted
2026-06-02 23:30:03: INFO:     Waiting for application shutdown.
2026-06-02 23:30:03: INFO:     Application shutdown complete.
2026-06-02 23:30:11: INFO:     Started server process [17364]
2026-06-02 23:30:11: INFO:     Waiting for application startup.
2026-06-02 23:30:11: 2026-06-02 23:30:11,584 [INFO] trader: Strategy loop started \u2014 EMA 9/21 on BTC/USDT 1h
2026-06-02 23:30:11: INFO:     Application startup complete.
2026-06-02 23:30:11: ERROR:    [Errno 10048] error while attempting to bind on address ('0.0.0.0', 8000): [winerror 10048] only one usage of each socket address (protocol/network address/port) is normally permitted
2026-06-02 23:30:11: INFO:     Waiting for application shutdown.
2026-06-02 23:30:11: INFO:     Application shutdown complete.
2026-06-02 23:30:19: INFO:     Started server process [1620]
2026-06-02 23:30:19: INFO:     Waiting for application startup.
2026-06-02 23:30:19: 2026-06-02 23:30:19,334 [INFO] trader: Strategy loop started \u2014 EMA 9/21 on BTC/USDT 1h
2026-06-02 23:30:19: INFO:     Application startup complete.
2026-06-02 23:30:19: ERROR:    [Errno 10048] error while attempting to bind on address ('0.0.0.0', 8000): [winerror 10048] only one usage of each socket address (protocol/network address/port) is normally permitted
2026-06-02 23:30:19: INFO:     Waiting for application shutdown.
2026-06-02 23:30:19: INFO:     Application shutdown complete.
2026-06-02 23:30:27: INFO:     Started server process [9972]
2026-06-02 23:30:27: INFO:     Waiting for application startup.
2026-06-02 23:30:27: 2026-06-02 23:30:27,556 [INFO] trader: Strategy loop started \u2014 EMA 9/21 on BTC/USDT 1h
2026-06-02 23:30:27: INFO:     Application startup complete.
2026-06-02 23:30:27: ERROR:    [Errno 10048] error while attempting to bind on address ('0.0.0.0', 8000): [winerror 10048] only one usage of each socket address (protocol/network address/port) is normally permitted
2026-06-02 23:30:27: INFO:     Waiting for application shutdown.
2026-06-02 23:30:27: INFO:     Application shutdown complete.
2026-06-02 23:30:35: INFO:     Started server process [13084]
2026-06-02 23:30:35: INFO:     Waiting for application startup.
2026-06-02 23:30:35: 2026-06-02 23:30:35,430 [INFO] trader: Strategy loop started \u2014 EMA 9/21 on BTC/USDT 1h
2026-06-02 23:30:35: INFO:     Application startup complete.
2026-06-02 23:30:35: ERROR:    [Errno 10048] error while attempting to bind on address ('0.0.0.0', 8000): [winerror 10048] only one usage of each socket address (protocol/network address/port) is normally permitted
2026-06-02 23:30:35: INFO:     Waiting for application shutdown.
2026-06-02 23:30:35: INFO:     Application shutdown complete.
2026-06-02 23:30:43: INFO:     Started server process [16736]
2026-06-02 23:30:43: INFO:     Waiting for application startup.
2026-06-02 23:30:43: 2026-06-02 23:30:43,514 [INFO] trader: Strategy loop started \u2014 EMA 9/21 on BTC/USDT 1h
2026-06-02 23:30:43: INFO:     Application startup complete.
2026-06-02 23:30:43: ERROR:    [Errno 10048] error while attempting to bind on address ('0.0.0.0', 8000): [winerror 10048] only one usage of each socket address (protocol/network address/port) is normally permitted
2026-06-02 23:30:43: INFO:     Waiting for application shutdown.
2026-06-02 23:30:43: INFO:     Application shutdown complete.
2026-06-02 23:30:51: INFO:     Started server process [8392]
2026-06-02 23:30:51: INFO:     Waiting for application startup.
2026-06-02 23:30:51: 2026-06-02 23:30:51,358 [INFO] trader: Strategy loop started \u2014 EMA 9/21 on BTC/USDT 1h
2026-06-02 23:30:51: INFO:     Application startup complete.
2026-06-02 23:30:51: ERROR:    [Errno 10048] error while attempting to bind on address ('0.0.0.0', 8000): [winerror 10048] only one usage of each socket address (protocol/network address/port) is normally permitted
2026-06-02 23:30:51: INFO:     Waiting for application shutdown.
2026-06-02 23:30:51: INFO:     Application shutdown complete.
2026-06-02 23:30:59: INFO:     Started server process [15224]
2026-06-02 23:30:59: INFO:     Waiting for application startup.
2026-06-02 23:30:59: 2026-06-02 23:30:59,336 [INFO] trader: Strategy loop started \u2014 EMA 9/21 on BTC/USDT 1h
2026-06-02 23:30:59: INFO:     Application startup complete.
2026-06-02 23:30:59: ERROR:    [Errno 10048] error while attempting to bind on address ('0.0.0.0', 8000): [winerror 10048] only one usage of each socket address (protocol/network address/port) is normally permitted
2026-06-02 23:30:59: INFO:     Waiting for application shutdown.
2026-06-02 23:30:59: INFO:     Application shutdown complete.
2026-06-02 23:31:09: INFO:     Started server process [13964]
2026-06-02 23:31:09: INFO:     Waiting for application startup.
2026-06-02 23:31:09: 2026-06-02 23:31:09,275 [INFO] trader: Strategy loop started \u2014 EMA 9/21 on BTC/USDT 1h
2026-06-02 23:31:09: INFO:     Application startup complete.
2026-06-02 23:31:09: ERROR:    [Errno 10048] error while attempting to bind on address ('0.0.0.0', 8000): [winerror 10048] only one usage of each socket address (protocol/network address/port) is normally permitted
2026-06-02 23:31:09: INFO:     Waiting for application shutdown.
2026-06-02 23:31:09: INFO:     Application shutdown complete.
2026-06-02 23:31:17: INFO:     Started server process [24316]
2026-06-02 23:31:17: INFO:     Waiting for application startup.
2026-06-02 23:31:17: 2026-06-02 23:31:17,359 [INFO] trader: Strategy loop started \u2014 EMA 9/21 on BTC/USDT 1h
2026-06-02 23:31:17: INFO:     Application startup complete.
2026-06-02 23:31:17: ERROR:    [Errno 10048] error while attempting to bind on address ('0.0.0.0', 8000): [winerror 10048] only one usage of each socket address (protocol/network address/port) is normally permitted
2026-06-02 23:31:17: INFO:     Waiting for application shutdown.
2026-06-02 23:31:17: INFO:     Application shutdown complete.
2026-06-02 23:31:24: INFO:     Started server process [7036]
2026-06-02 23:31:24: INFO:     Waiting for application startup.
2026-06-02 23:31:24: 2026-06-02 23:31:24,931 [INFO] trader: Strategy loop started \u2014 EMA 9/21 on BTC/USDT 1h
2026-06-02 23:31:24: INFO:     Application startup complete.
2026-06-02 23:31:24: ERROR:    [Errno 10048] error while attempting to bind on address ('0.0.0.0', 8000): [winerror 10048] only one usage of each socket address (protocol/network address/port) is normally permitted
2026-06-02 23:31:24: INFO:     Waiting for application shutdown.
2026-06-02 23:31:24: INFO:     Application shutdown complete.
2026-06-02 23:31:32: INFO:     Started server process [26228]
2026-06-02 23:31:32: INFO:     Waiting for application startup.
2026-06-02 23:31:32: 2026-06-02 23:31:32,796 [INFO] trader: Strategy loop started \u2014 EMA 9/21 on BTC/USDT 1h
2026-06-02 23:31:32: INFO:     Application startup complete.
2026-06-02 23:31:32: ERROR:    [Errno 10048] error while attempting to bind on address ('0.0.0.0', 8000): [winerror 10048] only one usage of each socket address (protocol/network address/port) is normally permitted
2026-06-02 23:31:32: INFO:     Waiting for application shutdown.
2026-06-02 23:31:32: INFO:     Application shutdown complete.
2026-06-02 23:31:42: INFO:     Started server process [5428]
2026-06-02 23:31:42: INFO:     Waiting for application startup.
2026-06-02 23:31:42: 2026-06-02 23:31:42,596 [INFO] trader: Strategy loop started \u2014 EMA 9/21 on BTC/USDT 1h
2026-06-02 23:31:42: INFO:     Application startup complete.
2026-06-02 23:31:42: ERROR:    [Errno 10048] error while attempting to bind on address ('0.0.0.0', 8000): [winerror 10048] only one usage of each socket address (protocol/network address/port) is normally permitted
2026-06-02 23:31:42: INFO:     Waiting for application shutdown.
2026-06-02 23:31:42: INFO:     Application shutdown complete.
2026-06-02 23:31:50: INFO:     Started server process [10376]
2026-06-02 23:31:50: INFO:     Waiting for application startup.
2026-06-02 23:31:50: 2026-06-02 23:31:50,592 [INFO] trader: Strategy loop started \u2014 EMA 9/21 on BTC/USDT 1h
2026-06-02 23:31:50: INFO:     Application startup complete.
2026-06-02 23:31:50: ERROR:    [Errno 10048] error while attempting to bind on address ('0.0.0.0', 8000): [winerror 10048] only one usage of each socket address (protocol/network address/port) is normally permitted
2026-06-02 23:31:50: INFO:     Waiting for application shutdown.
2026-06-02 23:31:50: INFO:     Application shutdown complete.
2026-06-02 23:31:58: INFO:     Started server process [972]
2026-06-02 23:31:58: INFO:     Waiting for application startup.
2026-06-02 23:31:58: 2026-06-02 23:31:58,448 [INFO] trader: Strategy loop started \u2014 EMA 9/21 on BTC/USDT 1h
2026-06-02 23:31:58: INFO:     Application startup complete.
2026-06-02 23:31:58: ERROR:    [Errno 10048] error while attempting to bind on address ('0.0.0.0', 8000): [winerror 10048] only one usage of each socket address (protocol/network address/port) is normally permitted
2026-06-02 23:31:58: INFO:     Waiting for application shutdown.
2026-06-02 23:31:58: INFO:     Application shutdown complete.
2026-06-02 23:32:06: INFO:     Started server process [17872]
2026-06-02 23:32:06: INFO:     Waiting for application startup.
2026-06-02 23:32:06: 2026-06-02 23:32:06,273 [INFO] trader: Strategy loop started \u2014 EMA 9/21 on BTC/USDT 1h
2026-06-02 23:32:06: INFO:     Application startup complete.
2026-06-02 23:32:06: ERROR:    [Errno 10048] error while attempting to bind on address ('0.0.0.0', 8000): [winerror 10048] only one usage of each socket address (protocol/network address/port) is normally permitted
2026-06-02 23:32:06: INFO:     Waiting for application shutdown.
2026-06-02 23:32:06: INFO:     Application shutdown complete.
2026-06-02 23:32:13: INFO:     Started server process [4920]
2026-06-02 23:32:13: INFO:     Waiting for application startup.
2026-06-02 23:32:13: 2026-06-02 23:32:13,641 [INFO] trader: Strategy loop started \u2014 EMA 9/21 on BTC/USDT 1h
2026-06-02 23:32:13: INFO:     Application startup complete.
2026-06-02 23:32:13: ERROR:    [Errno 10048] error while attempting to bind on address ('0.0.0.0', 8000): [winerror 10048] only one usage of each socket address (protocol/network address/port) is normally permitted
2026-06-02 23:32:13: INFO:     Waiting for application shutdown.
2026-06-02 23:32:13: INFO:     Application shutdown complete.
2026-06-02 23:32:21: INFO:     Started server process [6816]
2026-06-02 23:32:21: INFO:     Waiting for application startup.
2026-06-02 23:32:21: 2026-06-02 23:32:21,664 [INFO] trader: Strategy loop started \u2014 EMA 9/21 on BTC/USDT 1h
2026-06-02 23:32:21: INFO:     Application startup complete.
2026-06-02 23:32:21: ERROR:    [Errno 10048] error while attempting to bind on address ('0.0.0.0', 8000): [winerror 10048] only one usage of each socket address (protocol/network address/port) is normally permitted
2026-06-02 23:32:21: INFO:     Waiting for application shutdown.
2026-06-02 23:32:21: INFO:     Application shutdown complete.
2026-06-02 23:32:29: INFO:     Started server process [24856]
2026-06-02 23:32:29: INFO:     Waiting for application startup.
2026-06-02 23:32:29: 2026-06-02 23:32:29,393 [INFO] trader: Strategy loop started \u2014 EMA 9/21 on BTC/USDT 1h
2026-06-02 23:32:29: INFO:     Application startup complete.
2026-06-02 23:32:29: ERROR:    [Errno 10048] error while attempting to bind on address ('0.0.0.0', 8000): [winerror 10048] only one usage of each socket address (protocol/network address/port) is normally permitted
2026-06-02 23:32:29: INFO:     Waiting for application shutdown.
2026-06-02 23:32:29: INFO:     Application shutdown complete.
2026-06-02 23:32:38: INFO:     Started server process [9456]
2026-06-02 23:32:38: INFO:     Waiting for application startup.
2026-06-02 23:32:38: 2026-06-02 23:32:38,321 [INFO] trader: Strategy loop started \u2014 EMA 9/21 on BTC/USDT 1h
2026-06-02 23:32:38: INFO:     Application startup complete.
2026-06-02 23:32:38: ERROR:    [Errno 10048] error while attempting to bind on address ('0.0.0.0', 8000): [winerror 10048] only one usage of each socket address (protocol/network address/port) is normally permitted
2026-06-02 23:32:38: INFO:     Waiting for application shutdown.
2026-06-02 23:32:38: INFO:     Application shutdown complete.
2026-06-02 23:32:46: INFO:     Started server process [16172]
2026-06-02 23:32:46: INFO:     Waiting for application startup.
2026-06-02 23:32:46: 2026-06-02 23:32:46,206 [INFO] trader: Strategy loop started \u2014 EMA 9/21 on BTC/USDT 1h
2026-06-02 23:32:46: INFO:     Application startup complete.
2026-06-02 23:32:46: ERROR:    [Errno 10048] error while attempting to bind on address ('0.0.0.0', 8000): [winerror 10048] only one usage of each socket address (protocol/network address/port) is normally permitted
2026-06-02 23:32:46: INFO:     Waiting for application shutdown.
2026-06-02 23:32:46: INFO:     Application shutdown complete.
2026-06-02 23:32:54: INFO:     Started server process [24348]
2026-06-02 23:32:54: INFO:     Waiting for application startup.
2026-06-02 23:32:54: 2026-06-02 23:32:54,158 [INFO] trader: Strategy loop started \u2014 EMA 9/21 on BTC/USDT 1h
2026-06-02 23:32:54: INFO:     Application startup complete.
2026-06-02 23:32:54: ERROR:    [Errno 10048] error while attempting to bind on address ('0.0.0.0', 8000): [winerror 10048] only one usage of each socket address (protocol/network address/port) is normally permitted
2026-06-02 23:32:54: INFO:     Waiting for application shutdown.
2026-06-02 23:32:54: INFO:     Application shutdown complete.
2026-06-02 23:33:01: INFO:     Started server process [24136]
2026-06-02 23:33:01: INFO:     Waiting for application startup.
2026-06-02 23:33:01: 2026-06-02 23:33:01,841 [INFO] trader: Strategy loop started \u2014 EMA 9/21 on BTC/USDT 1h
2026-06-02 23:33:01: INFO:     Application startup complete.
2026-06-02 23:33:01: ERROR:    [Errno 10048] error while attempting to bind on address ('0.0.0.0', 8000): [winerror 10048] only one usage of each socket address (protocol/network address/port) is normally permitted
2026-06-02 23:33:01: INFO:     Waiting for application shutdown.
2026-06-02 23:33:01: INFO:     Application shutdown complete.
2026-06-02 23:33:09: INFO:     Started server process [28256]
2026-06-02 23:33:09: INFO:     Waiting for application startup.
2026-06-02 23:33:09: 2026-06-02 23:33:09,662 [INFO] trader: Strategy loop started \u2014 EMA 9/21 on BTC/USDT 1h
2026-06-02 23:33:09: INFO:     Application startup complete.
2026-06-02 23:33:09: ERROR:    [Errno 10048] error while attempting to bind on address ('0.0.0.0', 8000): [winerror 10048] only one usage of each socket address (protocol/network address/port) is normally permitted
2026-06-02 23:33:09: INFO:     Waiting for application shutdown.
2026-06-02 23:33:09: INFO:     Application shutdown complete.
2026-06-02 23:33:17: INFO:     Started server process [16140]
2026-06-02 23:33:17: INFO:     Waiting for application startup.
2026-06-02 23:33:17: 2026-06-02 23:33:17,610 [INFO] trader: Strategy loop started \u2014 EMA 9/21 on BTC/USDT 1h
2026-06-02 23:33:17: INFO:     Application startup complete.
2026-06-02 23:33:17: ERROR:    [Errno 10048] error while attempting to bind on address ('0.0.0.0', 8000): [winerror 10048] only one usage of each socket address (protocol/network address/port) is normally permitted
2026-06-02 23:33:17: INFO:     Waiting for application shutdown.
2026-06-02 23:33:17: INFO:     Application shutdown complete.
2026-06-02 23:33:37: INFO:     Started server process [17752]
2026-06-02 23:33:37: INFO:     Waiting for application startup.
2026-06-02 23:33:37: 2026-06-02 23:33:37,831 [INFO] trader: Strategy loop started \u2014 EMA 9/21 on BTC/USDT 1h
2026-06-02 23:33:37: INFO:     Application startup complete.
2026-06-02 23:33:37: ERROR:    [Errno 10048] error while attempting to bind on address ('0.0.0.0', 8000): [winerror 10048] only one usage of each socket address (protocol/network address/port) is normally permitted
2026-06-02 23:33:37: INFO:     Waiting for application shutdown.
2026-06-02 23:33:37: INFO:     Application shutdown complete.
2026-06-02 23:33:45: INFO:     Started server process [13020]
2026-06-02 23:33:45: INFO:     Waiting for application startup.
2026-06-02 23:33:45: 2026-06-02 23:33:45,388 [INFO] trader: Strategy loop started \u2014 EMA 9/21 on BTC/USDT 1h
2026-06-02 23:33:45: INFO:     Application startup complete.
2026-06-02 23:33:45: ERROR:    [Errno 10048] error while attempting to bind on address ('0.0.0.0', 8000): [winerror 10048] only one usage of each socket address (protocol/network address/port) is normally permitted
2026-06-02 23:33:45: INFO:     Waiting for application shutdown.
2026-06-02 23:33:45: INFO:     Application shutdown complete.
2026-06-02 23:33:55: INFO:     Started server process [22460]
2026-06-02 23:33:55: INFO:     Waiting for application startup.
2026-06-02 23:33:55: 2026-06-02 23:33:55,243 [INFO] trader: Strategy loop started \u2014 EMA 9/21 on BTC/USDT 1h
2026-06-02 23:33:55: INFO:     Application startup complete.
2026-06-02 23:33:55: ERROR:    [Errno 10048] error while attempting to bind on address ('0.0.0.0', 8000): [winerror 10048] only one usage of each socket address (protocol/network address/port) is normally permitted
2026-06-02 23:33:55: INFO:     Waiting for application shutdown.
2026-06-02 23:33:55: INFO:     Application shutdown complete.
2026-06-02 23:34:06: INFO:     Started server process [16804]
2026-06-02 23:34:06: INFO:     Waiting for application startup.
2026-06-02 23:34:06: 2026-06-02 23:34:06,219 [INFO] trader: Strategy loop started \u2014 EMA 9/21 on BTC/USDT 1h
2026-06-02 23:34:06: INFO:     Application startup complete.
2026-06-02 23:34:06: ERROR:    [Errno 10048] error while attempting to bind on address ('0.0.0.0', 8000): [winerror 10048] only one usage of each socket address (protocol/network address/port) is normally permitted
2026-06-02 23:34:06: INFO:     Waiting for application shutdown.
2026-06-02 23:34:06: INFO:     Application shutdown complete.
2026-06-02 23:34:17: INFO:     Started server process [21140]
2026-06-02 23:34:17: INFO:     Waiting for application startup.
2026-06-02 23:34:17: 2026-06-02 23:34:17,113 [INFO] trader: Strategy loop started \u2014 EMA 9/21 on BTC/USDT 1h
2026-06-02 23:34:17: INFO:     Application startup complete.
2026-06-02 23:34:17: ERROR:    [Errno 10048] error while attempting to bind on address ('0.0.0.0', 8000): [winerror 10048] only one usage of each socket address (protocol/network address/port) is normally permitted
2026-06-02 23:34:17: INFO:     Waiting for application shutdown.
2026-06-02 23:34:17: INFO:     Application shutdown complete.
2026-06-02 23:34:24: INFO:     Started server process [19824]
2026-06-02 23:34:24: INFO:     Waiting for application startup.
2026-06-02 23:34:24: 2026-06-02 23:34:24,734 [INFO] trader: Strategy loop started \u2014 EMA 9/21 on BTC/USDT 1h
2026-06-02 23:34:24: INFO:     Application startup complete.
2026-06-02 23:34:24: ERROR:    [Errno 10048] error while attempting to bind on address ('0.0.0.0', 8000): [winerror 10048] only one usage of each socket address (protocol/network address/port) is normally permitted
2026-06-02 23:34:24: INFO:     Waiting for application shutdown.
2026-06-02 23:34:24: INFO:     Application shutdown complete.
2026-06-02 23:34:34: INFO:     Started server process [29260]
2026-06-02 23:34:34: INFO:     Waiting for application startup.
2026-06-02 23:34:34: 2026-06-02 23:34:34,024 [INFO] trader: Strategy loop started \u2014 EMA 9/21 on BTC/USDT 1h
2026-06-02 23:34:34: INFO:     Application startup complete.
2026-06-02 23:34:34: ERROR:    [Errno 10048] error while attempting to bind on address ('0.0.0.0', 8000): [winerror 10048] only one usage of each socket address (protocol/network address/port) is normally permitted
2026-06-02 23:34:34: INFO:     Waiting for application shutdown.
2026-06-02 23:34:34: INFO:     Application shutdown complete.
2026-06-02 23:34:44: INFO:     Started server process [29280]
2026-06-02 23:34:44: INFO:     Waiting for application startup.
2026-06-02 23:34:44: 2026-06-02 23:34:44,038 [INFO] trader: Strategy loop started \u2014 EMA 9/21 on BTC/USDT 1h
2026-06-02 23:34:44: INFO:     Application startup complete.
2026-06-02 23:34:44: ERROR:    [Errno 10048] error while attempting to bind on address ('0.0.0.0', 8000): [winerror 10048] only one usage of each socket address (protocol/network address/port) is normally permitted
2026-06-02 23:34:44: INFO:     Waiting for application shutdown.
2026-06-02 23:34:44: INFO:     Application shutdown complete.
2026-06-02 23:34:52: INFO:     Started server process [29312]
2026-06-02 23:34:52: INFO:     Waiting for application startup.
2026-06-02 23:34:52: 2026-06-02 23:34:52,140 [INFO] trader: Strategy loop started \u2014 EMA 9/21 on BTC/USDT 1h
2026-06-02 23:34:52: INFO:     Application startup complete.
2026-06-02 23:34:52: ERROR:    [Errno 10048] error while attempting to bind on address ('0.0.0.0', 8000): [winerror 10048] only one usage of each socket address (protocol/network address/port) is normally permitted
2026-06-02 23:34:52: INFO:     Waiting for application shutdown.
2026-06-02 23:34:52: INFO:     Application shutdown complete.
2026-06-02 23:34:59: INFO:     Started server process [29740]
2026-06-02 23:34:59: INFO:     Waiting for application startup.
2026-06-02 23:34:59: 2026-06-02 23:34:59,432 [INFO] trader: Strategy loop started \u2014 EMA 9/21 on BTC/USDT 1h
2026-06-02 23:34:59: INFO:     Application startup complete.
2026-06-02 23:34:59: ERROR:    [Errno 10048] error while attempting to bind on address ('0.0.0.0', 8000): [winerror 10048] only one usage of each socket address (protocol/network address/port) is normally permitted
2026-06-02 23:34:59: INFO:     Waiting for application shutdown.
2026-06-02 23:34:59: INFO:     Application shutdown complete.
2026-06-02 23:35:07: INFO:     Started server process [12800]
2026-06-02 23:35:07: INFO:     Waiting for application startup.
2026-06-02 23:35:07: 2026-06-02 23:35:07,296 [INFO] trader: Strategy loop started \u2014 EMA 9/21 on BTC/USDT 1h
2026-06-02 23:35:07: INFO:     Application startup complete.
2026-06-02 23:35:07: ERROR:    [Errno 10048] error while attempting to bind on address ('0.0.0.0', 8000): [winerror 10048] only one usage of each socket address (protocol/network address/port) is normally permitted
2026-06-02 23:35:07: INFO:     Waiting for application shutdown.
2026-06-02 23:35:07: INFO:     Application shutdown complete.
2026-06-02 23:35:15: INFO:     Started server process [26576]
2026-06-02 23:35:15: INFO:     Waiting for application startup.
2026-06-02 23:35:15: 2026-06-02 23:35:15,171 [INFO] trader: Strategy loop started \u2014 EMA 9/21 on BTC/USDT 1h
2026-06-02 23:35:15: INFO:     Application startup complete.
2026-06-02 23:35:15: ERROR:    [Errno 10048] error while attempting to bind on address ('0.0.0.0', 8000): [winerror 10048] only one usage of each socket address (protocol/network address/port) is normally permitted
2026-06-02 23:35:15: INFO:     Waiting for application shutdown.
2026-06-02 23:35:15: INFO:     Application shutdown complete.
2026-06-02 23:35:23: INFO:     Started server process [19384]
2026-06-02 23:35:23: INFO:     Waiting for application startup.
2026-06-02 23:35:23: 2026-06-02 23:35:23,186 [INFO] trader: Strategy loop started \u2014 EMA 9/21 on BTC/USDT 1h
2026-06-02 23:35:23: INFO:     Application startup complete.
2026-06-02 23:35:23: ERROR:    [Errno 10048] error while attempting to bind on address ('0.0.0.0', 8000): [winerror 10048] only one usage of each socket address (protocol/network address/port) is normally permitted
2026-06-02 23:35:23: INFO:     Waiting for application shutdown.
2026-06-02 23:35:23: INFO:     Application shutdown complete.
2026-06-02 23:35:30: INFO:     Started server process [18788]
2026-06-02 23:35:30: INFO:     Waiting for application startup.
2026-06-02 23:35:30: 2026-06-02 23:35:30,654 [INFO] trader: Strategy loop started \u2014 EMA 9/21 on BTC/USDT 1h
2026-06-02 23:35:30: INFO:     Application startup complete.
2026-06-02 23:35:30: ERROR:    [Errno 10048] error while attempting to bind on address ('0.0.0.0', 8000): [winerror 10048] only one usage of each socket address (protocol/network address/port) is normally permitted
2026-06-02 23:35:30: INFO:     Waiting for application shutdown.
2026-06-02 23:35:30: INFO:     Application shutdown complete.
2026-06-02 23:35:39: INFO:     Started server process [29816]
2026-06-02 23:35:39: INFO:     Waiting for application startup.
2026-06-02 23:35:39: 2026-06-02 23:35:39,095 [INFO] trader: Strategy loop started \u2014 EMA 9/21 on BTC/USDT 1h
2026-06-02 23:35:39: INFO:     Application startup complete.
2026-06-02 23:35:39: ERROR:    [Errno 10048] error while attempting to bind on address ('0.0.0.0', 8000): [winerror 10048] only one usage of each socket address (protocol/network address/port) is normally permitted
2026-06-02 23:35:39: INFO:     Waiting for application shutdown.
2026-06-02 23:35:39: INFO:     Application shutdown complete.
2026-06-02 23:35:47: INFO:     Started server process [24440]
2026-06-02 23:35:47: INFO:     Waiting for application startup.
2026-06-02 23:35:47: 2026-06-02 23:35:47,081 [INFO] trader: Strategy loop started \u2014 EMA 9/21 on BTC/USDT 1h
2026-06-02 23:35:47: INFO:     Application startup complete.
2026-06-02 23:35:47: ERROR:    [Errno 10048] error while attempting to bind on address ('0.0.0.0', 8000): [winerror 10048] only one usage of each socket address (protocol/network address/port) is normally permitted
2026-06-02 23:35:47: INFO:     Waiting for application shutdown.
2026-06-02 23:35:47: INFO:     Application shutdown complete.
2026-06-02 23:35:55: INFO:     Started server process [21832]
2026-06-02 23:35:55: INFO:     Waiting for application startup.
2026-06-02 23:35:55: 2026-06-02 23:35:55,014 [INFO] trader: Strategy loop started \u2014 EMA 9/21 on BTC/USDT 1h
2026-06-02 23:35:55: INFO:     Application startup complete.
2026-06-02 23:35:55: ERROR:    [Errno 10048] error while attempting to bind on address ('0.0.0.0', 8000): [winerror 10048] only one usage of each socket address (protocol/network address/port) is normally permitted
2026-06-02 23:35:55: INFO:     Waiting for application shutdown.
2026-06-02 23:35:55: INFO:     Application shutdown complete.
2026-06-02 23:36:02: INFO:     Started server process [11004]
2026-06-02 23:36:02: INFO:     Waiting for application startup.
2026-06-02 23:36:02: 2026-06-02 23:36:02,191 [INFO] trader: Strategy loop started \u2014 EMA 9/21 on BTC/USDT 1h
2026-06-02 23:36:02: INFO:     Application startup complete.
2026-06-02 23:36:02: ERROR:    [Errno 10048] error while attempting to bind on address ('0.0.0.0', 8000): [winerror 10048] only one usage of each socket address (protocol/network address/port) is normally permitted
2026-06-02 23:36:02: INFO:     Waiting for application shutdown.
2026-06-02 23:36:02: INFO:     Application shutdown complete.
2026-06-02 23:36:12: INFO:     Started server process [19848]
2026-06-02 23:36:12: INFO:     Waiting for application startup.
2026-06-02 23:36:12: 2026-06-02 23:36:12,716 [INFO] trader: Strategy loop started \u2014 EMA 9/21 on BTC/USDT 1h
2026-06-02 23:36:12: INFO:     Application startup complete.
2026-06-02 23:36:12: ERROR:    [Errno 10048] error while attempting to bind on address ('0.0.0.0', 8000): [winerror 10048] only one usage of each socket address (protocol/network address/port) is normally permitted
2026-06-02 23:36:12: INFO:     Waiting for application shutdown.
2026-06-02 23:36:12: INFO:     Application shutdown complete.
2026-06-02 23:36:20: INFO:     Started server process [25304]
2026-06-02 23:36:20: INFO:     Waiting for application startup.
2026-06-02 23:36:20: 2026-06-02 23:36:20,649 [INFO] trader: Strategy loop started \u2014 EMA 9/21 on BTC/USDT 1h
2026-06-02 23:36:20: INFO:     Application startup complete.
2026-06-02 23:36:20: ERROR:    [Errno 10048] error while attempting to bind on address ('0.0.0.0', 8000): [winerror 10048] only one usage of each socket address (protocol/network address/port) is normally permitted
2026-06-02 23:36:20: INFO:     Waiting for application shutdown.
2026-06-02 23:36:20: INFO:     Application shutdown complete.
2026-06-02 23:36:28: INFO:     Started server process [28796]
2026-06-02 23:36:28: INFO:     Waiting for application startup.
2026-06-02 23:36:28: 2026-06-02 23:36:28,816 [INFO] trader: Strategy loop started \u2014 EMA 9/21 on BTC/USDT 1h
2026-06-02 23:36:28: INFO:     Application startup complete.
2026-06-02 23:36:28: ERROR:    [Errno 10048] error while attempting to bind on address ('0.0.0.0', 8000): [winerror 10048] only one usage of each socket address (protocol/network address/port) is normally permitted
2026-06-02 23:36:28: INFO:     Waiting for application shutdown.
2026-06-02 23:36:28: INFO:     Application shutdown complete.
2026-06-02 23:36:36: INFO:     Started server process [22812]
2026-06-02 23:36:36: INFO:     Waiting for application startup.
2026-06-02 23:36:36: 2026-06-02 23:36:36,660 [INFO] trader: Strategy loop started \u2014 EMA 9/21 on BTC/USDT 1h
2026-06-02 23:36:36: INFO:     Application startup complete.
2026-06-02 23:36:36: ERROR:    [Errno 10048] error while attempting to bind on address ('0.0.0.0', 8000): [winerror 10048] only one usage of each socket address (protocol/network address/port) is normally permitted
2026-06-02 23:36:36: INFO:     Waiting for application shutdown.
2026-06-02 23:36:36: INFO:     Application shutdown complete.
2026-06-02 23:36:44: INFO:     Started server process [25640]
2026-06-02 23:36:44: INFO:     Waiting for application startup.
2026-06-02 23:36:44: 2026-06-02 23:36:44,130 [INFO] trader: Strategy loop started \u2014 EMA 9/21 on BTC/USDT 1h
2026-06-02 23:36:44: INFO:     Application startup complete.
2026-06-02 23:36:44: ERROR:    [Errno 10048] error while attempting to bind on address ('0.0.0.0', 8000): [winerror 10048] only one usage of each socket address (protocol/network address/port) is normally permitted
2026-06-02 23:36:44: INFO:     Waiting for application shutdown.
2026-06-02 23:36:44: INFO:     Application shutdown complete.
2026-06-02 23:36:52: INFO:     Started server process [26840]
2026-06-02 23:36:52: INFO:     Waiting for application startup.
2026-06-02 23:36:52: 2026-06-02 23:36:52,017 [INFO] trader: Strategy loop started \u2014 EMA 9/21 on BTC/USDT 1h
2026-06-02 23:36:52: INFO:     Application startup complete.
2026-06-02 23:36:52: ERROR:    [Errno 10048] error while attempting to bind on address ('0.0.0.0', 8000): [winerror 10048] only one usage of each socket address (protocol/network address/port) is normally permitted
2026-06-02 23:36:52: INFO:     Waiting for application shutdown.
2026-06-02 23:36:52: INFO:     Application shutdown complete.
2026-06-02 23:37:00: INFO:     Started server process [5664]
2026-06-02 23:37:00: INFO:     Waiting for application startup.
2026-06-02 23:37:00: 2026-06-02 23:37:00,221 [INFO] trader: Strategy loop started \u2014 EMA 9/21 on BTC/USDT 1h
2026-06-02 23:37:00: INFO:     Application startup complete.
2026-06-02 23:37:00: ERROR:    [Errno 10048] error while attempting to bind on address ('0.0.0.0', 8000): [winerror 10048] only one usage of each socket address (protocol/network address/port) is normally permitted
2026-06-02 23:37:00: INFO:     Waiting for application shutdown.
2026-06-02 23:37:00: INFO:     Application shutdown complete.
2026-06-02 23:37:08: INFO:     Started server process [28956]
2026-06-02 23:37:08: INFO:     Waiting for application startup.
2026-06-02 23:37:08: 2026-06-02 23:37:08,062 [INFO] trader: Strategy loop started \u2014 EMA 9/21 on BTC/USDT 1h
2026-06-02 23:37:08: INFO:     Application startup complete.
2026-06-02 23:37:08: ERROR:    [Errno 10048] error while attempting to bind on address ('0.0.0.0', 8000): [winerror 10048] only one usage of each socket address (protocol/network address/port) is normally permitted
2026-06-02 23:37:08: INFO:     Waiting for application shutdown.
2026-06-02 23:37:08: INFO:     Application shutdown complete.
2026-06-02 23:37:15: INFO:     Started server process [21024]
2026-06-02 23:37:15: INFO:     Waiting for application startup.
2026-06-02 23:37:15: 2026-06-02 23:37:15,591 [INFO] trader: Strategy loop started \u2014 EMA 9/21 on BTC/USDT 1h
2026-06-02 23:37:15: INFO:     Application startup complete.
2026-06-02 23:37:15: ERROR:    [Errno 10048] error while attempting to bind on address ('0.0.0.0', 8000): [winerror 10048] only one usage of each socket address (protocol/network address/port) is normally permitted
2026-06-02 23:37:15: INFO:     Waiting for application shutdown.
2026-06-02 23:37:15: INFO:     Application shutdown complete.
2026-06-02 23:37:23: INFO:     Started server process [29996]
2026-06-02 23:37:23: INFO:     Waiting for application startup.
2026-06-02 23:37:23: 2026-06-02 23:37:23,552 [INFO] trader: Strategy loop started \u2014 EMA 9/21 on BTC/USDT 1h
2026-06-02 23:37:23: INFO:     Application startup complete.
2026-06-02 23:37:23: ERROR:    [Errno 10048] error while attempting to bind on address ('0.0.0.0', 8000): [winerror 10048] only one usage of each socket address (protocol/network address/port) is normally permitted
2026-06-02 23:37:23: INFO:     Waiting for application shutdown.
2026-06-02 23:37:23: INFO:     Application shutdown complete.
2026-06-02 23:37:31: INFO:     Started server process [16560]
2026-06-02 23:37:31: INFO:     Waiting for application startup.
2026-06-02 23:37:31: 2026-06-02 23:37:31,579 [INFO] trader: Strategy loop started \u2014 EMA 9/21 on BTC/USDT 1h
2026-06-02 23:37:31: INFO:     Application startup complete.
2026-06-02 23:37:31: ERROR:    [Errno 10048] error while attempting to bind on address ('0.0.0.0', 8000): [winerror 10048] only one usage of each socket address (protocol/network address/port) is normally permitted
2026-06-02 23:37:31: INFO:     Waiting for application shutdown.
2026-06-02 23:37:31: INFO:     Application shutdown complete.
2026-06-02 23:37:39: INFO:     Started server process [30072]
2026-06-02 23:37:39: INFO:     Waiting for application startup.
2026-06-02 23:37:39: 2026-06-02 23:37:39,355 [INFO] trader: Strategy loop started \u2014 EMA 9/21 on BTC/USDT 1h
2026-06-02 23:37:39: INFO:     Application startup complete.
2026-06-02 23:37:39: ERROR:    [Errno 10048] error while attempting to bind on address ('0.0.0.0', 8000): [winerror 10048] only one usage of each socket address (protocol/network address/port) is normally permitted
2026-06-02 23:37:39: INFO:     Waiting for application shutdown.
2026-06-02 23:37:39: INFO:     Application shutdown complete.
2026-06-02 23:37:47: INFO:     Started server process [19924]
2026-06-02 23:37:47: INFO:     Waiting for application startup.
2026-06-02 23:37:47: 2026-06-02 23:37:47,048 [INFO] trader: Strategy loop started \u2014 EMA 9/21 on BTC/USDT 1h
2026-06-02 23:37:47: INFO:     Application startup complete.
2026-06-02 23:37:47: ERROR:    [Errno 10048] error while attempting to bind on address ('0.0.0.0', 8000): [winerror 10048] only one usage of each socket address (protocol/network address/port) is normally permitted
2026-06-02 23:37:47: INFO:     Waiting for application shutdown.
2026-06-02 23:37:47: INFO:     Application shutdown complete.
2026-06-02 23:37:54: INFO:     Started server process [21840]
2026-06-02 23:37:54: INFO:     Waiting for application startup.
2026-06-02 23:37:54: 2026-06-02 23:37:54,940 [INFO] trader: Strategy loop started \u2014 EMA 9/21 on BTC/USDT 1h
2026-06-02 23:37:54: INFO:     Application startup complete.
2026-06-02 23:37:54: ERROR:    [Errno 10048] error while attempting to bind on address ('0.0.0.0', 8000): [winerror 10048] only one usage of each socket address (protocol/network address/port) is normally permitted
2026-06-02 23:37:54: INFO:     Waiting for application shutdown.
2026-06-02 23:37:54: INFO:     Application shutdown complete.
2026-06-02 23:38:02: INFO:     Started server process [30672]
2026-06-02 23:38:02: INFO:     Waiting for application startup.
2026-06-02 23:38:02: 2026-06-02 23:38:02,956 [INFO] trader: Strategy loop started \u2014 EMA 9/21 on BTC/USDT 1h
2026-06-02 23:38:02: INFO:     Application startup complete.
2026-06-02 23:38:02: ERROR:    [Errno 10048] error while attempting to bind on address ('0.0.0.0', 8000): [winerror 10048] only one usage of each socket address (protocol/network address/port) is normally permitted
2026-06-02 23:38:02: INFO:     Waiting for application shutdown.
2026-06-02 23:38:02: INFO:     Application shutdown complete.
2026-06-02 23:38:12: INFO:     Started server process [14820]
2026-06-02 23:38:12: INFO:     Waiting for application startup.
2026-06-02 23:38:12: 2026-06-02 23:38:12,412 [INFO] trader: Strategy loop started \u2014 EMA 9/21 on BTC/USDT 1h
2026-06-02 23:38:12: INFO:     Application startup complete.
2026-06-02 23:38:12: ERROR:    [Errno 10048] error while attempting to bind on address ('0.0.0.0', 8000): [winerror 10048] only one usage of each socket address (protocol/network address/port) is normally permitted
2026-06-02 23:38:12: INFO:     Waiting for application shutdown.
2026-06-02 23:38:12: INFO:     Application shutdown complete.
2026-06-02 23:38:20: INFO:     Started server process [27168]
2026-06-02 23:38:20: INFO:     Waiting for application startup.
2026-06-02 23:38:20: 2026-06-02 23:38:20,233 [INFO] trader: Strategy loop started \u2014 EMA 9/21 on BTC/USDT 1h
2026-06-02 23:38:20: INFO:     Application startup complete.
2026-06-02 23:38:20: ERROR:    [Errno 10048] error while attempting to bind on address ('0.0.0.0', 8000): [winerror 10048] only one usage of each socket address (protocol/network address/port) is normally permitted
2026-06-02 23:38:20: INFO:     Waiting for application shutdown.
2026-06-02 23:38:20: INFO:     Application shutdown complete.
2026-06-02 23:38:28: INFO:     Started server process [4776]
2026-06-02 23:38:28: INFO:     Waiting for application startup.
2026-06-02 23:38:28: 2026-06-02 23:38:28,160 [INFO] trader: Strategy loop started \u2014 EMA 9/21 on BTC/USDT 1h
2026-06-02 23:38:28: INFO:     Application startup complete.
2026-06-02 23:38:28: ERROR:    [Errno 10048] error while attempting to bind on address ('0.0.0.0', 8000): [winerror 10048] only one usage of each socket address (protocol/network address/port) is normally permitted
2026-06-02 23:38:28: INFO:     Waiting for application shutdown.
2026-06-02 23:38:28: INFO:     Application shutdown complete.
2026-06-02 23:38:36: INFO:     Started server process [24136]
2026-06-02 23:38:36: INFO:     Waiting for application startup.
2026-06-02 23:38:36: 2026-06-02 23:38:36,196 [INFO] trader: Strategy loop started \u2014 EMA 9/21 on BTC/USDT 1h
2026-06-02 23:38:36: INFO:     Application startup complete.
2026-06-02 23:38:36: ERROR:    [Errno 10048] error while attempting to bind on address ('0.0.0.0', 8000): [winerror 10048] only one usage of each socket address (protocol/network address/port) is normally permitted
2026-06-02 23:38:36: INFO:     Waiting for application shutdown.
2026-06-02 23:38:36: INFO:     Application shutdown complete.
2026-06-02 23:38:44: INFO:     Started server process [29204]
2026-06-02 23:38:44: INFO:     Waiting for application startup.
2026-06-02 23:38:44: 2026-06-02 23:38:44,124 [INFO] trader: Strategy loop started \u2014 EMA 9/21 on BTC/USDT 1h
2026-06-02 23:38:44: INFO:     Application startup complete.
2026-06-02 23:38:44: ERROR:    [Errno 10048] error while attempting to bind on address ('0.0.0.0', 8000): [winerror 10048] only one usage of each socket address (protocol/network address/port) is normally permitted
2026-06-02 23:38:44: INFO:     Waiting for application shutdown.
2026-06-02 23:38:44: INFO:     Application shutdown complete.
2026-06-02 23:38:51: INFO:     Started server process [29052]
2026-06-02 23:38:51: INFO:     Waiting for application startup.
2026-06-02 23:38:51: 2026-06-02 23:38:51,745 [INFO] trader: Strategy loop started \u2014 EMA 9/21 on BTC/USDT 1h
2026-06-02 23:38:51: INFO:     Application startup complete.
2026-06-02 23:38:51: ERROR:    [Errno 10048] error while attempting to bind on address ('0.0.0.0', 8000): [winerror 10048] only one usage of each socket address (protocol/network address/port) is normally permitted
2026-06-02 23:38:51: INFO:     Waiting for application shutdown.
2026-06-02 23:38:51: INFO:     Application shutdown complete.
2026-06-02 23:38:59: INFO:     Started server process [20064]
2026-06-02 23:38:59: INFO:     Waiting for application startup.
2026-06-02 23:38:59: 2026-06-02 23:38:59,814 [INFO] trader: Strategy loop started \u2014 EMA 9/21 on BTC/USDT 1h
2026-06-02 23:38:59: INFO:     Application startup complete.
2026-06-02 23:38:59: ERROR:    [Errno 10048] error while attempting to bind on address ('0.0.0.0', 8000): [winerror 10048] only one usage of each socket address (protocol/network address/port) is normally permitted
2026-06-02 23:38:59: INFO:     Waiting for application shutdown.
2026-06-02 23:38:59: INFO:     Application shutdown complete.
2026-06-02 23:39:07: INFO:     Started server process [14412]
2026-06-02 23:39:07: INFO:     Waiting for application startup.
2026-06-02 23:39:07: 2026-06-02 23:39:07,788 [INFO] trader: Strategy loop started \u2014 EMA 9/21 on BTC/USDT 1h
2026-06-02 23:39:07: INFO:     Application startup complete.
2026-06-02 23:39:07: ERROR:    [Errno 10048] error while attempting to bind on address ('0.0.0.0', 8000): [winerror 10048] only one usage of each socket address (protocol/network address/port) is normally permitted
2026-06-02 23:39:07: INFO:     Waiting for application shutdown.
2026-06-02 23:39:07: INFO:     Application shutdown complete.
2026-06-02 23:39:15: INFO:     Started server process [5388]
2026-06-02 23:39:15: INFO:     Waiting for application startup.
2026-06-02 23:39:15: 2026-06-02 23:39:15,718 [INFO] trader: Strategy loop started \u2014 EMA 9/21 on BTC/USDT 1h
2026-06-02 23:39:15: INFO:     Application startup complete.
2026-06-02 23:39:15: ERROR:    [Errno 10048] error while attempting to bind on address ('0.0.0.0', 8000): [winerror 10048] only one usage of each socket address (protocol/network address/port) is normally permitted
2026-06-02 23:39:15: INFO:     Waiting for application shutdown.
2026-06-02 23:39:15: INFO:     Application shutdown complete.
2026-06-02 23:39:23: INFO:     Started server process [30356]
2026-06-02 23:39:23: INFO:     Waiting for application startup.
2026-06-02 23:39:23: 2026-06-02 23:39:23,285 [INFO] trader: Strategy loop started \u2014 EMA 9/21 on BTC/USDT 1h
2026-06-02 23:39:23: INFO:     Application startup complete.
2026-06-02 23:39:23: ERROR:    [Errno 10048] error while attempting to bind on address ('0.0.0.0', 8000): [winerror 10048] only one usage of each socket address (protocol/network address/port) is normally permitted
2026-06-02 23:39:23: INFO:     Waiting for application shutdown.
2026-06-02 23:39:23: INFO:     Application shutdown complete.
2026-06-02 23:39:31: INFO:     Started server process [2776]
2026-06-02 23:39:31: INFO:     Waiting for application startup.
2026-06-02 23:39:31: 2026-06-02 23:39:31,224 [INFO] trader: Strategy loop started \u2014 EMA 9/21 on BTC/USDT 1h
2026-06-02 23:39:31: INFO:     Application startup complete.
2026-06-02 23:39:31: ERROR:    [Errno 10048] error while attempting to bind on address ('0.0.0.0', 8000): [winerror 10048] only one usage of each socket address (protocol/network address/port) is normally permitted
2026-06-02 23:39:31: INFO:     Waiting for application shutdown.
2026-06-02 23:39:31: INFO:     Application shutdown complete.
2026-06-02 23:39:39: INFO:     Started server process [28516]
2026-06-02 23:39:39: INFO:     Waiting for application startup.
2026-06-02 23:39:39: 2026-06-02 23:39:39,257 [INFO] trader: Strategy loop started \u2014 EMA 9/21 on BTC/USDT 1h
2026-06-02 23:39:39: INFO:     Application startup complete.
2026-06-02 23:39:39: ERROR:    [Errno 10048] error while attempting to bind on address ('0.0.0.0', 8000): [winerror 10048] only one usage of each socket address (protocol/network address/port) is normally permitted
2026-06-02 23:39:39: INFO:     Waiting for application shutdown.
2026-06-02 23:39:39: INFO:     Application shutdown complete.
2026-06-02 23:39:47: INFO:     Started server process [28360]
2026-06-02 23:39:47: INFO:     Waiting for application startup.
2026-06-02 23:39:47: 2026-06-02 23:39:47,148 [INFO] trader: Strategy loop started \u2014 EMA 9/21 on BTC/USDT 1h
2026-06-02 23:39:47: INFO:     Application startup complete.
2026-06-02 23:39:47: ERROR:    [Errno 10048] error while attempting to bind on address ('0.0.0.0', 8000): [winerror 10048] only one usage of each socket address (protocol/network address/port) is normally permitted
2026-06-02 23:39:47: INFO:     Waiting for application shutdown.
2026-06-02 23:39:47: INFO:     Application shutdown complete.
2026-06-02 23:39:54: INFO:     Started server process [26344]
2026-06-02 23:39:54: INFO:     Waiting for application startup.
2026-06-02 23:39:54: 2026-06-02 23:39:54,878 [INFO] trader: Strategy loop started \u2014 EMA 9/21 on BTC/USDT 1h
2026-06-02 23:39:54: INFO:     Application startup complete.
2026-06-02 23:39:54: ERROR:    [Errno 10048] error while attempting to bind on address ('0.0.0.0', 8000): [winerror 10048] only one usage of each socket address (protocol/network address/port) is normally permitted
2026-06-02 23:39:54: INFO:     Waiting for application shutdown.
2026-06-02 23:39:54: INFO:     Application shutdown complete.
2026-06-02 23:40:03: INFO:     Started server process [30396]
2026-06-02 23:40:03: INFO:     Waiting for application startup.
2026-06-02 23:40:03: 2026-06-02 23:40:03,026 [INFO] trader: Strategy loop started \u2014 EMA 9/21 on BTC/USDT 1h
2026-06-02 23:40:03: INFO:     Application startup complete.
2026-06-02 23:40:03: ERROR:    [Errno 10048] error while attempting to bind on address ('0.0.0.0', 8000): [winerror 10048] only one usage of each socket address (protocol/network address/port) is normally permitted
2026-06-02 23:40:03: INFO:     Waiting for application shutdown.
2026-06-02 23:40:03: INFO:     Application shutdown complete.
2026-06-02 23:40:11: INFO:     Started server process [24540]
2026-06-02 23:40:11: INFO:     Waiting for application startup.
2026-06-02 23:40:11: 2026-06-02 23:40:11,241 [INFO] trader: Strategy loop started \u2014 EMA 9/21 on BTC/USDT 1h
2026-06-02 23:40:11: INFO:     Application startup complete.
2026-06-02 23:40:11: ERROR:    [Errno 10048] error while attempting to bind on address ('0.0.0.0', 8000): [winerror 10048] only one usage of each socket address (protocol/network address/port) is normally permitted
2026-06-02 23:40:11: INFO:     Waiting for application shutdown.
2026-06-02 23:40:11: INFO:     Application shutdown complete.
2026-06-02 23:40:19: INFO:     Started server process [2148]
2026-06-02 23:40:19: INFO:     Waiting for application startup.
2026-06-02 23:40:19: 2026-06-02 23:40:19,571 [INFO] trader: Strategy loop started \u2014 EMA 9/21 on BTC/USDT 1h
2026-06-02 23:40:19: INFO:     Application startup complete.
2026-06-02 23:40:19: ERROR:    [Errno 10048] error while attempting to bind on address ('0.0.0.0', 8000): [winerror 10048] only one usage of each socket address (protocol/network address/port) is normally permitted
2026-06-02 23:40:19: INFO:     Waiting for application shutdown.
2026-06-02 23:40:19: INFO:     Application shutdown complete.
2026-06-02 23:40:27: INFO:     Started server process [10104]
2026-06-02 23:40:27: INFO:     Waiting for application startup.
2026-06-02 23:40:27: 2026-06-02 23:40:27,441 [INFO] trader: Strategy loop started \u2014 EMA 9/21 on BTC/USDT 1h
2026-06-02 23:40:27: INFO:     Application startup complete.
2026-06-02 23:40:27: ERROR:    [Errno 10048] error while attempting to bind on address ('0.0.0.0', 8000): [winerror 10048] only one usage of each socket address (protocol/network address/port) is normally permitted
2026-06-02 23:40:27: INFO:     Waiting for application shutdown.
2026-06-02 23:40:27: INFO:     Application shutdown complete.
2026-06-02 23:40:35: INFO:     Started server process [20380]
2026-06-02 23:40:35: INFO:     Waiting for application startup.
2026-06-02 23:40:35: 2026-06-02 23:40:35,114 [INFO] trader: Strategy loop started \u2014 EMA 9/21 on BTC/USDT 1h
2026-06-02 23:40:35: INFO:     Application startup complete.
2026-06-02 23:40:35: ERROR:    [Errno 10048] error while attempting to bind on address ('0.0.0.0', 8000): [winerror 10048] only one usage of each socket address (protocol/network address/port) is normally permitted
2026-06-02 23:40:35: INFO:     Waiting for application shutdown.
2026-06-02 23:40:35: INFO:     Application shutdown complete.
2026-06-02 23:40:43: INFO:     Started server process [25372]
2026-06-02 23:40:43: INFO:     Waiting for application startup.
2026-06-02 23:40:43: 2026-06-02 23:40:43,077 [INFO] trader: Strategy loop started \u2014 EMA 9/21 on BTC/USDT 1h
2026-06-02 23:40:43: INFO:     Application startup complete.
2026-06-02 23:40:43: ERROR:    [Errno 10048] error while attempting to bind on address ('0.0.0.0', 8000): [winerror 10048] only one usage of each socket address (protocol/network address/port) is normally permitted
2026-06-02 23:40:43: INFO:     Waiting for application shutdown.
2026-06-02 23:40:43: INFO:     Application shutdown complete.
2026-06-02 23:40:51: INFO:     Started server process [11272]
2026-06-02 23:40:51: INFO:     Waiting for application startup.
2026-06-02 23:40:51: 2026-06-02 23:40:51,048 [INFO] trader: Strategy loop started \u2014 EMA 9/21 on BTC/USDT 1h
2026-06-02 23:40:51: INFO:     Application startup complete.
2026-06-02 23:40:51: ERROR:    [Errno 10048] error while attempting to bind on address ('0.0.0.0', 8000): [winerror 10048] only one usage of each socket address (protocol/network address/port) is normally permitted
2026-06-02 23:40:51: INFO:     Waiting for application shutdown.
2026-06-02 23:40:51: INFO:     Application shutdown complete.
2026-06-02 23:40:58: INFO:     Started server process [4200]
2026-06-02 23:40:58: INFO:     Waiting for application startup.
2026-06-02 23:40:58: 2026-06-02 23:40:58,868 [INFO] trader: Strategy loop started \u2014 EMA 9/21 on BTC/USDT 1h
2026-06-02 23:40:58: INFO:     Application startup complete.
2026-06-02 23:40:58: ERROR:    [Errno 10048] error while attempting to bind on address ('0.0.0.0', 8000): [winerror 10048] only one usage of each socket address (protocol/network address/port) is normally permitted
2026-06-02 23:40:58: INFO:     Waiting for application shutdown.
2026-06-02 23:40:58: INFO:     Application shutdown complete.
2026-06-02 23:41:06: INFO:     Started server process [27336]
2026-06-02 23:41:06: INFO:     Waiting for application startup.
2026-06-02 23:41:06: 2026-06-02 23:41:06,529 [INFO] trader: Strategy loop started \u2014 EMA 9/21 on BTC/USDT 1h
2026-06-02 23:41:06: INFO:     Application startup complete.
2026-06-02 23:41:06: ERROR:    [Errno 10048] error while attempting to bind on address ('0.0.0.0', 8000): [winerror 10048] only one usage of each socket address (protocol/network address/port) is normally permitted
2026-06-02 23:41:06: INFO:     Waiting for application shutdown.
2026-06-02 23:41:06: INFO:     Application shutdown complete.
2026-06-02 23:41:17: INFO:     Started server process [14068]
2026-06-02 23:41:17: INFO:     Waiting for application startup.
2026-06-02 23:41:17: 2026-06-02 23:41:17,202 [INFO] trader: Strategy loop started \u2014 EMA 9/21 on BTC/USDT 1h
2026-06-02 23:41:17: INFO:     Application startup complete.
2026-06-02 23:41:17: ERROR:    [Errno 10048] error while attempting to bind on address ('0.0.0.0', 8000): [winerror 10048] only one usage of each socket address (protocol/network address/port) is normally permitted
2026-06-02 23:41:17: INFO:     Waiting for application shutdown.
2026-06-02 23:41:17: INFO:     Application shutdown complete.
2026-06-02 23:41:25: INFO:     Started server process [16436]
2026-06-02 23:41:25: INFO:     Waiting for application startup.
2026-06-02 23:41:25: 2026-06-02 23:41:25,173 [INFO] trader: Strategy loop started \u2014 EMA 9/21 on BTC/USDT 1h
2026-06-02 23:41:25: INFO:     Application startup complete.
2026-06-02 23:41:25: ERROR:    [Errno 10048] error while attempting to bind on address ('0.0.0.0', 8000): [winerror 10048] only one usage of each socket address (protocol/network address/port) is normally permitted
2026-06-02 23:41:25: INFO:     Waiting for application shutdown.
2026-06-02 23:41:25: INFO:     Application shutdown complete.
2026-06-02 23:41:33: INFO:     Started server process [22284]
2026-06-02 23:41:33: INFO:     Waiting for application startup.
2026-06-02 23:41:33: 2026-06-02 23:41:33,348 [INFO] trader: Strategy loop started \u2014 EMA 9/21 on BTC/USDT 1h
2026-06-02 23:41:33: INFO:     Application startup complete.
2026-06-02 23:41:33: ERROR:    [Errno 10048] error while attempting to bind on address ('0.0.0.0', 8000): [winerror 10048] only one usage of each socket address (protocol/network address/port) is normally permitted
2026-06-02 23:41:33: INFO:     Waiting for application shutdown.
2026-06-02 23:41:33: INFO:     Application shutdown complete.
2026-06-02 23:41:41: INFO:     Started server process [23932]
2026-06-02 23:41:41: INFO:     Waiting for application startup.
2026-06-02 23:41:41: 2026-06-02 23:41:41,210 [INFO] trader: Strategy loop started \u2014 EMA 9/21 on BTC/USDT 1h
2026-06-02 23:41:41: INFO:     Application startup complete.
2026-06-02 23:41:41: ERROR:    [Errno 10048] error while attempting to bind on address ('0.0.0.0', 8000): [winerror 10048] only one usage of each socket address (protocol/network address/port) is normally permitted
2026-06-02 23:41:41: INFO:     Waiting for application shutdown.
2026-06-02 23:41:41: INFO:     Application shutdown complete.
2026-06-02 23:41:48: INFO:     Started server process [6956]
2026-06-02 23:41:48: INFO:     Waiting for application startup.
2026-06-02 23:41:48: 2026-06-02 23:41:48,738 [INFO] trader: Strategy loop started \u2014 EMA 9/21 on BTC/USDT 1h
2026-06-02 23:41:48: INFO:     Application startup complete.
2026-06-02 23:41:48: ERROR:    [Errno 10048] error while attempting to bind on address ('0.0.0.0', 8000): [winerror 10048] only one usage of each socket address (protocol/network address/port) is normally permitted
2026-06-02 23:41:48: INFO:     Waiting for application shutdown.
2026-06-02 23:41:48: INFO:     Application shutdown complete.
2026-06-02 23:41:56: INFO:     Started server process [25748]
2026-06-02 23:41:56: INFO:     Waiting for application startup.
2026-06-02 23:41:56: 2026-06-02 23:41:56,869 [INFO] trader: Strategy loop started \u2014 EMA 9/21 on BTC/USDT 1h
2026-06-02 23:41:56: INFO:     Application startup complete.
2026-06-02 23:41:56: ERROR:    [Errno 10048] error while attempting to bind on address ('0.0.0.0', 8000): [winerror 10048] only one usage of each socket address (protocol/network address/port) is normally permitted
2026-06-02 23:41:56: INFO:     Waiting for application shutdown.
2026-06-02 23:41:56: INFO:     Application shutdown complete.
2026-06-02 23:42:04: INFO:     Started server process [28560]
2026-06-02 23:42:04: INFO:     Waiting for application startup.
2026-06-02 23:42:04: 2026-06-02 23:42:04,979 [INFO] trader: Strategy loop started \u2014 EMA 9/21 on BTC/USDT 1h
2026-06-02 23:42:04: INFO:     Application startup complete.
2026-06-02 23:42:04: ERROR:    [Errno 10048] error while attempting to bind on address ('0.0.0.0', 8000): [winerror 10048] only one usage of each socket address (protocol/network address/port) is normally permitted
2026-06-02 23:42:04: INFO:     Waiting for application shutdown.
2026-06-02 23:42:04: INFO:     Application shutdown complete.
2026-06-02 23:42:12: INFO:     Started server process [29972]
2026-06-02 23:42:12: INFO:     Waiting for application startup.
2026-06-02 23:42:12: 2026-06-02 23:42:12,912 [INFO] trader: Strategy loop started \u2014 EMA 9/21 on BTC/USDT 1h
2026-06-02 23:42:12: INFO:     Application startup complete.
2026-06-02 23:42:12: ERROR:    [Errno 10048] error while attempting to bind on address ('0.0.0.0', 8000): [winerror 10048] only one usage of each socket address (protocol/network address/port) is normally permitted
2026-06-02 23:42:12: INFO:     Waiting for application shutdown.
2026-06-02 23:42:12: INFO:     Application shutdown complete.
2026-06-02 23:42:20: INFO:     Started server process [28760]
2026-06-02 23:42:20: INFO:     Waiting for application startup.
2026-06-02 23:42:20: 2026-06-02 23:42:20,377 [INFO] trader: Strategy loop started \u2014 EMA 9/21 on BTC/USDT 1h
2026-06-02 23:42:20: INFO:     Application startup complete.
2026-06-02 23:42:20: ERROR:    [Errno 10048] error while attempting to bind on address ('0.0.0.0', 8000): [winerror 10048] only one usage of each socket address (protocol/network address/port) is normally permitted
2026-06-02 23:42:20: INFO:     Waiting for application shutdown.
2026-06-02 23:42:20: INFO:     Application shutdown complete.
2026-06-02 23:42:28: INFO:     Started server process [3720]
2026-06-02 23:42:28: INFO:     Waiting for application startup.
2026-06-02 23:42:28: 2026-06-02 23:42:28,392 [INFO] trader: Strategy loop started \u2014 EMA 9/21 on BTC/USDT 1h
2026-06-02 23:42:28: INFO:     Application startup complete.
2026-06-02 23:42:28: ERROR:    [Errno 10048] error while attempting to bind on address ('0.0.0.0', 8000): [winerror 10048] only one usage of each socket address (protocol/network address/port) is normally permitted
2026-06-02 23:42:28: INFO:     Waiting for application shutdown.
2026-06-02 23:42:28: INFO:     Application shutdown complete.
2026-06-02 23:42:36: INFO:     Started server process [13828]
2026-06-02 23:42:36: INFO:     Waiting for application startup.
2026-06-02 23:42:36: 2026-06-02 23:42:36,422 [INFO] trader: Strategy loop started \u2014 EMA 9/21 on BTC/USDT 1h
2026-06-02 23:42:36: INFO:     Application startup complete.
2026-06-02 23:42:36: ERROR:    [Errno 10048] error while attempting to bind on address ('0.0.0.0', 8000): [winerror 10048] only one usage of each socket address (protocol/network address/port) is normally permitted
2026-06-02 23:42:36: INFO:     Waiting for application shutdown.
2026-06-02 23:42:36: INFO:     Application shutdown complete.
2026-06-02 23:42:44: INFO:     Started server process [26288]
2026-06-02 23:42:44: INFO:     Waiting for application startup.
2026-06-02 23:42:44: 2026-06-02 23:42:44,364 [INFO] trader: Strategy loop started \u2014 EMA 9/21 on BTC/USDT 1h
2026-06-02 23:42:44: INFO:     Application startup complete.
2026-06-02 23:42:44: ERROR:    [Errno 10048] error while attempting to bind on address ('0.0.0.0', 8000): [winerror 10048] only one usage of each socket address (protocol/network address/port) is normally permitted
2026-06-02 23:42:44: INFO:     Waiting for application shutdown.
2026-06-02 23:42:44: INFO:     Application shutdown complete.
2026-06-02 23:42:51: INFO:     Started server process [29520]
2026-06-02 23:42:51: INFO:     Waiting for application startup.
2026-06-02 23:42:51: 2026-06-02 23:42:51,825 [INFO] trader: Strategy loop started \u2014 EMA 9/21 on BTC/USDT 1h
2026-06-02 23:42:51: INFO:     Application startup complete.
2026-06-02 23:42:51: ERROR:    [Errno 10048] error while attempting to bind on address ('0.0.0.0', 8000): [winerror 10048] only one usage of each socket address (protocol/network address/port) is normally permitted
2026-06-02 23:42:51: INFO:     Waiting for application shutdown.
2026-06-02 23:42:51: INFO:     Application shutdown complete.
2026-06-02 23:42:59: INFO:     Started server process [14340]
2026-06-02 23:42:59: INFO:     Waiting for application startup.
2026-06-02 23:42:59: 2026-06-02 23:42:59,764 [INFO] trader: Strategy loop started \u2014 EMA 9/21 on BTC/USDT 1h
2026-06-02 23:42:59: INFO:     Application startup complete.
2026-06-02 23:42:59: ERROR:    [Errno 10048] error while attempting to bind on address ('0.0.0.0', 8000): [winerror 10048] only one usage of each socket address (protocol/network address/port) is normally permitted
2026-06-02 23:42:59: INFO:     Waiting for application shutdown.
2026-06-02 23:42:59: INFO:     Application shutdown complete.
2026-06-02 23:43:07: INFO:     Started server process [21576]
2026-06-02 23:43:07: INFO:     Waiting for application startup.
2026-06-02 23:43:07: 2026-06-02 23:43:07,826 [INFO] trader: Strategy loop started \u2014 EMA 9/21 on BTC/USDT 1h
2026-06-02 23:43:07: INFO:     Application startup complete.
2026-06-02 23:43:07: ERROR:    [Errno 10048] error while attempting to bind on address ('0.0.0.0', 8000): [winerror 10048] only one usage of each socket address (protocol/network address/port) is normally permitted
2026-06-02 23:43:07: INFO:     Waiting for application shutdown.
2026-06-02 23:43:07: INFO:     Application shutdown complete.
2026-06-02 23:43:16: INFO:     Started server process [14612]
2026-06-02 23:43:16: INFO:     Waiting for application startup.
2026-06-02 23:43:16: 2026-06-02 23:43:16,053 [INFO] trader: Strategy loop started \u2014 EMA 9/21 on BTC/USDT 1h
2026-06-02 23:43:16: INFO:     Application startup complete.
2026-06-02 23:43:16: ERROR:    [Errno 10048] error while attempting to bind on address ('0.0.0.0', 8000): [winerror 10048] only one usage of each socket address (protocol/network address/port) is normally permitted
2026-06-02 23:43:16: INFO:     Waiting for application shutdown.
2026-06-02 23:43:16: INFO:     Application shutdown complete.
2026-06-02 23:43:23: INFO:     Started server process [7036]
2026-06-02 23:43:23: INFO:     Waiting for application startup.
2026-06-02 23:43:23: 2026-06-02 23:43:23,526 [INFO] trader: Strategy loop started \u2014 EMA 9/21 on BTC/USDT 1h
2026-06-02 23:43:23: INFO:     Application startup complete.
2026-06-02 23:43:23: ERROR:    [Errno 10048] error while attempting to bind on address ('0.0.0.0', 8000): [winerror 10048] only one usage of each socket address (protocol/network address/port) is normally permitted
2026-06-02 23:43:23: INFO:     Waiting for application shutdown.
2026-06-02 23:43:23: INFO:     Application shutdown complete.
2026-06-02 23:43:31: INFO:     Started server process [23364]
2026-06-02 23:43:31: INFO:     Waiting for application startup.
2026-06-02 23:43:31: 2026-06-02 23:43:31,535 [INFO] trader: Strategy loop started \u2014 EMA 9/21 on BTC/USDT 1h
2026-06-02 23:43:31: INFO:     Application startup complete.
2026-06-02 23:43:31: ERROR:    [Errno 10048] error while attempting to bind on address ('0.0.0.0', 8000): [winerror 10048] only one usage of each socket address (protocol/network address/port) is normally permitted
2026-06-02 23:43:31: INFO:     Waiting for application shutdown.
2026-06-02 23:43:31: INFO:     Application shutdown complete.
2026-06-02 23:43:39: INFO:     Started server process [11976]
2026-06-02 23:43:39: INFO:     Waiting for application startup.
2026-06-02 23:43:39: 2026-06-02 23:43:39,494 [INFO] trader: Strategy loop started \u2014 EMA 9/21 on BTC/USDT 1h
2026-06-02 23:43:39: INFO:     Application startup complete.
2026-06-02 23:43:39: ERROR:    [Errno 10048] error while attempting to bind on address ('0.0.0.0', 8000): [winerror 10048] only one usage of each socket address (protocol/network address/port) is normally permitted
2026-06-02 23:43:39: INFO:     Waiting for application shutdown.
2026-06-02 23:43:39: INFO:     Application shutdown complete.
2026-06-02 23:43:47: INFO:     Started server process [27860]
2026-06-02 23:43:47: INFO:     Waiting for application startup.
2026-06-02 23:43:47: 2026-06-02 23:43:47,469 [INFO] trader: Strategy loop started \u2014 EMA 9/21 on BTC/USDT 1h
2026-06-02 23:43:47: INFO:     Application startup complete.
2026-06-02 23:43:47: ERROR:    [Errno 10048] error while attempting to bind on address ('0.0.0.0', 8000): [winerror 10048] only one usage of each socket address (protocol/network address/port) is normally permitted
2026-06-02 23:43:47: INFO:     Waiting for application shutdown.
2026-06-02 23:43:47: INFO:     Application shutdown complete.
2026-06-02 23:43:54: INFO:     Started server process [21824]
2026-06-02 23:43:54: INFO:     Waiting for application startup.
2026-06-02 23:43:54: 2026-06-02 23:43:54,892 [INFO] trader: Strategy loop started \u2014 EMA 9/21 on BTC/USDT 1h
2026-06-02 23:43:54: INFO:     Application startup complete.
2026-06-02 23:43:54: ERROR:    [Errno 10048] error while attempting to bind on address ('0.0.0.0', 8000): [winerror 10048] only one usage of each socket address (protocol/network address/port) is normally permitted
2026-06-02 23:43:54: INFO:     Waiting for application shutdown.
2026-06-02 23:43:54: INFO:     Application shutdown complete.
2026-06-02 23:44:02: INFO:     Started server process [6812]
2026-06-02 23:44:02: INFO:     Waiting for application startup.
2026-06-02 23:44:02: 2026-06-02 23:44:02,843 [INFO] trader: Strategy loop started \u2014 EMA 9/21 on BTC/USDT 1h
2026-06-02 23:44:02: INFO:     Application startup complete.
2026-06-02 23:44:02: ERROR:    [Errno 10048] error while attempting to bind on address ('0.0.0.0', 8000): [winerror 10048] only one usage of each socket address (protocol/network address/port) is normally permitted
2026-06-02 23:44:02: INFO:     Waiting for application shutdown.
2026-06-02 23:44:02: INFO:     Application shutdown complete.
2026-06-02 23:44:10: INFO:     Started server process [22096]
2026-06-02 23:44:10: INFO:     Waiting for application startup.
2026-06-02 23:44:10: 2026-06-02 23:44:10,774 [INFO] trader: Strategy loop started \u2014 EMA 9/21 on BTC/USDT 1h
2026-06-02 23:44:10: INFO:     Application startup complete.
2026-06-02 23:44:10: ERROR:    [Errno 10048] error while attempting to bind on address ('0.0.0.0', 8000): [winerror 10048] only one usage of each socket address (protocol/network address/port) is normally permitted
2026-06-02 23:44:10: INFO:     Waiting for application shutdown.
2026-06-02 23:44:10: INFO:     Application shutdown complete.
2026-06-02 23:44:18: INFO:     Started server process [28028]
2026-06-02 23:44:18: INFO:     Waiting for application startup.
2026-06-02 23:44:18: 2026-06-02 23:44:18,869 [INFO] trader: Strategy loop started \u2014 EMA 9/21 on BTC/USDT 1h
2026-06-02 23:44:18: INFO:     Application startup complete.
2026-06-02 23:44:18: ERROR:    [Errno 10048] error while attempting to bind on address ('0.0.0.0', 8000): [winerror 10048] only one usage of each socket address (protocol/network address/port) is normally permitted
2026-06-02 23:44:18: INFO:     Waiting for application shutdown.
2026-06-02 23:44:18: INFO:     Application shutdown complete.
2026-06-02 23:44:26: INFO:     Started server process [18332]
2026-06-02 23:44:26: INFO:     Waiting for application startup.
2026-06-02 23:44:26: 2026-06-02 23:44:26,680 [INFO] trader: Strategy loop started \u2014 EMA 9/21 on BTC/USDT 1h
2026-06-02 23:44:26: INFO:     Application startup complete.
2026-06-02 23:44:26: ERROR:    [Errno 10048] error while attempting to bind on address ('0.0.0.0', 8000): [winerror 10048] only one usage of each socket address (protocol/network address/port) is normally permitted
2026-06-02 23:44:26: INFO:     Waiting for application shutdown.
2026-06-02 23:44:26: INFO:     Application shutdown complete.
2026-06-02 23:44:34: INFO:     Started server process [932]
2026-06-02 23:44:34: INFO:     Waiting for application startup.
2026-06-02 23:44:34: 2026-06-02 23:44:34,612 [INFO] trader: Strategy loop started \u2014 EMA 9/21 on BTC/USDT 1h
2026-06-02 23:44:34: INFO:     Application startup complete.
2026-06-02 23:44:34: ERROR:    [Errno 10048] error while attempting to bind on address ('0.0.0.0', 8000): [winerror 10048] only one usage of each socket address (protocol/network address/port) is normally permitted
2026-06-02 23:44:34: INFO:     Waiting for application shutdown.
2026-06-02 23:44:34: INFO:     Application shutdown complete.
2026-06-02 23:44:42: INFO:     Started server process [16840]
2026-06-02 23:44:42: INFO:     Waiting for application startup.
2026-06-02 23:44:42: 2026-06-02 23:44:42,568 [INFO] trader: Strategy loop started \u2014 EMA 9/21 on BTC/USDT 1h
2026-06-02 23:44:42: INFO:     Application startup complete.
2026-06-02 23:44:42: ERROR:    [Errno 10048] error while attempting to bind on address ('0.0.0.0', 8000): [winerror 10048] only one usage of each socket address (protocol/network address/port) is normally permitted
2026-06-02 23:44:42: INFO:     Waiting for application shutdown.
2026-06-02 23:44:42: INFO:     Application shutdown complete.
2026-06-02 23:44:50: INFO:     Started server process [29796]
2026-06-02 23:44:50: INFO:     Waiting for application startup.
2026-06-02 23:44:50: 2026-06-02 23:44:50,494 [INFO] trader: Strategy loop started \u2014 EMA 9/21 on BTC/USDT 1h
2026-06-02 23:44:50: INFO:     Application startup complete.
2026-06-02 23:44:50: ERROR:    [Errno 10048] error while attempting to bind on address ('0.0.0.0', 8000): [winerror 10048] only one usage of each socket address (protocol/network address/port) is normally permitted
2026-06-02 23:44:50: INFO:     Waiting for application shutdown.
2026-06-02 23:44:50: INFO:     Application shutdown complete.
2026-06-02 23:44:58: INFO:     Started server process [3144]
2026-06-02 23:44:58: INFO:     Waiting for application startup.
2026-06-02 23:44:58: 2026-06-02 23:44:58,156 [INFO] trader: Strategy loop started \u2014 EMA 9/21 on BTC/USDT 1h
2026-06-02 23:44:58: INFO:     Application startup complete.
2026-06-02 23:44:58: ERROR:    [Errno 10048] error while attempting to bind on address ('0.0.0.0', 8000): [winerror 10048] only one usage of each socket address (protocol/network address/port) is normally permitted
2026-06-02 23:44:58: INFO:     Waiting for application shutdown.
2026-06-02 23:44:58: INFO:     Application shutdown complete.
2026-06-02 23:45:06: INFO:     Started server process [30672]
2026-06-02 23:45:06: INFO:     Waiting for application startup.
2026-06-02 23:45:06: 2026-06-02 23:45:06,208 [INFO] trader: Strategy loop started \u2014 EMA 9/21 on BTC/USDT 1h
2026-06-02 23:45:06: INFO:     Application startup complete.
2026-06-02 23:45:06: ERROR:    [Errno 10048] error while attempting to bind on address ('0.0.0.0', 8000): [winerror 10048] only one usage of each socket address (protocol/network address/port) is normally permitted
2026-06-02 23:45:06: INFO:     Waiting for application shutdown.
2026-06-02 23:45:06: INFO:     Application shutdown complete.
2026-06-02 23:45:14: INFO:     Started server process [15036]
2026-06-02 23:45:14: INFO:     Waiting for application startup.
2026-06-02 23:45:14: 2026-06-02 23:45:14,151 [INFO] trader: Strategy loop started \u2014 EMA 9/21 on BTC/USDT 1h
2026-06-02 23:45:14: INFO:     Application startup complete.
2026-06-02 23:45:14: ERROR:    [Errno 10048] error while attempting to bind on address ('0.0.0.0', 8000): [winerror 10048] only one usage of each socket address (protocol/network address/port) is normally permitted
2026-06-02 23:45:14: INFO:     Waiting for application shutdown.
2026-06-02 23:45:14: INFO:     Application shutdown complete.
2026-06-02 23:45:22: INFO:     Started server process [29252]
2026-06-02 23:45:22: INFO:     Waiting for application startup.
2026-06-02 23:45:22: 2026-06-02 23:45:22,022 [INFO] trader: Strategy loop started \u2014 EMA 9/21 on BTC/USDT 1h
2026-06-02 23:45:22: INFO:     Application startup complete.
2026-06-02 23:45:22: ERROR:    [Errno 10048] error while attempting to bind on address ('0.0.0.0', 8000): [winerror 10048] only one usage of each socket address (protocol/network address/port) is normally permitted
2026-06-02 23:45:22: INFO:     Waiting for application shutdown.
2026-06-02 23:45:22: INFO:     Application shutdown complete.
2026-06-02 23:45:29: INFO:     Started server process [29768]
2026-06-02 23:45:29: INFO:     Waiting for application startup.
2026-06-02 23:45:29: 2026-06-02 23:45:29,567 [INFO] trader: Strategy loop started \u2014 EMA 9/21 on BTC/USDT 1h
2026-06-02 23:45:29: INFO:     Application startup complete.
2026-06-02 23:45:29: ERROR:    [Errno 10048] error while attempting to bind on address ('0.0.0.0', 8000): [winerror 10048] only one usage of each socket address (protocol/network address/port) is normally permitted
2026-06-02 23:45:29: INFO:     Waiting for application shutdown.
2026-06-02 23:45:29: INFO:     Application shutdown complete.
2026-06-02 23:45:37: INFO:     Started server process [1140]
2026-06-02 23:45:37: INFO:     Waiting for application startup.
2026-06-02 23:45:37: 2026-06-02 23:45:37,517 [INFO] trader: Strategy loop started \u2014 EMA 9/21 on BTC/USDT 1h
2026-06-02 23:45:37: INFO:     Application startup complete.
2026-06-02 23:45:37: ERROR:    [Errno 10048] error while attempting to bind on address ('0.0.0.0', 8000): [winerror 10048] only one usage of each socket address (protocol/network address/port) is normally permitted
2026-06-02 23:45:37: INFO:     Waiting for application shutdown.
2026-06-02 23:45:37: INFO:     Application shutdown complete.
2026-06-02 23:45:45: INFO:     Started server process [29092]
2026-06-02 23:45:45: INFO:     Waiting for application startup.
2026-06-02 23:45:45: 2026-06-02 23:45:45,780 [INFO] trader: Strategy loop started \u2014 EMA 9/21 on BTC/USDT 1h
2026-06-02 23:45:45: INFO:     Application startup complete.
2026-06-02 23:45:45: ERROR:    [Errno 10048] error while attempting to bind on address ('0.0.0.0', 8000): [winerror 10048] only one usage of each socket address (protocol/network address/port) is normally permitted
2026-06-02 23:45:45: INFO:     Waiting for application shutdown.
2026-06-02 23:45:45: INFO:     Application shutdown complete.
2026-06-02 23:45:53: INFO:     Started server process [28764]
2026-06-02 23:45:53: INFO:     Waiting for application startup.
2026-06-02 23:45:53: 2026-06-02 23:45:53,732 [INFO] trader: Strategy loop started \u2014 EMA 9/21 on BTC/USDT 1h
2026-06-02 23:45:53: INFO:     Application startup complete.
2026-06-02 23:45:53: ERROR:    [Errno 10048] error while attempting to bind on address ('0.0.0.0', 8000): [winerror 10048] only one usage of each socket address (protocol/network address/port) is normally permitted
2026-06-02 23:45:53: INFO:     Waiting for application shutdown.
2026-06-02 23:45:53: INFO:     Application shutdown complete.
2026-06-02 23:46:01: INFO:     Started server process [29704]
2026-06-02 23:46:01: INFO:     Waiting for application startup.
2026-06-02 23:46:01: 2026-06-02 23:46:01,166 [INFO] trader: Strategy loop started \u2014 EMA 9/21 on BTC/USDT 1h
2026-06-02 23:46:01: INFO:     Application startup complete.
2026-06-02 23:46:01: ERROR:    [Errno 10048] error while attempting to bind on address ('0.0.0.0', 8000): [winerror 10048] only one usage of each socket address (protocol/network address/port) is normally permitted
2026-06-02 23:46:01: INFO:     Waiting for application shutdown.
2026-06-02 23:46:01: INFO:     Application shutdown complete.
2026-06-02 23:46:09: INFO:     Started server process [13400]
2026-06-02 23:46:09: INFO:     Waiting for application startup.
2026-06-02 23:46:09: 2026-06-02 23:46:09,095 [INFO] trader: Strategy loop started \u2014 EMA 9/21 on BTC/USDT 1h
2026-06-02 23:46:09: INFO:     Application startup complete.
2026-06-02 23:46:09: ERROR:    [Errno 10048] error while attempting to bind on address ('0.0.0.0', 8000): [winerror 10048] only one usage of each socket address (protocol/network address/port) is normally permitted
2026-06-02 23:46:09: INFO:     Waiting for application shutdown.
2026-06-02 23:46:09: INFO:     Application shutdown complete.
2026-06-02 23:46:17: INFO:     Started server process [29464]
2026-06-02 23:46:17: INFO:     Waiting for application startup.
2026-06-02 23:46:17: 2026-06-02 23:46:17,087 [INFO] trader: Strategy loop started \u2014 EMA 9/21 on BTC/USDT 1h
2026-06-02 23:46:17: INFO:     Application startup complete.
2026-06-02 23:46:17: ERROR:    [Errno 10048] error while attempting to bind on address ('0.0.0.0', 8000): [winerror 10048] only one usage of each socket address (protocol/network address/port) is normally permitted
2026-06-02 23:46:17: INFO:     Waiting for application shutdown.
2026-06-02 23:46:17: INFO:     Application shutdown complete.
2026-06-02 23:46:27: INFO:     Started server process [10780]
2026-06-02 23:46:27: INFO:     Waiting for application startup.
2026-06-02 23:46:27: 2026-06-02 23:46:27,126 [INFO] trader: Strategy loop started \u2014 EMA 9/21 on BTC/USDT 1h
2026-06-02 23:46:27: INFO:     Application startup complete.
2026-06-02 23:46:27: ERROR:    [Errno 10048] error while attempting to bind on address ('0.0.0.0', 8000): [winerror 10048] only one usage of each socket address (protocol/network address/port) is normally permitted
2026-06-02 23:46:27: INFO:     Waiting for application shutdown.
2026-06-02 23:46:27: INFO:     Application shutdown complete.
2026-06-02 23:46:35: INFO:     Started server process [6320]
2026-06-02 23:46:35: INFO:     Waiting for application startup.
2026-06-02 23:46:35: 2026-06-02 23:46:35,004 [INFO] trader: Strategy loop started \u2014 EMA 9/21 on BTC/USDT 1h
2026-06-02 23:46:35: INFO:     Application startup complete.
2026-06-02 23:46:35: ERROR:    [Errno 10048] error while attempting to bind on address ('0.0.0.0', 8000): [winerror 10048] only one usage of each socket address (protocol/network address/port) is normally permitted
2026-06-02 23:46:35: INFO:     Waiting for application shutdown.
2026-06-02 23:46:35: INFO:     Application shutdown complete.
2026-06-02 23:46:42: INFO:     Started server process [23696]
2026-06-02 23:46:42: INFO:     Waiting for application startup.
2026-06-02 23:46:42: 2026-06-02 23:46:42,691 [INFO] trader: Strategy loop started \u2014 EMA 9/21 on BTC/USDT 1h
2026-06-02 23:46:42: INFO:     Application startup complete.
2026-06-02 23:46:42: ERROR:    [Errno 10048] error while attempting to bind on address ('0.0.0.0', 8000): [winerror 10048] only one usage of each socket address (protocol/network address/port) is normally permitted
2026-06-02 23:46:42: INFO:     Waiting for application shutdown.
2026-06-02 23:46:42: INFO:     Application shutdown complete.
2026-06-02 23:46:50: INFO:     Started server process [12840]
2026-06-02 23:46:50: INFO:     Waiting for application startup.
2026-06-02 23:46:50: 2026-06-02 23:46:50,751 [INFO] trader: Strategy loop started \u2014 EMA 9/21 on BTC/USDT 1h
2026-06-02 23:46:50: INFO:     Application startup complete.
2026-06-02 23:46:50: ERROR:    [Errno 10048] error while attempting to bind on address ('0.0.0.0', 8000): [winerror 10048] only one usage of each socket address (protocol/network address/port) is normally permitted
2026-06-02 23:46:50: INFO:     Waiting for application shutdown.
2026-06-02 23:46:50: INFO:     Application shutdown complete.
2026-06-02 23:46:58: INFO:     Started server process [27976]
2026-06-02 23:46:58: INFO:     Waiting for application startup.
2026-06-02 23:46:58: 2026-06-02 23:46:58,742 [INFO] trader: Strategy loop started \u2014 EMA 9/21 on BTC/USDT 1h
2026-06-02 23:46:58: INFO:     Application startup complete.
2026-06-02 23:46:58: ERROR:    [Errno 10048] error while attempting to bind on address ('0.0.0.0', 8000): [winerror 10048] only one usage of each socket address (protocol/network address/port) is normally permitted
2026-06-02 23:46:58: INFO:     Waiting for application shutdown.
2026-06-02 23:46:58: INFO:     Application shutdown complete.
2026-06-02 23:47:06: INFO:     Started server process [28000]
2026-06-02 23:47:06: INFO:     Waiting for application startup.
2026-06-02 23:47:06: 2026-06-02 23:47:06,668 [INFO] trader: Strategy loop started \u2014 EMA 9/21 on BTC/USDT 1h
2026-06-02 23:47:06: INFO:     Application startup complete.
2026-06-02 23:47:06: ERROR:    [Errno 10048] error while attempting to bind on address ('0.0.0.0', 8000): [winerror 10048] only one usage of each socket address (protocol/network address/port) is normally permitted
2026-06-02 23:47:06: INFO:     Waiting for application shutdown.
2026-06-02 23:47:06: INFO:     Application shutdown complete.
2026-06-02 23:47:14: INFO:     Started server process [17448]
2026-06-02 23:47:14: INFO:     Waiting for application startup.
2026-06-02 23:47:14: 2026-06-02 23:47:14,389 [INFO] trader: Strategy loop started \u2014 EMA 9/21 on BTC/USDT 1h
2026-06-02 23:47:14: INFO:     Application startup complete.
2026-06-02 23:47:14: ERROR:    [Errno 10048] error while attempting to bind on address ('0.0.0.0', 8000): [winerror 10048] only one usage of each socket address (protocol/network address/port) is normally permitted
2026-06-02 23:47:14: INFO:     Waiting for application shutdown.
2026-06-02 23:47:14: INFO:     Application shutdown complete.
2026-06-02 23:47:22: INFO:     Started server process [30292]
2026-06-02 23:47:22: INFO:     Waiting for application startup.
2026-06-02 23:47:22: 2026-06-02 23:47:22,478 [INFO] trader: Strategy loop started \u2014 EMA 9/21 on BTC/USDT 1h
2026-06-02 23:47:22: INFO:     Application startup complete.
2026-06-02 23:47:22: ERROR:    [Errno 10048] error while attempting to bind on address ('0.0.0.0', 8000): [winerror 10048] only one usage of each socket address (protocol/network address/port) is normally permitted
2026-06-02 23:47:22: INFO:     Waiting for application shutdown.
2026-06-02 23:47:22: INFO:     Application shutdown complete.
2026-06-02 23:47:30: INFO:     Started server process [23664]
2026-06-02 23:47:30: INFO:     Waiting for application startup.
2026-06-02 23:47:30: 2026-06-02 23:47:30,586 [INFO] trader: Strategy loop started \u2014 EMA 9/21 on BTC/USDT 1h
2026-06-02 23:47:30: INFO:     Application startup complete.
2026-06-02 23:47:30: ERROR:    [Errno 10048] error while attempting to bind on address ('0.0.0.0', 8000): [winerror 10048] only one usage of each socket address (protocol/network address/port) is normally permitted
2026-06-02 23:47:30: INFO:     Waiting for application shutdown.
2026-06-02 23:47:30: INFO:     Application shutdown complete.
2026-06-02 23:47:38: INFO:     Started server process [20044]
2026-06-02 23:47:38: INFO:     Waiting for application startup.
2026-06-02 23:47:38: 2026-06-02 23:47:38,811 [INFO] trader: Strategy loop started \u2014 EMA 9/21 on BTC/USDT 1h
2026-06-02 23:47:38: INFO:     Application startup complete.
2026-06-02 23:47:38: ERROR:    [Errno 10048] error while attempting to bind on address ('0.0.0.0', 8000): [winerror 10048] only one usage of each socket address (protocol/network address/port) is normally permitted
2026-06-02 23:47:38: INFO:     Waiting for application shutdown.
2026-06-02 23:47:38: INFO:     Application shutdown complete.
2026-06-02 23:47:46: INFO:     Started server process [18000]
2026-06-02 23:47:46: INFO:     Waiting for application startup.
2026-06-02 23:47:46: 2026-06-02 23:47:46,470 [INFO] trader: Strategy loop started \u2014 EMA 9/21 on BTC/USDT 1h
2026-06-02 23:47:46: INFO:     Application startup complete.
2026-06-02 23:47:46: ERROR:    [Errno 10048] error while attempting to bind on address ('0.0.0.0', 8000): [winerror 10048] only one usage of each socket address (protocol/network address/port) is normally permitted
2026-06-02 23:47:46: INFO:     Waiting for application shutdown.
2026-06-02 23:47:46: INFO:     Application shutdown complete.
2026-06-02 23:47:54: INFO:     Started server process [17032]
2026-06-02 23:47:54: INFO:     Waiting for application startup.
2026-06-02 23:47:54: 2026-06-02 23:47:54,534 [INFO] trader: Strategy loop started \u2014 EMA 9/21 on BTC/USDT 1h
2026-06-02 23:47:54: INFO:     Application startup complete.
2026-06-02 23:47:54: ERROR:    [Errno 10048] error while attempting to bind on address ('0.0.0.0', 8000): [winerror 10048] only one usage of each socket address (protocol/network address/port) is normally permitted
2026-06-02 23:47:54: INFO:     Waiting for application shutdown.
2026-06-02 23:47:54: INFO:     Application shutdown complete.
2026-06-02 23:48:02: INFO:     Started server process [29588]
2026-06-02 23:48:02: INFO:     Waiting for application startup.
2026-06-02 23:48:02: 2026-06-02 23:48:02,407 [INFO] trader: Strategy loop started \u2014 EMA 9/21 on BTC/USDT 1h
2026-06-02 23:48:02: INFO:     Application startup complete.
2026-06-02 23:48:02: ERROR:    [Errno 10048] error while attempting to bind on address ('0.0.0.0', 8000): [winerror 10048] only one usage of each socket address (protocol/network address/port) is normally permitted
2026-06-02 23:48:02: INFO:     Waiting for application shutdown.
2026-06-02 23:48:02: INFO:     Application shutdown complete.
2026-06-02 23:48:10: INFO:     Started server process [29328]
2026-06-02 23:48:10: INFO:     Waiting for application startup.
2026-06-02 23:48:10: 2026-06-02 23:48:10,476 [INFO] trader: Strategy loop started \u2014 EMA 9/21 on BTC/USDT 1h
2026-06-02 23:48:10: INFO:     Application startup complete.
2026-06-02 23:48:10: ERROR:    [Errno 10048] error while attempting to bind on address ('0.0.0.0', 8000): [winerror 10048] only one usage of each socket address (protocol/network address/port) is normally permitted
2026-06-02 23:48:10: INFO:     Waiting for application shutdown.
2026-06-02 23:48:10: INFO:     Application shutdown complete.
2026-06-02 23:48:17: INFO:     Started server process [4676]
2026-06-02 23:48:17: INFO:     Waiting for application startup.
2026-06-02 23:48:17: 2026-06-02 23:48:17,772 [INFO] trader: Strategy loop started \u2014 EMA 9/21 on BTC/USDT 1h
2026-06-02 23:48:17: INFO:     Application startup complete.
2026-06-02 23:48:17: ERROR:    [Errno 10048] error while attempting to bind on address ('0.0.0.0', 8000): [winerror 10048] only one usage of each socket address (protocol/network address/port) is normally permitted
2026-06-02 23:48:17: INFO:     Waiting for application shutdown.
2026-06-02 23:48:17: INFO:     Application shutdown complete.
2026-06-02 23:48:25: INFO:     Started server process [11132]
2026-06-02 23:48:25: INFO:     Waiting for application startup.
2026-06-02 23:48:25: 2026-06-02 23:48:25,783 [INFO] trader: Strategy loop started \u2014 EMA 9/21 on BTC/USDT 1h
2026-06-02 23:48:25: INFO:     Application startup complete.
2026-06-02 23:48:25: ERROR:    [Errno 10048] error while attempting to bind on address ('0.0.0.0', 8000): [winerror 10048] only one usage of each socket address (protocol/network address/port) is normally permitted
2026-06-02 23:48:25: INFO:     Waiting for application shutdown.
2026-06-02 23:48:25: INFO:     Application shutdown complete.
2026-06-02 23:48:33: INFO:     Started server process [11016]
2026-06-02 23:48:33: INFO:     Waiting for application startup.
2026-06-02 23:48:33: 2026-06-02 23:48:33,787 [INFO] trader: Strategy loop started \u2014 EMA 9/21 on BTC/USDT 1h
2026-06-02 23:48:33: INFO:     Application startup complete.
2026-06-02 23:48:33: ERROR:    [Errno 10048] error while attempting to bind on address ('0.0.0.0', 8000): [winerror 10048] only one usage of each socket address (protocol/network address/port) is normally permitted
2026-06-02 23:48:33: INFO:     Waiting for application shutdown.
2026-06-02 23:48:33: INFO:     Application shutdown complete.
2026-06-02 23:48:48: INFO:     Started server process [28960]
2026-06-02 23:48:48: INFO:     Waiting for application startup.
2026-06-02 23:48:48: 2026-06-02 23:48:48,877 [INFO] trader: Strategy loop started \u2014 EMA 9/21 on BTC/USDT 1h
2026-06-02 23:48:48: INFO:     Application startup complete.
2026-06-02 23:48:48: ERROR:    [Errno 10048] error while attempting to bind on address ('0.0.0.0', 8000): [winerror 10048] only one usage of each socket address (protocol/network address/port) is normally permitted
2026-06-02 23:48:48: INFO:     Waiting for application shutdown.
2026-06-02 23:48:48: INFO:     Application shutdown complete.
2026-06-02 23:48:56: INFO:     Started server process [11288]
2026-06-02 23:48:56: INFO:     Waiting for application startup.
2026-06-02 23:48:56: 2026-06-02 23:48:56,107 [INFO] trader: Strategy loop started \u2014 EMA 9/21 on BTC/USDT 1h
2026-06-02 23:48:56: INFO:     Application startup complete.
2026-06-02 23:48:56: ERROR:    [Errno 10048] error while attempting to bind on address ('0.0.0.0', 8000): [winerror 10048] only one usage of each socket address (protocol/network address/port) is normally permitted
2026-06-02 23:48:56: INFO:     Waiting for application shutdown.
2026-06-02 23:48:56: INFO:     Application shutdown complete.
2026-06-02 23:49:03: INFO:     Started server process [2832]
2026-06-02 23:49:03: INFO:     Waiting for application startup.
2026-06-02 23:49:03: 2026-06-02 23:49:03,511 [INFO] trader: Strategy loop started \u2014 EMA 9/21 on BTC/USDT 1h
2026-06-02 23:49:03: INFO:     Application startup complete.
2026-06-02 23:49:03: ERROR:    [Errno 10048] error while attempting to bind on address ('0.0.0.0', 8000): [winerror 10048] only one usage of each socket address (protocol/network address/port) is normally permitted
2026-06-02 23:49:03: INFO:     Waiting for application shutdown.
2026-06-02 23:49:03: INFO:     Application shutdown complete.
2026-06-02 23:49:10: INFO:     Started server process [21428]
2026-06-02 23:49:10: INFO:     Waiting for application startup.
2026-06-02 23:49:10: 2026-06-02 23:49:10,882 [INFO] trader: Strategy loop started \u2014 EMA 9/21 on BTC/USDT 1h
2026-06-02 23:49:10: INFO:     Application startup complete.
2026-06-02 23:49:10: ERROR:    [Errno 10048] error while attempting to bind on address ('0.0.0.0', 8000): [winerror 10048] only one usage of each socket address (protocol/network address/port) is normally permitted
2026-06-02 23:49:10: INFO:     Waiting for application shutdown.
2026-06-02 23:49:10: INFO:     Application shutdown complete.
2026-06-02 23:49:18: INFO:     Started server process [29816]
2026-06-02 23:49:18: INFO:     Waiting for application startup.
2026-06-02 23:49:18: 2026-06-02 23:49:18,119 [INFO] trader: Strategy loop started \u2014 EMA 9/21 on BTC/USDT 1h
2026-06-02 23:49:18: INFO:     Application startup complete.
2026-06-02 23:49:18: ERROR:    [Errno 10048] error while attempting to bind on address ('0.0.0.0', 8000): [winerror 10048] only one usage of each socket address (protocol/network address/port) is normally permitted
2026-06-02 23:49:18: INFO:     Waiting for application shutdown.
2026-06-02 23:49:18: INFO:     Application shutdown complete.
2026-06-02 23:49:25: INFO:     Started server process [26064]
2026-06-02 23:49:25: INFO:     Waiting for application startup.
2026-06-02 23:49:25: 2026-06-02 23:49:25,450 [INFO] trader: Strategy loop started \u2014 EMA 9/21 on BTC/USDT 1h
2026-06-02 23:49:25: INFO:     Application startup complete.
2026-06-02 23:49:25: ERROR:    [Errno 10048] error while attempting to bind on address ('0.0.0.0', 8000): [winerror 10048] only one usage of each socket address (protocol/network address/port) is normally permitted
2026-06-02 23:49:25: INFO:     Waiting for application shutdown.
2026-06-02 23:49:25: INFO:     Application shutdown complete.
2026-06-02 23:49:32: INFO:     Started server process [21180]
2026-06-02 23:49:32: INFO:     Waiting for application startup.
2026-06-02 23:49:32: 2026-06-02 23:49:32,627 [INFO] trader: Strategy loop started \u2014 EMA 9/21 on BTC/USDT 1h
2026-06-02 23:49:32: INFO:     Application startup complete.
2026-06-02 23:49:32: ERROR:    [Errno 10048] error while attempting to bind on address ('0.0.0.0', 8000): [winerror 10048] only one usage of each socket address (protocol/network address/port) is normally permitted
2026-06-02 23:49:32: INFO:     Waiting for application shutdown.
2026-06-02 23:49:32: INFO:     Application shutdown complete.
2026-06-02 23:49:42: INFO:     Started server process [24104]
2026-06-02 23:49:42: INFO:     Waiting for application startup.
2026-06-02 23:49:42: 2026-06-02 23:49:42,006 [INFO] trader: Strategy loop started \u2014 EMA 9/21 on BTC/USDT 1h
2026-06-02 23:49:42: INFO:     Application startup complete.
2026-06-02 23:49:42: ERROR:    [Errno 10048] error while attempting to bind on address ('0.0.0.0', 8000): [winerror 10048] only one usage of each socket address (protocol/network address/port) is normally permitted
2026-06-02 23:49:42: INFO:     Waiting for application shutdown.
2026-06-02 23:49:42: INFO:     Application shutdown complete.
2026-06-02 23:49:55: INFO:     Started server process [14048]
2026-06-02 23:49:55: INFO:     Waiting for application startup.
2026-06-02 23:49:55: 2026-06-02 23:49:55,311 [INFO] trader: Strategy loop started \u2014 EMA 9/21 on BTC/USDT 1h
2026-06-02 23:49:55: INFO:     Application startup complete.
2026-06-02 23:49:55: ERROR:    [Errno 10048] error while attempting to bind on address ('0.0.0.0', 8000): [winerror 10048] only one usage of each socket address (protocol/network address/port) is normally permitted
2026-06-02 23:49:55: INFO:     Waiting for application shutdown.
2026-06-02 23:49:55: INFO:     Application shutdown complete.
2026-06-02 23:50:04: INFO:     Started server process [25920]
2026-06-02 23:50:04: INFO:     Waiting for application startup.
2026-06-02 23:50:04: 2026-06-02 23:50:04,829 [INFO] trader: Strategy loop started \u2014 EMA 9/21 on BTC/USDT 1h
2026-06-02 23:50:04: INFO:     Application startup complete.
2026-06-02 23:50:04: ERROR:    [Errno 10048] error while attempting to bind on address ('0.0.0.0', 8000): [winerror 10048] only one usage of each socket address (protocol/network address/port) is normally permitted
2026-06-02 23:50:04: INFO:     Waiting for application shutdown.
2026-06-02 23:50:04: INFO:     Application shutdown complete.
2026-06-02 23:50:12: INFO:     Started server process [18388]
2026-06-02 23:50:12: INFO:     Waiting for application startup.
2026-06-02 23:50:12: 2026-06-02 23:50:12,738 [INFO] trader: Strategy loop started \u2014 EMA 9/21 on BTC/USDT 1h
2026-06-02 23:50:12: INFO:     Application startup complete.
2026-06-02 23:50:12: ERROR:    [Errno 10048] error while attempting to bind on address ('0.0.0.0', 8000): [winerror 10048] only one usage of each socket address (protocol/network address/port) is normally permitted
2026-06-02 23:50:12: INFO:     Waiting for application shutdown.
2026-06-02 23:50:12: INFO:     Application shutdown complete.
2026-06-02 23:50:20: INFO:     Started server process [27844]
2026-06-02 23:50:20: INFO:     Waiting for application startup.
2026-06-02 23:50:20: 2026-06-02 23:50:20,101 [INFO] trader: Strategy loop started \u2014 EMA 9/21 on BTC/USDT 1h
2026-06-02 23:50:20: INFO:     Application startup complete.
2026-06-02 23:50:20: ERROR:    [Errno 10048] error while attempting to bind on address ('0.0.0.0', 8000): [winerror 10048] only one usage of each socket address (protocol/network address/port) is normally permitted
2026-06-02 23:50:20: INFO:     Waiting for application shutdown.
2026-06-02 23:50:20: INFO:     Application shutdown complete.
2026-06-02 23:50:28: INFO:     Started server process [28856]
2026-06-02 23:50:28: INFO:     Waiting for application startup.
2026-06-02 23:50:28: 2026-06-02 23:50:28,195 [INFO] trader: Strategy loop started \u2014 EMA 9/21 on BTC/USDT 1h
2026-06-02 23:50:28: INFO:     Application startup complete.
2026-06-02 23:50:28: ERROR:    [Errno 10048] error while attempting to bind on address ('0.0.0.0', 8000): [winerror 10048] only one usage of each socket address (protocol/network address/port) is normally permitted
2026-06-02 23:50:28: INFO:     Waiting for application shutdown.
2026-06-02 23:50:28: INFO:     Application shutdown complete.
2026-06-02 23:50:36: INFO:     Started server process [7316]
2026-06-02 23:50:36: INFO:     Waiting for application startup.
2026-06-02 23:50:36: 2026-06-02 23:50:36,097 [INFO] trader: Strategy loop started \u2014 EMA 9/21 on BTC/USDT 1h
2026-06-02 23:50:36: INFO:     Application startup complete.
2026-06-02 23:50:36: ERROR:    [Errno 10048] error while attempting to bind on address ('0.0.0.0', 8000): [winerror 10048] only one usage of each socket address (protocol/network address/port) is normally permitted
2026-06-02 23:50:36: INFO:     Waiting for application shutdown.
2026-06-02 23:50:36: INFO:     Application shutdown complete.
2026-06-02 23:50:43: INFO:     Started server process [16164]
2026-06-02 23:50:43: INFO:     Waiting for application startup.
2026-06-02 23:50:43: 2026-06-02 23:50:43,950 [INFO] trader: Strategy loop started \u2014 EMA 9/21 on BTC/USDT 1h
2026-06-02 23:50:43: INFO:     Application startup complete.
2026-06-02 23:50:43: ERROR:    [Errno 10048] error while attempting to bind on address ('0.0.0.0', 8000): [winerror 10048] only one usage of each socket address (protocol/network address/port) is normally permitted
2026-06-02 23:50:43: INFO:     Waiting for application shutdown.
2026-06-02 23:50:43: INFO:     Application shutdown complete.
2026-06-02 23:50:51: INFO:     Started server process [22072]
2026-06-02 23:50:51: INFO:     Waiting for application startup.
2026-06-02 23:50:51: 2026-06-02 23:50:51,298 [INFO] trader: Strategy loop started \u2014 EMA 9/21 on BTC/USDT 1h
2026-06-02 23:50:51: INFO:     Application startup complete.
2026-06-02 23:50:51: ERROR:    [Errno 10048] error while attempting to bind on address ('0.0.0.0', 8000): [winerror 10048] only one usage of each socket address (protocol/network address/port) is normally permitted
2026-06-02 23:50:51: INFO:     Waiting for application shutdown.
2026-06-02 23:50:51: INFO:     Application shutdown complete.
2026-06-02 23:50:59: INFO:     Started server process [30384]
2026-06-02 23:50:59: INFO:     Waiting for application startup.
2026-06-02 23:50:59: 2026-06-02 23:50:59,303 [INFO] trader: Strategy loop started \u2014 EMA 9/21 on BTC/USDT 1h
2026-06-02 23:50:59: INFO:     Application startup complete.
2026-06-02 23:50:59: ERROR:    [Errno 10048] error while attempting to bind on address ('0.0.0.0', 8000): [winerror 10048] only one usage of each socket address (protocol/network address/port) is normally permitted
2026-06-02 23:50:59: INFO:     Waiting for application shutdown.
2026-06-02 23:50:59: INFO:     Application shutdown complete.
2026-06-02 23:51:07: INFO:     Started server process [30484]
2026-06-02 23:51:07: INFO:     Waiting for application startup.
2026-06-02 23:51:07: 2026-06-02 23:51:07,245 [INFO] trader: Strategy loop started \u2014 EMA 9/21 on BTC/USDT 1h
2026-06-02 23:51:07: INFO:     Application startup complete.
2026-06-02 23:51:07: ERROR:    [Errno 10048] error while attempting to bind on address ('0.0.0.0', 8000): [winerror 10048] only one usage of each socket address (protocol/network address/port) is normally permitted
2026-06-02 23:51:07: INFO:     Waiting for application shutdown.
2026-06-02 23:51:07: INFO:     Application shutdown complete.
2026-06-02 23:51:15: INFO:     Started server process [9428]
2026-06-02 23:51:15: INFO:     Waiting for application startup.
2026-06-02 23:51:15: 2026-06-02 23:51:15,225 [INFO] trader: Strategy loop started \u2014 EMA 9/21 on BTC/USDT 1h
2026-06-02 23:51:15: INFO:     Application startup complete.
2026-06-02 23:51:15: ERROR:    [Errno 10048] error while attempting to bind on address ('0.0.0.0', 8000): [winerror 10048] only one usage of each socket address (protocol/network address/port) is normally permitted
2026-06-02 23:51:15: INFO:     Waiting for application shutdown.
2026-06-02 23:51:15: INFO:     Application shutdown complete.
2026-06-02 23:51:22: INFO:     Started server process [30600]
2026-06-02 23:51:22: INFO:     Waiting for application startup.
2026-06-02 23:51:22: 2026-06-02 23:51:22,817 [INFO] trader: Strategy loop started \u2014 EMA 9/21 on BTC/USDT 1h
2026-06-02 23:51:22: INFO:     Application startup complete.
2026-06-02 23:51:22: ERROR:    [Errno 10048] error while attempting to bind on address ('0.0.0.0', 8000): [winerror 10048] only one usage of each socket address (protocol/network address/port) is normally permitted
2026-06-02 23:51:22: INFO:     Waiting for application shutdown.
2026-06-02 23:51:22: INFO:     Application shutdown complete.
2026-06-02 23:51:33: INFO:     Started server process [22736]
2026-06-02 23:51:33: INFO:     Waiting for application startup.
2026-06-02 23:51:33: 2026-06-02 23:51:33,355 [INFO] trader: Strategy loop started \u2014 EMA 9/21 on BTC/USDT 1h
2026-06-02 23:51:33: INFO:     Application startup complete.
2026-06-02 23:51:33: ERROR:    [Errno 10048] error while attempting to bind on address ('0.0.0.0', 8000): [winerror 10048] only one usage of each socket address (protocol/network address/port) is normally permitted
2026-06-02 23:51:33: INFO:     Waiting for application shutdown.
2026-06-02 23:51:33: INFO:     Application shutdown complete.
2026-06-02 23:51:41: INFO:     Started server process [24308]
2026-06-02 23:51:41: INFO:     Waiting for application startup.
2026-06-02 23:51:41: 2026-06-02 23:51:41,245 [INFO] trader: Strategy loop started \u2014 EMA 9/21 on BTC/USDT 1h
2026-06-02 23:51:41: INFO:     Application startup complete.
2026-06-02 23:51:41: ERROR:    [Errno 10048] error while attempting to bind on address ('0.0.0.0', 8000): [winerror 10048] only one usage of each socket address (protocol/network address/port) is normally permitted
2026-06-02 23:51:41: INFO:     Waiting for application shutdown.
2026-06-02 23:51:41: INFO:     Application shutdown complete.
2026-06-02 23:51:49: INFO:     Started server process [30256]
2026-06-02 23:51:49: INFO:     Waiting for application startup.
2026-06-02 23:51:49: 2026-06-02 23:51:49,757 [INFO] trader: Strategy loop started \u2014 EMA 9/21 on BTC/USDT 1h
2026-06-02 23:51:49: INFO:     Application startup complete.
2026-06-02 23:51:49: ERROR:    [Errno 10048] error while attempting to bind on address ('0.0.0.0', 8000): [winerror 10048] only one usage of each socket address (protocol/network address/port) is normally permitted
2026-06-02 23:51:49: INFO:     Waiting for application shutdown.
2026-06-02 23:51:49: INFO:     Application shutdown complete.
2026-06-02 23:51:57: INFO:     Started server process [21932]
2026-06-02 23:51:57: INFO:     Waiting for application startup.
2026-06-02 23:51:57: 2026-06-02 23:51:57,839 [INFO] trader: Strategy loop started \u2014 EMA 9/21 on BTC/USDT 1h
2026-06-02 23:51:57: INFO:     Application startup complete.
2026-06-02 23:51:57: ERROR:    [Errno 10048] error while attempting to bind on address ('0.0.0.0', 8000): [winerror 10048] only one usage of each socket address (protocol/network address/port) is normally permitted
2026-06-02 23:51:57: INFO:     Waiting for application shutdown.
2026-06-02 23:51:57: INFO:     Application shutdown complete.
2026-06-02 23:52:05: INFO:     Started server process [14768]
2026-06-02 23:52:05: INFO:     Waiting for application startup.
2026-06-02 23:52:05: 2026-06-02 23:52:05,323 [INFO] trader: Strategy loop started \u2014 EMA 9/21 on BTC/USDT 1h
2026-06-02 23:52:05: INFO:     Application startup complete.
2026-06-02 23:52:05: ERROR:    [Errno 10048] error while attempting to bind on address ('0.0.0.0', 8000): [winerror 10048] only one usage of each socket address (protocol/network address/port) is normally permitted
2026-06-02 23:52:05: INFO:     Waiting for application shutdown.
2026-06-02 23:52:05: INFO:     Application shutdown complete.
2026-06-02 23:52:13: INFO:     Started server process [14088]
2026-06-02 23:52:13: INFO:     Waiting for application startup.
2026-06-02 23:52:13: 2026-06-02 23:52:13,276 [INFO] trader: Strategy loop started \u2014 EMA 9/21 on BTC/USDT 1h
2026-06-02 23:52:13: INFO:     Application startup complete.
2026-06-02 23:52:13: ERROR:    [Errno 10048] error while attempting to bind on address ('0.0.0.0', 8000): [winerror 10048] only one usage of each socket address (protocol/network address/port) is normally permitted
2026-06-02 23:52:13: INFO:     Waiting for application shutdown.
2026-06-02 23:52:13: INFO:     Application shutdown complete.
2026-06-02 23:52:21: INFO:     Started server process [24772]
2026-06-02 23:52:21: INFO:     Waiting for application startup.
2026-06-02 23:52:21: 2026-06-02 23:52:21,243 [INFO] trader: Strategy loop started \u2014 EMA 9/21 on BTC/USDT 1h
2026-06-02 23:52:21: INFO:     Application startup complete.
2026-06-02 23:52:21: ERROR:    [Errno 10048] error while attempting to bind on address ('0.0.0.0', 8000): [winerror 10048] only one usage of each socket address (protocol/network address/port) is normally permitted
2026-06-02 23:52:21: INFO:     Waiting for application shutdown.
2026-06-02 23:52:21: INFO:     Application shutdown complete.
2026-06-02 23:52:29: INFO:     Started server process [30632]
2026-06-02 23:52:29: INFO:     Waiting for application startup.
2026-06-02 23:52:29: 2026-06-02 23:52:29,693 [INFO] trader: Strategy loop started \u2014 EMA 9/21 on BTC/USDT 1h
2026-06-02 23:52:29: INFO:     Application startup complete.
2026-06-02 23:52:29: ERROR:    [Errno 10048] error while attempting to bind on address ('0.0.0.0', 8000): [winerror 10048] only one usage of each socket address (protocol/network address/port) is normally permitted
2026-06-02 23:52:29: INFO:     Waiting for application shutdown.
2026-06-02 23:52:29: INFO:     Application shutdown complete.
2026-06-02 23:52:37: INFO:     Started server process [28164]
2026-06-02 23:52:37: INFO:     Waiting for application startup.
2026-06-02 23:52:37: 2026-06-02 23:52:37,219 [INFO] trader: Strategy loop started \u2014 EMA 9/21 on BTC/USDT 1h
2026-06-02 23:52:37: INFO:     Application startup complete.
2026-06-02 23:52:37: ERROR:    [Errno 10048] error while attempting to bind on address ('0.0.0.0', 8000): [winerror 10048] only one usage of each socket address (protocol/network address/port) is normally permitted
2026-06-02 23:52:37: INFO:     Waiting for application shutdown.
2026-06-02 23:52:37: INFO:     Application shutdown complete.
2026-06-02 23:52:45: INFO:     Started server process [30476]
2026-06-02 23:52:45: INFO:     Waiting for application startup.
2026-06-02 23:52:45: 2026-06-02 23:52:45,198 [INFO] trader: Strategy loop started \u2014 EMA 9/21 on BTC/USDT 1h
2026-06-02 23:52:45: INFO:     Application startup complete.
2026-06-02 23:52:45: ERROR:    [Errno 10048] error while attempting to bind on address ('0.0.0.0', 8000): [winerror 10048] only one usage of each socket address (protocol/network address/port) is normally permitted
2026-06-02 23:52:45: INFO:     Waiting for application shutdown.
2026-06-02 23:52:45: INFO:     Application shutdown complete.
2026-06-02 23:52:53: INFO:     Started server process [18404]
2026-06-02 23:52:53: INFO:     Waiting for application startup.
2026-06-02 23:52:53: 2026-06-02 23:52:53,338 [INFO] trader: Strategy loop started \u2014 EMA 9/21 on BTC/USDT 1h
2026-06-02 23:52:53: INFO:     Application startup complete.
2026-06-02 23:52:53: ERROR:    [Errno 10048] error while attempting to bind on address ('0.0.0.0', 8000): [winerror 10048] only one usage of each socket address (protocol/network address/port) is normally permitted
2026-06-02 23:52:53: INFO:     Waiting for application shutdown.
2026-06-02 23:52:53: INFO:     Application shutdown complete.
2026-06-02 23:53:01: INFO:     Started server process [28520]
2026-06-02 23:53:01: INFO:     Waiting for application startup.
2026-06-02 23:53:01: 2026-06-02 23:53:01,221 [INFO] trader: Strategy loop started \u2014 EMA 9/21 on BTC/USDT 1h
2026-06-02 23:53:01: INFO:     Application startup complete.
2026-06-02 23:53:01: ERROR:    [Errno 10048] error while attempting to bind on address ('0.0.0.0', 8000): [winerror 10048] only one usage of each socket address (protocol/network address/port) is normally permitted
2026-06-02 23:53:01: INFO:     Waiting for application shutdown.
2026-06-02 23:53:01: INFO:     Application shutdown complete.
2026-06-02 23:53:08: INFO:     Started server process [13604]
2026-06-02 23:53:08: INFO:     Waiting for application startup.
2026-06-02 23:53:08: 2026-06-02 23:53:08,565 [INFO] trader: Strategy loop started \u2014 EMA 9/21 on BTC/USDT 1h
2026-06-02 23:53:08: INFO:     Application startup complete.
2026-06-02 23:53:08: ERROR:    [Errno 10048] error while attempting to bind on address ('0.0.0.0', 8000): [winerror 10048] only one usage of each socket address (protocol/network address/port) is normally permitted
2026-06-02 23:53:08: INFO:     Waiting for application shutdown.
2026-06-02 23:53:08: INFO:     Application shutdown complete.
2026-06-02 23:53:16: INFO:     Started server process [30432]
2026-06-02 23:53:16: INFO:     Waiting for application startup.
2026-06-02 23:53:16: 2026-06-02 23:53:16,792 [INFO] trader: Strategy loop started \u2014 EMA 9/21 on BTC/USDT 1h
2026-06-02 23:53:16: INFO:     Application startup complete.
2026-06-02 23:53:16: ERROR:    [Errno 10048] error while attempting to bind on address ('0.0.0.0', 8000): [winerror 10048] only one usage of each socket address (protocol/network address/port) is normally permitted
2026-06-02 23:53:16: INFO:     Waiting for application shutdown.
2026-06-02 23:53:16: INFO:     Application shutdown complete.
2026-06-02 23:53:24: INFO:     Started server process [13924]
2026-06-02 23:53:24: INFO:     Waiting for application startup.
2026-06-02 23:53:24: 2026-06-02 23:53:24,735 [INFO] trader: Strategy loop started \u2014 EMA 9/21 on BTC/USDT 1h
2026-06-02 23:53:24: INFO:     Application startup complete.
2026-06-02 23:53:24: ERROR:    [Errno 10048] error while attempting to bind on address ('0.0.0.0', 8000): [winerror 10048] only one usage of each socket address (protocol/network address/port) is normally permitted
2026-06-02 23:53:24: INFO:     Waiting for application shutdown.
2026-06-02 23:53:24: INFO:     Application shutdown complete.
2026-06-02 23:53:32: INFO:     Started server process [16436]
2026-06-02 23:53:32: INFO:     Waiting for application startup.
2026-06-02 23:53:32: 2026-06-02 23:53:32,627 [INFO] trader: Strategy loop started \u2014 EMA 9/21 on BTC/USDT 1h
2026-06-02 23:53:32: INFO:     Application startup complete.
2026-06-02 23:53:32: ERROR:    [Errno 10048] error while attempting to bind on address ('0.0.0.0', 8000): [winerror 10048] only one usage of each socket address (protocol/network address/port) is normally permitted
2026-06-02 23:53:32: INFO:     Waiting for application shutdown.
2026-06-02 23:53:32: INFO:     Application shutdown complete.
2026-06-02 23:53:39: INFO:     Started server process [12880]
2026-06-02 23:53:39: INFO:     Waiting for application startup.
2026-06-02 23:53:39: 2026-06-02 23:53:39,972 [INFO] trader: Strategy loop started \u2014 EMA 9/21 on BTC/USDT 1h
2026-06-02 23:53:39: INFO:     Application startup complete.
2026-06-02 23:53:39: ERROR:    [Errno 10048] error while attempting to bind on address ('0.0.0.0', 8000): [winerror 10048] only one usage of each socket address (protocol/network address/port) is normally permitted
2026-06-02 23:53:39: INFO:     Waiting for application shutdown.
2026-06-02 23:53:39: INFO:     Application shutdown complete.
2026-06-02 23:53:47: INFO:     Started server process [27900]
2026-06-02 23:53:47: INFO:     Waiting for application startup.
2026-06-02 23:53:47: 2026-06-02 23:53:47,963 [INFO] trader: Strategy loop started \u2014 EMA 9/21 on BTC/USDT 1h
2026-06-02 23:53:47: INFO:     Application startup complete.
2026-06-02 23:53:47: ERROR:    [Errno 10048] error while attempting to bind on address ('0.0.0.0', 8000): [winerror 10048] only one usage of each socket address (protocol/network address/port) is normally permitted
2026-06-02 23:53:47: INFO:     Waiting for application shutdown.
2026-06-02 23:53:47: INFO:     Application shutdown complete.
2026-06-02 23:53:55: INFO:     Started server process [28872]
2026-06-02 23:53:55: INFO:     Waiting for application startup.
2026-06-02 23:53:55: 2026-06-02 23:53:55,939 [INFO] trader: Strategy loop started \u2014 EMA 9/21 on BTC/USDT 1h
2026-06-02 23:53:55: INFO:     Application startup complete.
2026-06-02 23:53:55: ERROR:    [Errno 10048] error while attempting to bind on address ('0.0.0.0', 8000): [winerror 10048] only one usage of each socket address (protocol/network address/port) is normally permitted
2026-06-02 23:53:55: INFO:     Waiting for application shutdown.
2026-06-02 23:53:55: INFO:     Application shutdown complete.
2026-06-02 23:54:04: INFO:     Started server process [13408]
2026-06-02 23:54:04: INFO:     Waiting for application startup.
2026-06-02 23:54:04: 2026-06-02 23:54:04,054 [INFO] trader: Strategy loop started \u2014 EMA 9/21 on BTC/USDT 1h
2026-06-02 23:54:04: INFO:     Application startup complete.
2026-06-02 23:54:04: ERROR:    [Errno 10048] error while attempting to bind on address ('0.0.0.0', 8000): [winerror 10048] only one usage of each socket address (protocol/network address/port) is normally permitted
2026-06-02 23:54:04: INFO:     Waiting for application shutdown.
2026-06-02 23:54:04: INFO:     Application shutdown complete.
2026-06-02 23:54:11: INFO:     Started server process [30532]
2026-06-02 23:54:11: INFO:     Waiting for application startup.
2026-06-02 23:54:11: 2026-06-02 23:54:11,372 [INFO] trader: Strategy loop started \u2014 EMA 9/21 on BTC/USDT 1h
2026-06-02 23:54:11: INFO:     Application startup complete.
2026-06-02 23:54:11: ERROR:    [Errno 10048] error while attempting to bind on address ('0.0.0.0', 8000): [winerror 10048] only one usage of each socket address (protocol/network address/port) is normally permitted
2026-06-02 23:54:11: INFO:     Waiting for application shutdown.
2026-06-02 23:54:11: INFO:     Application shutdown complete.
2026-06-02 23:54:19: INFO:     Started server process [20584]
2026-06-02 23:54:19: INFO:     Waiting for application startup.
2026-06-02 23:54:19: 2026-06-02 23:54:19,340 [INFO] trader: Strategy loop started \u2014 EMA 9/21 on BTC/USDT 1h
2026-06-02 23:54:19: INFO:     Application startup complete.
2026-06-02 23:54:19: ERROR:    [Errno 10048] error while attempting to bind on address ('0.0.0.0', 8000): [winerror 10048] only one usage of each socket address (protocol/network address/port) is normally permitted
2026-06-02 23:54:19: INFO:     Waiting for application shutdown.
2026-06-02 23:54:19: INFO:     Application shutdown complete.
2026-06-02 23:54:27: INFO:     Started server process [5808]
2026-06-02 23:54:27: INFO:     Waiting for application startup.
2026-06-02 23:54:27: 2026-06-02 23:54:27,333 [INFO] trader: Strategy loop started \u2014 EMA 9/21 on BTC/USDT 1h
2026-06-02 23:54:27: INFO:     Application startup complete.
2026-06-02 23:54:27: ERROR:    [Errno 10048] error while attempting to bind on address ('0.0.0.0', 8000): [winerror 10048] only one usage of each socket address (protocol/network address/port) is normally permitted
2026-06-02 23:54:27: INFO:     Waiting for application shutdown.
2026-06-02 23:54:27: INFO:     Application shutdown complete.
2026-06-02 23:54:35: INFO:     Started server process [23020]
2026-06-02 23:54:35: INFO:     Waiting for application startup.
2026-06-02 23:54:35: 2026-06-02 23:54:35,302 [INFO] trader: Strategy loop started \u2014 EMA 9/21 on BTC/USDT 1h
2026-06-02 23:54:35: INFO:     Application startup complete.
2026-06-02 23:54:35: ERROR:    [Errno 10048] error while attempting to bind on address ('0.0.0.0', 8000): [winerror 10048] only one usage of each socket address (protocol/network address/port) is normally permitted
2026-06-02 23:54:35: INFO:     Waiting for application shutdown.
2026-06-02 23:54:35: INFO:     Application shutdown complete.
2026-06-02 23:54:42: INFO:     Started server process [28744]
2026-06-02 23:54:42: INFO:     Waiting for application startup.
2026-06-02 23:54:42: 2026-06-02 23:54:42,667 [INFO] trader: Strategy loop started \u2014 EMA 9/21 on BTC/USDT 1h
2026-06-02 23:54:42: INFO:     Application startup complete.
2026-06-02 23:54:42: ERROR:    [Errno 10048] error while attempting to bind on address ('0.0.0.0', 8000): [winerror 10048] only one usage of each socket address (protocol/network address/port) is normally permitted
2026-06-02 23:54:42: INFO:     Waiting for application shutdown.
2026-06-02 23:54:42: INFO:     Application shutdown complete.
2026-06-02 23:54:50: INFO:     Started server process [12648]
2026-06-02 23:54:50: INFO:     Waiting for application startup.
2026-06-02 23:54:50: 2026-06-02 23:54:50,960 [INFO] trader: Strategy loop started \u2014 EMA 9/21 on BTC/USDT 1h
2026-06-02 23:54:50: INFO:     Application startup complete.
2026-06-02 23:54:50: ERROR:    [Errno 10048] error while attempting to bind on address ('0.0.0.0', 8000): [winerror 10048] only one usage of each socket address (protocol/network address/port) is normally permitted
2026-06-02 23:54:50: INFO:     Waiting for application shutdown.
2026-06-02 23:54:50: INFO:     Application shutdown complete.
2026-06-02 23:54:59: INFO:     Started server process [25052]
2026-06-02 23:54:59: INFO:     Waiting for application startup.
2026-06-02 23:54:59: 2026-06-02 23:54:59,094 [INFO] trader: Strategy loop started \u2014 EMA 9/21 on BTC/USDT 1h
2026-06-02 23:54:59: INFO:     Application startup complete.
2026-06-02 23:54:59: ERROR:    [Errno 10048] error while attempting to bind on address ('0.0.0.0', 8000): [winerror 10048] only one usage of each socket address (protocol/network address/port) is normally permitted
2026-06-02 23:54:59: INFO:     Waiting for application shutdown.
2026-06-02 23:54:59: INFO:     Application shutdown complete.
2026-06-02 23:55:07: INFO:     Started server process [26640]
2026-06-02 23:55:07: INFO:     Waiting for application startup.
2026-06-02 23:55:07: 2026-06-02 23:55:07,046 [INFO] trader: Strategy loop started \u2014 EMA 9/21 on BTC/USDT 1h
2026-06-02 23:55:07: INFO:     Application startup complete.
2026-06-02 23:55:07: ERROR:    [Errno 10048] error while attempting to bind on address ('0.0.0.0', 8000): [winerror 10048] only one usage of each socket address (protocol/network address/port) is normally permitted
2026-06-02 23:55:07: INFO:     Waiting for application shutdown.
2026-06-02 23:55:07: INFO:     Application shutdown complete.
2026-06-02 23:55:14: INFO:     Started server process [14832]
2026-06-02 23:55:14: INFO:     Waiting for application startup.
2026-06-02 23:55:14: 2026-06-02 23:55:14,282 [INFO] trader: Strategy loop started \u2014 EMA 9/21 on BTC/USDT 1h
2026-06-02 23:55:14: INFO:     Application startup complete.
2026-06-02 23:55:14: ERROR:    [Errno 10048] error while attempting to bind on address ('0.0.0.0', 8000): [winerror 10048] only one usage of each socket address (protocol/network address/port) is normally permitted
2026-06-02 23:55:14: INFO:     Waiting for application shutdown.
2026-06-02 23:55:14: INFO:     Application shutdown complete.
2026-06-02 23:55:22: INFO:     Started server process [3364]
2026-06-02 23:55:22: INFO:     Waiting for application startup.
2026-06-02 23:55:22: 2026-06-02 23:55:22,139 [INFO] trader: Strategy loop started \u2014 EMA 9/21 on BTC/USDT 1h
2026-06-02 23:55:22: INFO:     Application startup complete.
2026-06-02 23:55:22: ERROR:    [Errno 10048] error while attempting to bind on address ('0.0.0.0', 8000): [winerror 10048] only one usage of each socket address (protocol/network address/port) is normally permitted
2026-06-02 23:55:22: INFO:     Waiting for application shutdown.
2026-06-02 23:55:22: INFO:     Application shutdown complete.
2026-06-02 23:55:30: INFO:     Started server process [28492]
2026-06-02 23:55:30: INFO:     Waiting for application startup.
2026-06-02 23:55:30: 2026-06-02 23:55:30,817 [INFO] trader: Strategy loop started \u2014 EMA 9/21 on BTC/USDT 1h
2026-06-02 23:55:30: INFO:     Application startup complete.
2026-06-02 23:55:30: ERROR:    [Errno 10048] error while attempting to bind on address ('0.0.0.0', 8000): [winerror 10048] only one usage of each socket address (protocol/network address/port) is normally permitted
2026-06-02 23:55:30: INFO:     Waiting for application shutdown.
2026-06-02 23:55:30: INFO:     Application shutdown complete.
2026-06-02 23:55:38: INFO:     Started server process [14152]
2026-06-02 23:55:38: INFO:     Waiting for application startup.
2026-06-02 23:55:38: 2026-06-02 23:55:38,899 [INFO] trader: Strategy loop started \u2014 EMA 9/21 on BTC/USDT 1h
2026-06-02 23:55:38: INFO:     Application startup complete.
2026-06-02 23:55:38: ERROR:    [Errno 10048] error while attempting to bind on address ('0.0.0.0', 8000): [winerror 10048] only one usage of each socket address (protocol/network address/port) is normally permitted
2026-06-02 23:55:38: INFO:     Waiting for application shutdown.
2026-06-02 23:55:38: INFO:     Application shutdown complete.
2026-06-02 23:55:46: INFO:     Started server process [23580]
2026-06-02 23:55:46: INFO:     Waiting for application startup.
2026-06-02 23:55:46: 2026-06-02 23:55:46,589 [INFO] trader: Strategy loop started \u2014 EMA 9/21 on BTC/USDT 1h
2026-06-02 23:55:46: INFO:     Application startup complete.
2026-06-02 23:55:46: ERROR:    [Errno 10048] error while attempting to bind on address ('0.0.0.0', 8000): [winerror 10048] only one usage of each socket address (protocol/network address/port) is normally permitted
2026-06-02 23:55:46: INFO:     Waiting for application shutdown.
2026-06-02 23:55:46: INFO:     Application shutdown complete.
2026-06-02 23:55:54: INFO:     Started server process [8720]
2026-06-02 23:55:54: INFO:     Waiting for application startup.
2026-06-02 23:55:54: 2026-06-02 23:55:54,481 [INFO] trader: Strategy loop started \u2014 EMA 9/21 on BTC/USDT 1h
2026-06-02 23:55:54: INFO:     Application startup complete.
2026-06-02 23:55:54: ERROR:    [Errno 10048] error while attempting to bind on address ('0.0.0.0', 8000): [winerror 10048] only one usage of each socket address (protocol/network address/port) is normally permitted
2026-06-02 23:55:54: INFO:     Waiting for application shutdown.
2026-06-02 23:55:54: INFO:     Application shutdown complete.
2026-06-02 23:56:02: INFO:     Started server process [28820]
2026-06-02 23:56:02: INFO:     Waiting for application startup.
2026-06-02 23:56:02: 2026-06-02 23:56:02,561 [INFO] trader: Strategy loop started \u2014 EMA 9/21 on BTC/USDT 1h
2026-06-02 23:56:02: INFO:     Application startup complete.
2026-06-02 23:56:02: ERROR:    [Errno 10048] error while attempting to bind on address ('0.0.0.0', 8000): [winerror 10048] only one usage of each socket address (protocol/network address/port) is normally permitted
2026-06-02 23:56:02: INFO:     Waiting for application shutdown.
2026-06-02 23:56:02: INFO:     Application shutdown complete.
2026-06-02 23:56:10: INFO:     Started server process [27968]
2026-06-02 23:56:10: INFO:     Waiting for application startup.
2026-06-02 23:56:10: 2026-06-02 23:56:10,590 [INFO] trader: Strategy loop started \u2014 EMA 9/21 on BTC/USDT 1h
2026-06-02 23:56:10: INFO:     Application startup complete.
2026-06-02 23:56:10: ERROR:    [Errno 10048] error while attempting to bind on address ('0.0.0.0', 8000): [winerror 10048] only one usage of each socket address (protocol/network address/port) is normally permitted
2026-06-02 23:56:10: INFO:     Waiting for application shutdown.
2026-06-02 23:56:10: INFO:     Application shutdown complete.
2026-06-02 23:56:18: INFO:     Started server process [10984]
2026-06-02 23:56:18: INFO:     Waiting for application startup.
2026-06-02 23:56:18: 2026-06-02 23:56:18,191 [INFO] trader: Strategy loop started \u2014 EMA 9/21 on BTC/USDT 1h
2026-06-02 23:56:18: INFO:     Application startup complete.
2026-06-02 23:56:18: ERROR:    [Errno 10048] error while attempting to bind on address ('0.0.0.0', 8000): [winerror 10048] only one usage of each socket address (protocol/network address/port) is normally permitted
2026-06-02 23:56:18: INFO:     Waiting for application shutdown.
2026-06-02 23:56:18: INFO:     Application shutdown complete.
2026-06-02 23:56:26: INFO:     Started server process [20888]
2026-06-02 23:56:26: INFO:     Waiting for application startup.
2026-06-02 23:56:26: 2026-06-02 23:56:26,140 [INFO] trader: Strategy loop started \u2014 EMA 9/21 on BTC/USDT 1h
2026-06-02 23:56:26: INFO:     Application startup complete.
2026-06-02 23:56:26: ERROR:    [Errno 10048] error while attempting to bind on address ('0.0.0.0', 8000): [winerror 10048] only one usage of each socket address (protocol/network address/port) is normally permitted
2026-06-02 23:56:26: INFO:     Waiting for application shutdown.
2026-06-02 23:56:26: INFO:     Application shutdown complete.
2026-06-02 23:56:36: INFO:     Started server process [29920]
2026-06-02 23:56:36: INFO:     Waiting for application startup.
2026-06-02 23:56:36: 2026-06-02 23:56:36,404 [INFO] trader: Strategy loop started \u2014 EMA 9/21 on BTC/USDT 1h
2026-06-02 23:56:36: INFO:     Application startup complete.
2026-06-02 23:56:36: ERROR:    [Errno 10048] error while attempting to bind on address ('0.0.0.0', 8000): [winerror 10048] only one usage of each socket address (protocol/network address/port) is normally permitted
2026-06-02 23:56:36: INFO:     Waiting for application shutdown.
2026-06-02 23:56:36: INFO:     Application shutdown complete.
2026-06-02 23:56:44: INFO:     Started server process [25296]
2026-06-02 23:56:44: INFO:     Waiting for application startup.
2026-06-02 23:56:44: 2026-06-02 23:56:44,352 [INFO] trader: Strategy loop started \u2014 EMA 9/21 on BTC/USDT 1h
2026-06-02 23:56:44: INFO:     Application startup complete.
2026-06-02 23:56:44: ERROR:    [Errno 10048] error while attempting to bind on address ('0.0.0.0', 8000): [winerror 10048] only one usage of each socket address (protocol/network address/port) is normally permitted
2026-06-02 23:56:44: INFO:     Waiting for application shutdown.
2026-06-02 23:56:44: INFO:     Application shutdown complete.
2026-06-02 23:56:52: INFO:     Started server process [21240]
2026-06-02 23:56:52: INFO:     Waiting for application startup.
2026-06-02 23:56:52: 2026-06-02 23:56:52,376 [INFO] trader: Strategy loop started \u2014 EMA 9/21 on BTC/USDT 1h
2026-06-02 23:56:52: INFO:     Application startup complete.
2026-06-02 23:56:52: ERROR:    [Errno 10048] error while attempting to bind on address ('0.0.0.0', 8000): [winerror 10048] only one usage of each socket address (protocol/network address/port) is normally permitted
2026-06-02 23:56:52: INFO:     Waiting for application shutdown.
2026-06-02 23:56:52: INFO:     Application shutdown complete.
2026-06-02 23:57:00: INFO:     Started server process [27840]
2026-06-02 23:57:00: INFO:     Waiting for application startup.
2026-06-02 23:57:00: 2026-06-02 23:57:00,017 [INFO] trader: Strategy loop started \u2014 EMA 9/21 on BTC/USDT 1h
2026-06-02 23:57:00: INFO:     Application startup complete.
2026-06-02 23:57:00: ERROR:    [Errno 10048] error while attempting to bind on address ('0.0.0.0', 8000): [winerror 10048] only one usage of each socket address (protocol/network address/port) is normally permitted
2026-06-02 23:57:00: INFO:     Waiting for application shutdown.
2026-06-02 23:57:00: INFO:     Application shutdown complete.
2026-06-02 23:57:07: INFO:     Started server process [19244]
2026-06-02 23:57:07: INFO:     Waiting for application startup.
2026-06-02 23:57:07: 2026-06-02 23:57:07,932 [INFO] trader: Strategy loop started \u2014 EMA 9/21 on BTC/USDT 1h
2026-06-02 23:57:07: INFO:     Application startup complete.
2026-06-02 23:57:07: ERROR:    [Errno 10048] error while attempting to bind on address ('0.0.0.0', 8000): [winerror 10048] only one usage of each socket address (protocol/network address/port) is normally permitted
2026-06-02 23:57:07: INFO:     Waiting for application shutdown.
2026-06-02 23:57:07: INFO:     Application shutdown complete.
2026-06-02 23:57:15: INFO:     Started server process [20424]
2026-06-02 23:57:15: INFO:     Waiting for application startup.
2026-06-02 23:57:15: 2026-06-02 23:57:15,881 [INFO] trader: Strategy loop started \u2014 EMA 9/21 on BTC/USDT 1h
2026-06-02 23:57:15: INFO:     Application startup complete.
2026-06-02 23:57:15: ERROR:    [Errno 10048] error while attempting to bind on address ('0.0.0.0', 8000): [winerror 10048] only one usage of each socket address (protocol/network address/port) is normally permitted
2026-06-02 23:57:15: INFO:     Waiting for application shutdown.
2026-06-02 23:57:15: INFO:     Application shutdown complete.
2026-06-02 23:57:23: INFO:     Started server process [23796]
2026-06-02 23:57:23: INFO:     Waiting for application startup.
2026-06-02 23:57:23: 2026-06-02 23:57:23,830 [INFO] trader: Strategy loop started \u2014 EMA 9/21 on BTC/USDT 1h
2026-06-02 23:57:23: INFO:     Application startup complete.
2026-06-02 23:57:23: ERROR:    [Errno 10048] error while attempting to bind on address ('0.0.0.0', 8000): [winerror 10048] only one usage of each socket address (protocol/network address/port) is normally permitted
2026-06-02 23:57:23: INFO:     Waiting for application shutdown.
2026-06-02 23:57:23: INFO:     Application shutdown complete.
2026-06-02 23:57:31: INFO:     Started server process [18708]
2026-06-02 23:57:31: INFO:     Waiting for application startup.
2026-06-02 23:57:31: 2026-06-02 23:57:31,157 [INFO] trader: Strategy loop started \u2014 EMA 9/21 on BTC/USDT 1h
2026-06-02 23:57:31: INFO:     Application startup complete.
2026-06-02 23:57:31: ERROR:    [Errno 10048] error while attempting to bind on address ('0.0.0.0', 8000): [winerror 10048] only one usage of each socket address (protocol/network address/port) is normally permitted
2026-06-02 23:57:31: INFO:     Waiting for application shutdown.
2026-06-02 23:57:31: INFO:     Application shutdown complete.
2026-06-02 23:57:39: INFO:     Started server process [24712]
2026-06-02 23:57:39: INFO:     Waiting for application startup.
2026-06-02 23:57:39: 2026-06-02 23:57:39,027 [INFO] trader: Strategy loop started \u2014 EMA 9/21 on BTC/USDT 1h
2026-06-02 23:57:39: INFO:     Application startup complete.
2026-06-02 23:57:39: ERROR:    [Errno 10048] error while attempting to bind on address ('0.0.0.0', 8000): [winerror 10048] only one usage of each socket address (protocol/network address/port) is normally permitted
2026-06-02 23:57:39: INFO:     Waiting for application shutdown.
2026-06-02 23:57:39: INFO:     Application shutdown complete.
2026-06-02 23:57:46: INFO:     Started server process [7428]
2026-06-02 23:57:46: INFO:     Waiting for application startup.
2026-06-02 23:57:46: 2026-06-02 23:57:46,933 [INFO] trader: Strategy loop started \u2014 EMA 9/21 on BTC/USDT 1h
2026-06-02 23:57:46: INFO:     Application startup complete.
2026-06-02 23:57:46: ERROR:    [Errno 10048] error while attempting to bind on address ('0.0.0.0', 8000): [winerror 10048] only one usage of each socket address (protocol/network address/port) is normally permitted
2026-06-02 23:57:46: INFO:     Waiting for application shutdown.
2026-06-02 23:57:46: INFO:     Application shutdown complete.
2026-06-02 23:57:54: INFO:     Started server process [11492]
2026-06-02 23:57:54: INFO:     Waiting for application startup.
2026-06-02 23:57:54: 2026-06-02 23:57:54,855 [INFO] trader: Strategy loop started \u2014 EMA 9/21 on BTC/USDT 1h
2026-06-02 23:57:54: INFO:     Application startup complete.
2026-06-02 23:57:54: ERROR:    [Errno 10048] error while attempting to bind on address ('0.0.0.0', 8000): [winerror 10048] only one usage of each socket address (protocol/network address/port) is normally permitted
2026-06-02 23:57:54: INFO:     Waiting for application shutdown.
2026-06-02 23:57:54: INFO:     Application shutdown complete.
2026-06-02 23:58:02: INFO:     Started server process [23764]
2026-06-02 23:58:02: INFO:     Waiting for application startup.
2026-06-02 23:58:02: 2026-06-02 23:58:02,408 [INFO] trader: Strategy loop started \u2014 EMA 9/21 on BTC/USDT 1h
2026-06-02 23:58:02: INFO:     Application startup complete.
2026-06-02 23:58:02: ERROR:    [Errno 10048] error while attempting to bind on address ('0.0.0.0', 8000): [winerror 10048] only one usage of each socket address (protocol/network address/port) is normally permitted
2026-06-02 23:58:02: INFO:     Waiting for application shutdown.
2026-06-02 23:58:02: INFO:     Application shutdown complete.
2026-06-02 23:58:10: INFO:     Started server process [29856]
2026-06-02 23:58:10: INFO:     Waiting for application startup.
2026-06-02 23:58:10: 2026-06-02 23:58:10,294 [INFO] trader: Strategy loop started \u2014 EMA 9/21 on BTC/USDT 1h
2026-06-02 23:58:10: INFO:     Application startup complete.
2026-06-02 23:58:10: ERROR:    [Errno 10048] error while attempting to bind on address ('0.0.0.0', 8000): [winerror 10048] only one usage of each socket address (protocol/network address/port) is normally permitted
2026-06-02 23:58:10: INFO:     Waiting for application shutdown.
2026-06-02 23:58:10: INFO:     Application shutdown complete.
2026-06-02 23:58:18: INFO:     Started server process [3648]
2026-06-02 23:58:18: INFO:     Waiting for application startup.
2026-06-02 23:58:18: 2026-06-02 23:58:18,229 [INFO] trader: Strategy loop started \u2014 EMA 9/21 on BTC/USDT 1h
2026-06-02 23:58:18: INFO:     Application startup complete.
2026-06-02 23:58:18: ERROR:    [Errno 10048] error while attempting to bind on address ('0.0.0.0', 8000): [winerror 10048] only one usage of each socket address (protocol/network address/port) is normally permitted
2026-06-02 23:58:18: INFO:     Waiting for application shutdown.
2026-06-02 23:58:18: INFO:     Application shutdown complete.
2026-06-02 23:58:26: INFO:     Started server process [14632]
2026-06-02 23:58:26: INFO:     Waiting for application startup.
2026-06-02 23:58:26: 2026-06-02 23:58:26,668 [INFO] trader: Strategy loop started \u2014 EMA 9/21 on BTC/USDT 1h
2026-06-02 23:58:26: INFO:     Application startup complete.
2026-06-02 23:58:26: ERROR:    [Errno 10048] error while attempting to bind on address ('0.0.0.0', 8000): [winerror 10048] only one usage of each socket address (protocol/network address/port) is normally permitted
2026-06-02 23:58:26: INFO:     Waiting for application shutdown.
2026-06-02 23:58:26: INFO:     Application shutdown complete.
2026-06-02 23:58:34: INFO:     Started server process [27264]
2026-06-02 23:58:34: INFO:     Waiting for application startup.
2026-06-02 23:58:34: 2026-06-02 23:58:34,364 [INFO] trader: Strategy loop started \u2014 EMA 9/21 on BTC/USDT 1h
2026-06-02 23:58:34: INFO:     Application startup complete.
2026-06-02 23:58:34: ERROR:    [Errno 10048] error while attempting to bind on address ('0.0.0.0', 8000): [winerror 10048] only one usage of each socket address (protocol/network address/port) is normally permitted
2026-06-02 23:58:34: INFO:     Waiting for application shutdown.
2026-06-02 23:58:34: INFO:     Application shutdown complete.
2026-06-02 23:58:42: INFO:     Started server process [13156]
2026-06-02 23:58:42: INFO:     Waiting for application startup.
2026-06-02 23:58:42: 2026-06-02 23:58:42,308 [INFO] trader: Strategy loop started \u2014 EMA 9/21 on BTC/USDT 1h
2026-06-02 23:58:42: INFO:     Application startup complete.
2026-06-02 23:58:42: ERROR:    [Errno 10048] error while attempting to bind on address ('0.0.0.0', 8000): [winerror 10048] only one usage of each socket address (protocol/network address/port) is normally permitted
2026-06-02 23:58:42: INFO:     Waiting for application shutdown.
2026-06-02 23:58:42: INFO:     Application shutdown complete.
2026-06-02 23:58:50: INFO:     Started server process [18788]
2026-06-02 23:58:50: INFO:     Waiting for application startup.
2026-06-02 23:58:50: 2026-06-02 23:58:50,330 [INFO] trader: Strategy loop started \u2014 EMA 9/21 on BTC/USDT 1h
2026-06-02 23:58:50: INFO:     Application startup complete.
2026-06-02 23:58:50: ERROR:    [Errno 10048] error while attempting to bind on address ('0.0.0.0', 8000): [winerror 10048] only one usage of each socket address (protocol/network address/port) is normally permitted
2026-06-02 23:58:50: INFO:     Waiting for application shutdown.
2026-06-02 23:58:50: INFO:     Application shutdown complete.
2026-06-02 23:58:58: INFO:     Started server process [7920]
2026-06-02 23:58:58: INFO:     Waiting for application startup.
2026-06-02 23:58:58: 2026-06-02 23:58:58,243 [INFO] trader: Strategy loop started \u2014 EMA 9/21 on BTC/USDT 1h
2026-06-02 23:58:58: INFO:     Application startup complete.
2026-06-02 23:58:58: ERROR:    [Errno 10048] error while attempting to bind on address ('0.0.0.0', 8000): [winerror 10048] only one usage of each socket address (protocol/network address/port) is normally permitted
2026-06-02 23:58:58: INFO:     Waiting for application shutdown.
2026-06-02 23:58:58: INFO:     Application shutdown complete.
2026-06-02 23:59:05: INFO:     Started server process [20544]
2026-06-02 23:59:05: INFO:     Waiting for application startup.
2026-06-02 23:59:05: 2026-06-02 23:59:05,528 [INFO] trader: Strategy loop started \u2014 EMA 9/21 on BTC/USDT 1h
2026-06-02 23:59:05: INFO:     Application startup complete.
2026-06-02 23:59:05: ERROR:    [Errno 10048] error while attempting to bind on address ('0.0.0.0', 8000): [winerror 10048] only one usage of each socket address (protocol/network address/port) is normally permitted
2026-06-02 23:59:05: INFO:     Waiting for application shutdown.
2026-06-02 23:59:05: INFO:     Application shutdown complete.
2026-06-02 23:59:13: INFO:     Started server process [28812]
2026-06-02 23:59:13: INFO:     Waiting for application startup.
2026-06-02 23:59:13: 2026-06-02 23:59:13,566 [INFO] trader: Strategy loop started \u2014 EMA 9/21 on BTC/USDT 1h
2026-06-02 23:59:13: INFO:     Application startup complete.
2026-06-02 23:59:13: ERROR:    [Errno 10048] error while attempting to bind on address ('0.0.0.0', 8000): [winerror 10048] only one usage of each socket address (protocol/network address/port) is normally permitted
2026-06-02 23:59:13: INFO:     Waiting for application shutdown.
2026-06-02 23:59:13: INFO:     Application shutdown complete.
2026-06-02 23:59:21: INFO:     Started server process [23760]
2026-06-02 23:59:21: INFO:     Waiting for application startup.
2026-06-02 23:59:21: 2026-06-02 23:59:21,478 [INFO] trader: Strategy loop started \u2014 EMA 9/21 on BTC/USDT 1h
2026-06-02 23:59:21: INFO:     Application startup complete.
2026-06-02 23:59:21: ERROR:    [Errno 10048] error while attempting to bind on address ('0.0.0.0', 8000): [winerror 10048] only one usage of each socket address (protocol/network address/port) is normally permitted
2026-06-02 23:59:21: INFO:     Waiting for application shutdown.
2026-06-02 23:59:21: INFO:     Application shutdown complete.
2026-06-02 23:59:29: INFO:     Started server process [22560]
2026-06-02 23:59:29: INFO:     Waiting for application startup.
2026-06-02 23:59:29: 2026-06-02 23:59:29,409 [INFO] trader: Strategy loop started \u2014 EMA 9/21 on BTC/USDT 1h
2026-06-02 23:59:29: INFO:     Application startup complete.
2026-06-02 23:59:29: ERROR:    [Errno 10048] error while attempting to bind on address ('0.0.0.0', 8000): [winerror 10048] only one usage of each socket address (protocol/network address/port) is normally permitted
2026-06-02 23:59:29: INFO:     Waiting for application shutdown.
2026-06-02 23:59:29: INFO:     Application shutdown complete.
2026-06-02 23:59:36: INFO:     Started server process [6332]
2026-06-02 23:59:36: INFO:     Waiting for application startup.
2026-06-02 23:59:36: 2026-06-02 23:59:36,758 [INFO] trader: Strategy loop started \u2014 EMA 9/21 on BTC/USDT 1h
2026-06-02 23:59:36: INFO:     Application startup complete.
2026-06-02 23:59:36: ERROR:    [Errno 10048] error while attempting to bind on address ('0.0.0.0', 8000): [winerror 10048] only one usage of each socket address (protocol/network address/port) is normally permitted
2026-06-02 23:59:36: INFO:     Waiting for application shutdown.
2026-06-02 23:59:36: INFO:     Application shutdown complete.
2026-06-02 23:59:44: INFO:     Started server process [25864]
2026-06-02 23:59:44: INFO:     Waiting for application startup.
2026-06-02 23:59:44: 2026-06-02 23:59:44,731 [INFO] trader: Strategy loop started \u2014 EMA 9/21 on BTC/USDT 1h
2026-06-02 23:59:44: INFO:     Application startup complete.
2026-06-02 23:59:44: ERROR:    [Errno 10048] error while attempting to bind on address ('0.0.0.0', 8000): [winerror 10048] only one usage of each socket address (protocol/network address/port) is normally permitted
2026-06-02 23:59:44: INFO:     Waiting for application shutdown.
2026-06-02 23:59:44: INFO:     Application shutdown complete.
2026-06-02 23:59:52: INFO:     Started server process [28272]
2026-06-02 23:59:52: INFO:     Waiting for application startup.
2026-06-02 23:59:52: 2026-06-02 23:59:52,685 [INFO] trader: Strategy loop started \u2014 EMA 9/21 on BTC/USDT 1h
2026-06-02 23:59:52: INFO:     Application startup complete.
2026-06-02 23:59:52: ERROR:    [Errno 10048] error while attempting to bind on address ('0.0.0.0', 8000): [winerror 10048] only one usage of each socket address (protocol/network address/port) is normally permitted
2026-06-02 23:59:52: INFO:     Waiting for application shutdown.
2026-06-02 23:59:52: INFO:     Application shutdown complete.
2026-06-03 00:00:00: INFO:     Started server process [28364]
2026-06-03 00:00:00: INFO:     Waiting for application startup.
2026-06-03 00:00:00: 2026-06-03 00:00:00,774 [INFO] trader: Strategy loop started \u2014 EMA 9/21 on BTC/USDT 1h
2026-06-03 00:00:00: INFO:     Application startup complete.
2026-06-03 00:00:00: ERROR:    [Errno 10048] error while attempting to bind on address ('0.0.0.0', 8000): [winerror 10048] only one usage of each socket address (protocol/network address/port) is normally permitted
2026-06-03 00:00:00: INFO:     Waiting for application shutdown.
2026-06-03 00:00:00: INFO:     Application shutdown complete.
2026-06-03 00:00:08: INFO:     Started server process [420]
2026-06-03 00:00:08: INFO:     Waiting for application startup.
2026-06-03 00:00:08: 2026-06-03 00:00:08,454 [INFO] trader: Strategy loop started \u2014 EMA 9/21 on BTC/USDT 1h
2026-06-03 00:00:08: INFO:     Application startup complete.
2026-06-03 00:00:08: ERROR:    [Errno 10048] error while attempting to bind on address ('0.0.0.0', 8000): [winerror 10048] only one usage of each socket address (protocol/network address/port) is normally permitted
2026-06-03 00:00:08: INFO:     Waiting for application shutdown.
2026-06-03 00:00:08: INFO:     Application shutdown complete.
2026-06-03 00:00:16: INFO:     Started server process [22076]
2026-06-03 00:00:16: INFO:     Waiting for application startup.
2026-06-03 00:00:16: 2026-06-03 00:00:16,572 [INFO] trader: Strategy loop started \u2014 EMA 9/21 on BTC/USDT 1h
2026-06-03 00:00:16: INFO:     Application startup complete.
2026-06-03 00:00:16: ERROR:    [Errno 10048] error while attempting to bind on address ('0.0.0.0', 8000): [winerror 10048] only one usage of each socket address (protocol/network address/port) is normally permitted
2026-06-03 00:00:16: INFO:     Waiting for application shutdown.
2026-06-03 00:00:16: INFO:     Application shutdown complete.
2026-06-03 00:00:24: INFO:     Started server process [30312]
2026-06-03 00:00:24: INFO:     Waiting for application startup.
2026-06-03 00:00:24: 2026-06-03 00:00:24,375 [INFO] trader: Strategy loop started \u2014 EMA 9/21 on BTC/USDT 1h
2026-06-03 00:00:24: INFO:     Application startup complete.
2026-06-03 00:00:24: ERROR:    [Errno 10048] error while attempting to bind on address ('0.0.0.0', 8000): [winerror 10048] only one usage of each socket address (protocol/network address/port) is normally permitted
2026-06-03 00:00:24: INFO:     Waiting for application shutdown.
2026-06-03 00:00:24: INFO:     Application shutdown complete.
2026-06-03 00:00:31: INFO:     Started server process [14900]
2026-06-03 00:00:31: INFO:     Waiting for application startup.
2026-06-03 00:00:31: 2026-06-03 00:00:31,996 [INFO] trader: Strategy loop started \u2014 EMA 9/21 on BTC/USDT 1h
2026-06-03 00:00:31: INFO:     Application startup complete.
2026-06-03 00:00:31: ERROR:    [Errno 10048] error while attempting to bind on address ('0.0.0.0', 8000): [winerror 10048] only one usage of each socket address (protocol/network address/port) is normally permitted
2026-06-03 00:00:31: INFO:     Waiting for application shutdown.
2026-06-03 00:00:31: INFO:     Application shutdown complete.
2026-06-03 00:00:39: INFO:     Started server process [21824]
2026-06-03 00:00:39: INFO:     Waiting for application startup.
2026-06-03 00:00:39: 2026-06-03 00:00:39,349 [INFO] trader: Strategy loop started \u2014 EMA 9/21 on BTC/USDT 1h
2026-06-03 00:00:39: INFO:     Application startup complete.
2026-06-03 00:00:39: ERROR:    [Errno 10048] error while attempting to bind on address ('0.0.0.0', 8000): [winerror 10048] only one usage of each socket address (protocol/network address/port) is normally permitted
2026-06-03 00:00:39: INFO:     Waiting for application shutdown.
2026-06-03 00:00:39: INFO:     Application shutdown complete.
2026-06-03 00:00:46: INFO:     Started server process [23020]
2026-06-03 00:00:46: INFO:     Waiting for application startup.
2026-06-03 00:00:46: 2026-06-03 00:00:46,830 [INFO] trader: Strategy loop started \u2014 EMA 9/21 on BTC/USDT 1h
2026-06-03 00:00:46: INFO:     Application startup complete.
2026-06-03 00:00:46: ERROR:    [Errno 10048] error while attempting to bind on address ('0.0.0.0', 8000): [winerror 10048] only one usage of each socket address (protocol/network address/port) is normally permitted
2026-06-03 00:00:46: INFO:     Waiting for application shutdown.
2026-06-03 00:00:46: INFO:     Application shutdown complete.
2026-06-03 00:00:54: INFO:     Started server process [28724]
2026-06-03 00:00:54: INFO:     Waiting for application startup.
2026-06-03 00:00:54: 2026-06-03 00:00:54,220 [INFO] trader: Strategy loop started \u2014 EMA 9/21 on BTC/USDT 1h
2026-06-03 00:00:54: INFO:     Application startup complete.
2026-06-03 00:00:54: ERROR:    [Errno 10048] error while attempting to bind on address ('0.0.0.0', 8000): [winerror 10048] only one usage of each socket address (protocol/network address/port) is normally permitted
2026-06-03 00:00:54: INFO:     Waiting for application shutdown.
2026-06-03 00:00:54: INFO:     Application shutdown complete.
2026-06-03 00:01:01: INFO:     Started server process [26740]
2026-06-03 00:01:01: INFO:     Waiting for application startup.
2026-06-03 00:01:01: 2026-06-03 00:01:01,480 [INFO] trader: Strategy loop started \u2014 EMA 9/21 on BTC/USDT 1h
2026-06-03 00:01:01: INFO:     Application startup complete.
2026-06-03 00:01:01: ERROR:    [Errno 10048] error while attempting to bind on address ('0.0.0.0', 8000): [winerror 10048] only one usage of each socket address (protocol/network address/port) is normally permitted
2026-06-03 00:01:01: INFO:     Waiting for application shutdown.
2026-06-03 00:01:01: INFO:     Application shutdown complete.
2026-06-03 00:01:09: INFO:     Started server process [23908]
2026-06-03 00:01:09: INFO:     Waiting for application startup.
2026-06-03 00:01:09: 2026-06-03 00:01:09,083 [INFO] trader: Strategy loop started \u2014 EMA 9/21 on BTC/USDT 1h
2026-06-03 00:01:09: INFO:     Application startup complete.
2026-06-03 00:01:09: ERROR:    [Errno 10048] error while attempting to bind on address ('0.0.0.0', 8000): [winerror 10048] only one usage of each socket address (protocol/network address/port) is normally permitted
2026-06-03 00:01:09: INFO:     Waiting for application shutdown.
2026-06-03 00:01:09: INFO:     Application shutdown complete.
2026-06-03 00:01:17: INFO:     Started server process [14768]
2026-06-03 00:01:17: INFO:     Waiting for application startup.
2026-06-03 00:01:17: 2026-06-03 00:01:17,033 [INFO] trader: Strategy loop started \u2014 EMA 9/21 on BTC/USDT 1h
2026-06-03 00:01:17: INFO:     Application startup complete.
2026-06-03 00:01:17: ERROR:    [Errno 10048] error while attempting to bind on address ('0.0.0.0', 8000): [winerror 10048] only one usage of each socket address (protocol/network address/port) is normally permitted
2026-06-03 00:01:17: INFO:     Waiting for application shutdown.
2026-06-03 00:01:17: INFO:     Application shutdown complete.
2026-06-03 00:01:24: INFO:     Started server process [28856]
2026-06-03 00:01:24: INFO:     Waiting for application startup.
2026-06-03 00:01:24: 2026-06-03 00:01:24,470 [INFO] trader: Strategy loop started \u2014 EMA 9/21 on BTC/USDT 1h
2026-06-03 00:01:24: INFO:     Application startup complete.
2026-06-03 00:01:24: ERROR:    [Errno 10048] error while attempting to bind on address ('0.0.0.0', 8000): [winerror 10048] only one usage of each socket address (protocol/network address/port) is normally permitted
2026-06-03 00:01:24: INFO:     Waiting for application shutdown.
2026-06-03 00:01:24: INFO:     Application shutdown complete.
2026-06-03 00:01:32: INFO:     Started server process [9480]
2026-06-03 00:01:32: INFO:     Waiting for application startup.
2026-06-03 00:01:32: 2026-06-03 00:01:32,260 [INFO] trader: Strategy loop started \u2014 EMA 9/21 on BTC/USDT 1h
2026-06-03 00:01:32: INFO:     Application startup complete.
2026-06-03 00:01:32: ERROR:    [Errno 10048] error while attempting to bind on address ('0.0.0.0', 8000): [winerror 10048] only one usage of each socket address (protocol/network address/port) is normally permitted
2026-06-03 00:01:32: INFO:     Waiting for application shutdown.
2026-06-03 00:01:32: INFO:     Application shutdown complete.
2026-06-03 00:01:41: INFO:     Started server process [21060]
2026-06-03 00:01:41: INFO:     Waiting for application startup.
2026-06-03 00:01:41: 2026-06-03 00:01:41,798 [INFO] trader: Strategy loop started \u2014 EMA 9/21 on BTC/USDT 1h
2026-06-03 00:01:41: INFO:     Application startup complete.
2026-06-03 00:01:41: ERROR:    [Errno 10048] error while attempting to bind on address ('0.0.0.0', 8000): [winerror 10048] only one usage of each socket address (protocol/network address/port) is normally permitted
2026-06-03 00:01:41: INFO:     Waiting for application shutdown.
2026-06-03 00:01:41: INFO:     Application shutdown complete.
2026-06-03 00:01:49: INFO:     Started server process [448]
2026-06-03 00:01:49: INFO:     Waiting for application startup.
2026-06-03 00:01:49: 2026-06-03 00:01:49,696 [INFO] trader: Strategy loop started \u2014 EMA 9/21 on BTC/USDT 1h
2026-06-03 00:01:49: INFO:     Application startup complete.
2026-06-03 00:01:49: ERROR:    [Errno 10048] error while attempting to bind on address ('0.0.0.0', 8000): [winerror 10048] only one usage of each socket address (protocol/network address/port) is normally permitted
2026-06-03 00:01:49: INFO:     Waiting for application shutdown.
2026-06-03 00:01:49: INFO:     Application shutdown complete.
2026-06-03 00:01:57: INFO:     Started server process [23172]
2026-06-03 00:01:57: INFO:     Waiting for application startup.
2026-06-03 00:01:57: 2026-06-03 00:01:57,446 [INFO] trader: Strategy loop started \u2014 EMA 9/21 on BTC/USDT 1h
2026-06-03 00:01:57: INFO:     Application startup complete.
2026-06-03 00:01:57: ERROR:    [Errno 10048] error while attempting to bind on address ('0.0.0.0', 8000): [winerror 10048] only one usage of each socket address (protocol/network address/port) is normally permitted
2026-06-03 00:01:57: INFO:     Waiting for application shutdown.
2026-06-03 00:01:57: INFO:     Application shutdown complete.
2026-06-03 00:02:05: INFO:     Started server process [30072]
2026-06-03 00:02:05: INFO:     Waiting for application startup.
2026-06-03 00:02:05: 2026-06-03 00:02:05,063 [INFO] trader: Strategy loop started \u2014 EMA 9/21 on BTC/USDT 1h
2026-06-03 00:02:05: INFO:     Application startup complete.
2026-06-03 00:02:05: ERROR:    [Errno 10048] error while attempting to bind on address ('0.0.0.0', 8000): [winerror 10048] only one usage of each socket address (protocol/network address/port) is normally permitted
2026-06-03 00:02:05: INFO:     Waiting for application shutdown.
2026-06-03 00:02:05: INFO:     Application shutdown complete.
2026-06-03 00:02:12: INFO:     Started server process [30348]
2026-06-03 00:02:12: INFO:     Waiting for application startup.
2026-06-03 00:02:12: 2026-06-03 00:02:12,454 [INFO] trader: Strategy loop started \u2014 EMA 9/21 on BTC/USDT 1h
2026-06-03 00:02:12: INFO:     Application startup complete.
2026-06-03 00:02:12: ERROR:    [Errno 10048] error while attempting to bind on address ('0.0.0.0', 8000): [winerror 10048] only one usage of each socket address (protocol/network address/port) is normally permitted
2026-06-03 00:02:12: INFO:     Waiting for application shutdown.
2026-06-03 00:02:12: INFO:     Application shutdown complete.
2026-06-03 00:02:20: INFO:     Started server process [24968]
2026-06-03 00:02:20: INFO:     Waiting for application startup.
2026-06-03 00:02:20: 2026-06-03 00:02:20,237 [INFO] trader: Strategy loop started \u2014 EMA 9/21 on BTC/USDT 1h
2026-06-03 00:02:20: INFO:     Application startup complete.
2026-06-03 00:02:20: ERROR:    [Errno 10048] error while attempting to bind on address ('0.0.0.0', 8000): [winerror 10048] only one usage of each socket address (protocol/network address/port) is normally permitted
2026-06-03 00:02:20: INFO:     Waiting for application shutdown.
2026-06-03 00:02:20: INFO:     Application shutdown complete.
2026-06-03 00:02:27: INFO:     Started server process [23492]
2026-06-03 00:02:27: INFO:     Waiting for application startup.
2026-06-03 00:02:27: 2026-06-03 00:02:27,722 [INFO] trader: Strategy loop started \u2014 EMA 9/21 on BTC/USDT 1h
2026-06-03 00:02:27: INFO:     Application startup complete.
2026-06-03 00:02:27: ERROR:    [Errno 10048] error while attempting to bind on address ('0.0.0.0', 8000): [winerror 10048] only one usage of each socket address (protocol/network address/port) is normally permitted
2026-06-03 00:02:27: INFO:     Waiting for application shutdown.
2026-06-03 00:02:27: INFO:     Application shutdown complete.
2026-06-03 00:02:35: INFO:     Started server process [24864]
2026-06-03 00:02:35: INFO:     Waiting for application startup.
2026-06-03 00:02:35: 2026-06-03 00:02:35,316 [INFO] trader: Strategy loop started \u2014 EMA 9/21 on BTC/USDT 1h
2026-06-03 00:02:35: INFO:     Application startup complete.
2026-06-03 00:02:35: ERROR:    [Errno 10048] error while attempting to bind on address ('0.0.0.0', 8000): [winerror 10048] only one usage of each socket address (protocol/network address/port) is normally permitted
2026-06-03 00:02:35: INFO:     Waiting for application shutdown.
2026-06-03 00:02:35: INFO:     Application shutdown complete.
2026-06-03 00:02:42: INFO:     Started server process [27856]
2026-06-03 00:02:42: INFO:     Waiting for application startup.
2026-06-03 00:02:42: 2026-06-03 00:02:42,669 [INFO] trader: Strategy loop started \u2014 EMA 9/21 on BTC/USDT 1h
2026-06-03 00:02:42: INFO:     Application startup complete.
2026-06-03 00:02:42: ERROR:    [Errno 10048] error while attempting to bind on address ('0.0.0.0', 8000): [winerror 10048] only one usage of each socket address (protocol/network address/port) is normally permitted
2026-06-03 00:02:42: INFO:     Waiting for application shutdown.
2026-06-03 00:02:42: INFO:     Application shutdown complete.
2026-06-03 00:02:50: INFO:     Started server process [15452]
2026-06-03 00:02:50: INFO:     Waiting for application startup.
2026-06-03 00:02:50: 2026-06-03 00:02:50,732 [INFO] trader: Strategy loop started \u2014 EMA 9/21 on BTC/USDT 1h
2026-06-03 00:02:50: INFO:     Application startup complete.
2026-06-03 00:02:50: ERROR:    [Errno 10048] error while attempting to bind on address ('0.0.0.0', 8000): [winerror 10048] only one usage of each socket address (protocol/network address/port) is normally permitted
2026-06-03 00:02:50: INFO:     Waiting for application shutdown.
2026-06-03 00:02:50: INFO:     Application shutdown complete.
2026-06-03 00:02:59: INFO:     Started server process [9676]
2026-06-03 00:02:59: INFO:     Waiting for application startup.
2026-06-03 00:02:59: 2026-06-03 00:02:59,167 [INFO] trader: Strategy loop started \u2014 EMA 9/21 on BTC/USDT 1h
2026-06-03 00:02:59: INFO:     Application startup complete.
2026-06-03 00:02:59: ERROR:    [Errno 10048] error while attempting to bind on address ('0.0.0.0', 8000): [winerror 10048] only one usage of each socket address (protocol/network address/port) is normally permitted
2026-06-03 00:02:59: INFO:     Waiting for application shutdown.
2026-06-03 00:02:59: INFO:     Application shutdown complete.
2026-06-03 00:03:08: INFO:     Started server process [22044]
2026-06-03 00:03:08: INFO:     Waiting for application startup.
2026-06-03 00:03:08: 2026-06-03 00:03:08,361 [INFO] trader: Strategy loop started \u2014 EMA 9/21 on BTC/USDT 1h
2026-06-03 00:03:08: INFO:     Application startup complete.
2026-06-03 00:03:08: ERROR:    [Errno 10048] error while attempting to bind on address ('0.0.0.0', 8000): [winerror 10048] only one usage of each socket address (protocol/network address/port) is normally permitted
2026-06-03 00:03:08: INFO:     Waiting for application shutdown.
2026-06-03 00:03:08: INFO:     Application shutdown complete.
2026-06-03 00:03:16: INFO:     Started server process [11440]
2026-06-03 00:03:16: INFO:     Waiting for application startup.
2026-06-03 00:03:16: 2026-06-03 00:03:16,868 [INFO] trader: Strategy loop started \u2014 EMA 9/21 on BTC/USDT 1h
2026-06-03 00:03:16: INFO:     Application startup complete.
2026-06-03 00:03:16: ERROR:    [Errno 10048] error while attempting to bind on address ('0.0.0.0', 8000): [winerror 10048] only one usage of each socket address (protocol/network address/port) is normally permitted
2026-06-03 00:03:16: INFO:     Waiting for application shutdown.
2026-06-03 00:03:16: INFO:     Application shutdown complete.
2026-06-03 00:03:24: INFO:     Started server process [30204]
2026-06-03 00:03:24: INFO:     Waiting for application startup.
2026-06-03 00:03:24: 2026-06-03 00:03:24,338 [INFO] trader: Strategy loop started \u2014 EMA 9/21 on BTC/USDT 1h
2026-06-03 00:03:24: INFO:     Application startup complete.
2026-06-03 00:03:24: ERROR:    [Errno 10048] error while attempting to bind on address ('0.0.0.0', 8000): [winerror 10048] only one usage of each socket address (protocol/network address/port) is normally permitted
2026-06-03 00:03:24: INFO:     Waiting for application shutdown.
2026-06-03 00:03:24: INFO:     Application shutdown complete.
2026-06-03 00:03:31: INFO:     Started server process [17020]
2026-06-03 00:03:31: INFO:     Waiting for application startup.
2026-06-03 00:03:31: 2026-06-03 00:03:31,982 [INFO] trader: Strategy loop started \u2014 EMA 9/21 on BTC/USDT 1h
2026-06-03 00:03:31: INFO:     Application startup complete.
2026-06-03 00:03:31: ERROR:    [Errno 10048] error while attempting to bind on address ('0.0.0.0', 8000): [winerror 10048] only one usage of each socket address (protocol/network address/port) is normally permitted
2026-06-03 00:03:31: INFO:     Waiting for application shutdown.
2026-06-03 00:03:31: INFO:     Application shutdown complete.
2026-06-03 00:03:39: INFO:     Started server process [23472]
2026-06-03 00:03:39: INFO:     Waiting for application startup.
2026-06-03 00:03:39: 2026-06-03 00:03:39,208 [INFO] trader: Strategy loop started \u2014 EMA 9/21 on BTC/USDT 1h
2026-06-03 00:03:39: INFO:     Application startup complete.
2026-06-03 00:03:39: ERROR:    [Errno 10048] error while attempting to bind on address ('0.0.0.0', 8000): [winerror 10048] only one usage of each socket address (protocol/network address/port) is normally permitted
2026-06-03 00:03:39: INFO:     Waiting for application shutdown.
2026-06-03 00:03:39: INFO:     Application shutdown complete.
2026-06-03 00:03:46: INFO:     Started server process [17628]
2026-06-03 00:03:46: INFO:     Waiting for application startup.
2026-06-03 00:03:46: 2026-06-03 00:03:46,782 [INFO] trader: Strategy loop started \u2014 EMA 9/21 on BTC/USDT 1h
2026-06-03 00:03:46: INFO:     Application startup complete.
2026-06-03 00:03:46: ERROR:    [Errno 10048] error while attempting to bind on address ('0.0.0.0', 8000): [winerror 10048] only one usage of each socket address (protocol/network address/port) is normally permitted
2026-06-03 00:03:46: INFO:     Waiting for application shutdown.
2026-06-03 00:03:46: INFO:     Application shutdown complete.
2026-06-03 00:03:54: INFO:     Started server process [1788]
2026-06-03 00:03:54: INFO:     Waiting for application startup.
2026-06-03 00:03:54: 2026-06-03 00:03:54,249 [INFO] trader: Strategy loop started \u2014 EMA 9/21 on BTC/USDT 1h
2026-06-03 00:03:54: INFO:     Application startup complete.
2026-06-03 00:03:54: ERROR:    [Errno 10048] error while attempting to bind on address ('0.0.0.0', 8000): [winerror 10048] only one usage of each socket address (protocol/network address/port) is normally permitted
2026-06-03 00:03:54: INFO:     Waiting for application shutdown.
2026-06-03 00:03:54: INFO:     Application shutdown complete.
2026-06-03 00:04:02: INFO:     Started server process [29908]
2026-06-03 00:04:02: INFO:     Waiting for application startup.
2026-06-03 00:04:02: 2026-06-03 00:04:02,683 [INFO] trader: Strategy loop started \u2014 EMA 9/21 on BTC/USDT 1h
2026-06-03 00:04:02: INFO:     Application startup complete.
2026-06-03 00:04:02: ERROR:    [Errno 10048] error while attempting to bind on address ('0.0.0.0', 8000): [winerror 10048] only one usage of each socket address (protocol/network address/port) is normally permitted
2026-06-03 00:04:02: INFO:     Waiting for application shutdown.
2026-06-03 00:04:02: INFO:     Application shutdown complete.
2026-06-03 00:04:11: INFO:     Started server process [7980]
2026-06-03 00:04:11: INFO:     Waiting for application startup.
2026-06-03 00:04:11: 2026-06-03 00:04:11,129 [INFO] trader: Strategy loop started \u2014 EMA 9/21 on BTC/USDT 1h
2026-06-03 00:04:11: INFO:     Application startup complete.
2026-06-03 00:04:11: ERROR:    [Errno 10048] error while attempting to bind on address ('0.0.0.0', 8000): [winerror 10048] only one usage of each socket address (protocol/network address/port) is normally permitted
2026-06-03 00:04:11: INFO:     Waiting for application shutdown.
2026-06-03 00:04:11: INFO:     Application shutdown complete.
2026-06-03 00:04:22: INFO:     Started server process [20944]
2026-06-03 00:04:22: INFO:     Waiting for application startup.
2026-06-03 00:04:22: 2026-06-03 00:04:22,558 [INFO] trader: Strategy loop started \u2014 EMA 9/21 on BTC/USDT 1h
2026-06-03 00:04:22: INFO:     Application startup complete.
2026-06-03 00:04:22: ERROR:    [Errno 10048] error while attempting to bind on address ('0.0.0.0', 8000): [winerror 10048] only one usage of each socket address (protocol/network address/port) is normally permitted
2026-06-03 00:04:22: INFO:     Waiting for application shutdown.
2026-06-03 00:04:22: INFO:     Application shutdown complete.
2026-06-03 00:04:29: INFO:     Started server process [28236]
2026-06-03 00:04:29: INFO:     Waiting for application startup.
2026-06-03 00:04:29: 2026-06-03 00:04:29,778 [INFO] trader: Strategy loop started \u2014 EMA 9/21 on BTC/USDT 1h
2026-06-03 00:04:29: INFO:     Application startup complete.
2026-06-03 00:04:29: ERROR:    [Errno 10048] error while attempting to bind on address ('0.0.0.0', 8000): [winerror 10048] only one usage of each socket address (protocol/network address/port) is normally permitted
2026-06-03 00:04:29: INFO:     Waiting for application shutdown.
2026-06-03 00:04:29: INFO:     Application shutdown complete.
2026-06-03 00:04:37: INFO:     Started server process [24812]
2026-06-03 00:04:37: INFO:     Waiting for application startup.
2026-06-03 00:04:37: 2026-06-03 00:04:37,409 [INFO] trader: Strategy loop started \u2014 EMA 9/21 on BTC/USDT 1h
2026-06-03 00:04:37: INFO:     Application startup complete.
2026-06-03 00:04:37: ERROR:    [Errno 10048] error while attempting to bind on address ('0.0.0.0', 8000): [winerror 10048] only one usage of each socket address (protocol/network address/port) is normally permitted
2026-06-03 00:04:37: INFO:     Waiting for application shutdown.
2026-06-03 00:04:37: INFO:     Application shutdown complete.
2026-06-03 00:04:45: INFO:     Started server process [10400]
2026-06-03 00:04:45: INFO:     Waiting for application startup.
2026-06-03 00:04:45: 2026-06-03 00:04:45,309 [INFO] trader: Strategy loop started \u2014 EMA 9/21 on BTC/USDT 1h
2026-06-03 00:04:45: INFO:     Application startup complete.
2026-06-03 00:04:45: ERROR:    [Errno 10048] error while attempting to bind on address ('0.0.0.0', 8000): [winerror 10048] only one usage of each socket address (protocol/network address/port) is normally permitted
2026-06-03 00:04:45: INFO:     Waiting for application shutdown.
2026-06-03 00:04:45: INFO:     Application shutdown complete.
2026-06-03 00:04:52: INFO:     Started server process [28800]
2026-06-03 00:04:52: INFO:     Waiting for application startup.
2026-06-03 00:04:52: 2026-06-03 00:04:52,877 [INFO] trader: Strategy loop started \u2014 EMA 9/21 on BTC/USDT 1h
2026-06-03 00:04:52: INFO:     Application startup complete.
2026-06-03 00:04:52: ERROR:    [Errno 10048] error while attempting to bind on address ('0.0.0.0', 8000): [winerror 10048] only one usage of each socket address (protocol/network address/port) is normally permitted
2026-06-03 00:04:52: INFO:     Waiting for application shutdown.
2026-06-03 00:04:52: INFO:     Application shutdown complete.
2026-06-03 00:05:00: INFO:     Started server process [17464]
2026-06-03 00:05:00: INFO:     Waiting for application startup.
2026-06-03 00:05:00: 2026-06-03 00:05:00,416 [INFO] trader: Strategy loop started \u2014 EMA 9/21 on BTC/USDT 1h
2026-06-03 00:05:00: INFO:     Application startup complete.
2026-06-03 00:05:00: ERROR:    [Errno 10048] error while attempting to bind on address ('0.0.0.0', 8000): [winerror 10048] only one usage of each socket address (protocol/network address/port) is normally permitted
2026-06-03 00:05:00: INFO:     Waiting for application shutdown.
2026-06-03 00:05:00: INFO:     Application shutdown complete.
2026-06-03 00:05:08: INFO:     Started server process [14724]
2026-06-03 00:05:08: INFO:     Waiting for application startup.
2026-06-03 00:05:08: 2026-06-03 00:05:08,521 [INFO] trader: Strategy loop started \u2014 EMA 9/21 on BTC/USDT 1h
2026-06-03 00:05:08: INFO:     Application startup complete.
2026-06-03 00:05:08: ERROR:    [Errno 10048] error while attempting to bind on address ('0.0.0.0', 8000): [winerror 10048] only one usage of each socket address (protocol/network address/port) is normally permitted
2026-06-03 00:05:08: INFO:     Waiting for application shutdown.
2026-06-03 00:05:08: INFO:     Application shutdown complete.
2026-06-03 00:05:16: INFO:     Started server process [29752]
2026-06-03 00:05:16: INFO:     Waiting for application startup.
2026-06-03 00:05:16: 2026-06-03 00:05:16,666 [INFO] trader: Strategy loop started \u2014 EMA 9/21 on BTC/USDT 1h
2026-06-03 00:05:16: INFO:     Application startup complete.
2026-06-03 00:05:16: ERROR:    [Errno 10048] error while attempting to bind on address ('0.0.0.0', 8000): [winerror 10048] only one usage of each socket address (protocol/network address/port) is normally permitted
2026-06-03 00:05:16: INFO:     Waiting for application shutdown.
2026-06-03 00:05:16: INFO:     Application shutdown complete.
2026-06-03 00:05:24: INFO:     Started server process [28052]
2026-06-03 00:05:24: INFO:     Waiting for application startup.
2026-06-03 00:05:24: 2026-06-03 00:05:24,206 [INFO] trader: Strategy loop started \u2014 EMA 9/21 on BTC/USDT 1h
2026-06-03 00:05:24: INFO:     Application startup complete.
2026-06-03 00:05:24: ERROR:    [Errno 10048] error while attempting to bind on address ('0.0.0.0', 8000): [winerror 10048] only one usage of each socket address (protocol/network address/port) is normally permitted
2026-06-03 00:05:24: INFO:     Waiting for application shutdown.
2026-06-03 00:05:24: INFO:     Application shutdown complete.
2026-06-03 00:05:31: INFO:     Started server process [8260]
2026-06-03 00:05:31: INFO:     Waiting for application startup.
2026-06-03 00:05:31: 2026-06-03 00:05:31,821 [INFO] trader: Strategy loop started \u2014 EMA 9/21 on BTC/USDT 1h
2026-06-03 00:05:31: INFO:     Application startup complete.
2026-06-03 00:05:31: ERROR:    [Errno 10048] error while attempting to bind on address ('0.0.0.0', 8000): [winerror 10048] only one usage of each socket address (protocol/network address/port) is normally permitted
2026-06-03 00:05:31: INFO:     Waiting for application shutdown.
2026-06-03 00:05:31: INFO:     Application shutdown complete.
2026-06-03 00:05:39: INFO:     Started server process [28916]
2026-06-03 00:05:39: INFO:     Waiting for application startup.
2026-06-03 00:05:39: 2026-06-03 00:05:39,359 [INFO] trader: Strategy loop started \u2014 EMA 9/21 on BTC/USDT 1h
2026-06-03 00:05:39: INFO:     Application startup complete.
2026-06-03 00:05:39: ERROR:    [Errno 10048] error while attempting to bind on address ('0.0.0.0', 8000): [winerror 10048] only one usage of each socket address (protocol/network address/port) is normally permitted
2026-06-03 00:05:39: INFO:     Waiting for application shutdown.
2026-06-03 00:05:39: INFO:     Application shutdown complete.
2026-06-03 00:05:47: INFO:     Started server process [19244]
2026-06-03 00:05:47: INFO:     Waiting for application startup.
2026-06-03 00:05:47: 2026-06-03 00:05:47,290 [INFO] trader: Strategy loop started \u2014 EMA 9/21 on BTC/USDT 1h
2026-06-03 00:05:47: INFO:     Application startup complete.
2026-06-03 00:05:47: ERROR:    [Errno 10048] error while attempting to bind on address ('0.0.0.0', 8000): [winerror 10048] only one usage of each socket address (protocol/network address/port) is normally permitted
2026-06-03 00:05:47: INFO:     Waiting for application shutdown.
2026-06-03 00:05:47: INFO:     Application shutdown complete.
2026-06-03 00:05:54: INFO:     Started server process [3972]
2026-06-03 00:05:54: INFO:     Waiting for application startup.
2026-06-03 00:05:54: 2026-06-03 00:05:54,710 [INFO] trader: Strategy loop started \u2014 EMA 9/21 on BTC/USDT 1h
2026-06-03 00:05:54: INFO:     Application startup complete.
2026-06-03 00:05:54: ERROR:    [Errno 10048] error while attempting to bind on address ('0.0.0.0', 8000): [winerror 10048] only one usage of each socket address (protocol/network address/port) is normally permitted
2026-06-03 00:05:54: INFO:     Waiting for application shutdown.
2026-06-03 00:05:54: INFO:     Application shutdown complete.
2026-06-03 00:06:01: INFO:     Started server process [29572]
2026-06-03 00:06:01: INFO:     Waiting for application startup.
2026-06-03 00:06:01: 2026-06-03 00:06:01,979 [INFO] trader: Strategy loop started \u2014 EMA 9/21 on BTC/USDT 1h
2026-06-03 00:06:01: INFO:     Application startup complete.
2026-06-03 00:06:01: ERROR:    [Errno 10048] error while attempting to bind on address ('0.0.0.0', 8000): [winerror 10048] only one usage of each socket address (protocol/network address/port) is normally permitted
2026-06-03 00:06:01: INFO:     Waiting for application shutdown.
2026-06-03 00:06:01: INFO:     Application shutdown complete.
2026-06-03 00:06:09: INFO:     Started server process [23976]
2026-06-03 00:06:09: INFO:     Waiting for application startup.
2026-06-03 00:06:09: 2026-06-03 00:06:09,650 [INFO] trader: Strategy loop started \u2014 EMA 9/21 on BTC/USDT 1h
2026-06-03 00:06:09: INFO:     Application startup complete.
2026-06-03 00:06:09: ERROR:    [Errno 10048] error while attempting to bind on address ('0.0.0.0', 8000): [winerror 10048] only one usage of each socket address (protocol/network address/port) is normally permitted
2026-06-03 00:06:09: INFO:     Waiting for application shutdown.
2026-06-03 00:06:09: INFO:     Application shutdown complete.
2026-06-03 00:06:17: INFO:     Started server process [28588]
2026-06-03 00:06:17: INFO:     Waiting for application startup.
2026-06-03 00:06:17: 2026-06-03 00:06:17,503 [INFO] trader: Strategy loop started \u2014 EMA 9/21 on BTC/USDT 1h
2026-06-03 00:06:17: INFO:     Application startup complete.
2026-06-03 00:06:17: ERROR:    [Errno 10048] error while attempting to bind on address ('0.0.0.0', 8000): [winerror 10048] only one usage of each socket address (protocol/network address/port) is normally permitted
2026-06-03 00:06:17: INFO:     Waiting for application shutdown.
2026-06-03 00:06:17: INFO:     Application shutdown complete.
2026-06-03 00:06:25: INFO:     Started server process [27944]
2026-06-03 00:06:25: INFO:     Waiting for application startup.
2026-06-03 00:06:25: 2026-06-03 00:06:25,257 [INFO] trader: Strategy loop started \u2014 EMA 9/21 on BTC/USDT 1h
2026-06-03 00:06:25: INFO:     Application startup complete.
2026-06-03 00:06:25: ERROR:    [Errno 10048] error while attempting to bind on address ('0.0.0.0', 8000): [winerror 10048] only one usage of each socket address (protocol/network address/port) is normally permitted
2026-06-03 00:06:25: INFO:     Waiting for application shutdown.
2026-06-03 00:06:25: INFO:     Application shutdown complete.
2026-06-03 00:06:32: INFO:     Started server process [6024]
2026-06-03 00:06:32: INFO:     Waiting for application startup.
2026-06-03 00:06:32: 2026-06-03 00:06:32,548 [INFO] trader: Strategy loop started \u2014 EMA 9/21 on BTC/USDT 1h
2026-06-03 00:06:32: INFO:     Application startup complete.
2026-06-03 00:06:32: ERROR:    [Errno 10048] error while attempting to bind on address ('0.0.0.0', 8000): [winerror 10048] only one usage of each socket address (protocol/network address/port) is normally permitted
2026-06-03 00:06:32: INFO:     Waiting for application shutdown.
2026-06-03 00:06:32: INFO:     Application shutdown complete.
2026-06-03 00:06:39: INFO:     Started server process [23492]
2026-06-03 00:06:39: INFO:     Waiting for application startup.
2026-06-03 00:06:39: 2026-06-03 00:06:39,875 [INFO] trader: Strategy loop started \u2014 EMA 9/21 on BTC/USDT 1h
2026-06-03 00:06:39: INFO:     Application startup complete.
2026-06-03 00:06:39: ERROR:    [Errno 10048] error while attempting to bind on address ('0.0.0.0', 8000): [winerror 10048] only one usage of each socket address (protocol/network address/port) is normally permitted
2026-06-03 00:06:39: INFO:     Waiting for application shutdown.
2026-06-03 00:06:39: INFO:     Application shutdown complete.
2026-06-03 00:06:49: INFO:     Started server process [23212]
2026-06-03 00:06:49: INFO:     Waiting for application startup.
2026-06-03 00:06:49: 2026-06-03 00:06:49,093 [INFO] trader: Strategy loop started \u2014 EMA 9/21 on BTC/USDT 1h
2026-06-03 00:06:49: INFO:     Application startup complete.
2026-06-03 00:06:49: ERROR:    [Errno 10048] error while attempting to bind on address ('0.0.0.0', 8000): [winerror 10048] only one usage of each socket address (protocol/network address/port) is normally permitted
2026-06-03 00:06:49: INFO:     Waiting for application shutdown.
2026-06-03 00:06:49: INFO:     Application shutdown complete.
2026-06-03 00:06:56: INFO:     Started server process [12408]
2026-06-03 00:06:56: INFO:     Waiting for application startup.
2026-06-03 00:06:56: 2026-06-03 00:06:56,321 [INFO] trader: Strategy loop started \u2014 EMA 9/21 on BTC/USDT 1h
2026-06-03 00:06:56: INFO:     Application startup complete.
2026-06-03 00:06:56: ERROR:    [Errno 10048] error while attempting to bind on address ('0.0.0.0', 8000): [winerror 10048] only one usage of each socket address (protocol/network address/port) is normally permitted
2026-06-03 00:06:56: INFO:     Waiting for application shutdown.
2026-06-03 00:06:56: INFO:     Application shutdown complete.
2026-06-03 00:07:03: INFO:     Started server process [6172]
2026-06-03 00:07:03: INFO:     Waiting for application startup.
2026-06-03 00:07:03: 2026-06-03 00:07:03,697 [INFO] trader: Strategy loop started \u2014 EMA 9/21 on BTC/USDT 1h
2026-06-03 00:07:03: INFO:     Application startup complete.
2026-06-03 00:07:03: ERROR:    [Errno 10048] error while attempting to bind on address ('0.0.0.0', 8000): [winerror 10048] only one usage of each socket address (protocol/network address/port) is normally permitted
2026-06-03 00:07:03: INFO:     Waiting for application shutdown.
2026-06-03 00:07:03: INFO:     Application shutdown complete.
2026-06-03 00:07:11: INFO:     Started server process [21824]
2026-06-03 00:07:11: INFO:     Waiting for application startup.
2026-06-03 00:07:11: 2026-06-03 00:07:11,201 [INFO] trader: Strategy loop started \u2014 EMA 9/21 on BTC/USDT 1h
2026-06-03 00:07:11: INFO:     Application startup complete.
2026-06-03 00:07:11: ERROR:    [Errno 10048] error while attempting to bind on address ('0.0.0.0', 8000): [winerror 10048] only one usage of each socket address (protocol/network address/port) is normally permitted
2026-06-03 00:07:11: INFO:     Waiting for application shutdown.
2026-06-03 00:07:11: INFO:     Application shutdown complete.
2026-06-03 00:07:18: INFO:     Started server process [17088]
2026-06-03 00:07:18: INFO:     Waiting for application startup.
2026-06-03 00:07:18: 2026-06-03 00:07:18,475 [INFO] trader: Strategy loop started \u2014 EMA 9/21 on BTC/USDT 1h
2026-06-03 00:07:18: INFO:     Application startup complete.
2026-06-03 00:07:18: ERROR:    [Errno 10048] error while attempting to bind on address ('0.0.0.0', 8000): [winerror 10048] only one usage of each socket address (protocol/network address/port) is normally permitted
2026-06-03 00:07:18: INFO:     Waiting for application shutdown.
2026-06-03 00:07:18: INFO:     Application shutdown complete.
2026-06-03 00:07:25: INFO:     Started server process [30300]
2026-06-03 00:07:25: INFO:     Waiting for application startup.
2026-06-03 00:07:25: 2026-06-03 00:07:25,852 [INFO] trader: Strategy loop started \u2014 EMA 9/21 on BTC/USDT 1h
2026-06-03 00:07:25: INFO:     Application startup complete.
2026-06-03 00:07:25: ERROR:    [Errno 10048] error while attempting to bind on address ('0.0.0.0', 8000): [winerror 10048] only one usage of each socket address (protocol/network address/port) is normally permitted
2026-06-03 00:07:25: INFO:     Waiting for application shutdown.
2026-06-03 00:07:25: INFO:     Application shutdown complete.
2026-06-03 00:07:33: INFO:     Started server process [30200]
2026-06-03 00:07:33: INFO:     Waiting for application startup.
2026-06-03 00:07:33: 2026-06-03 00:07:33,132 [INFO] trader: Strategy loop started \u2014 EMA 9/21 on BTC/USDT 1h
2026-06-03 00:07:33: INFO:     Application startup complete.
2026-06-03 00:07:33: ERROR:    [Errno 10048] error while attempting to bind on address ('0.0.0.0', 8000): [winerror 10048] only one usage of each socket address (protocol/network address/port) is normally permitted
2026-06-03 00:07:33: INFO:     Waiting for application shutdown.
2026-06-03 00:07:33: INFO:     Application shutdown complete.
2026-06-03 00:07:40: INFO:     Started server process [26644]
2026-06-03 00:07:40: INFO:     Waiting for application startup.
2026-06-03 00:07:40: 2026-06-03 00:07:40,736 [INFO] trader: Strategy loop started \u2014 EMA 9/21 on BTC/USDT 1h
2026-06-03 00:07:40: INFO:     Application startup complete.
2026-06-03 00:07:40: ERROR:    [Errno 10048] error while attempting to bind on address ('0.0.0.0', 8000): [winerror 10048] only one usage of each socket address (protocol/network address/port) is normally permitted
2026-06-03 00:07:40: INFO:     Waiting for application shutdown.
2026-06-03 00:07:40: INFO:     Application shutdown complete.
2026-06-03 00:07:48: INFO:     Started server process [26484]
2026-06-03 00:07:48: INFO:     Waiting for application startup.
2026-06-03 00:07:48: 2026-06-03 00:07:48,426 [INFO] trader: Strategy loop started \u2014 EMA 9/21 on BTC/USDT 1h
2026-06-03 00:07:48: INFO:     Application startup complete.
2026-06-03 00:07:48: ERROR:    [Errno 10048] error while attempting to bind on address ('0.0.0.0', 8000): [winerror 10048] only one usage of each socket address (protocol/network address/port) is normally permitted
2026-06-03 00:07:48: INFO:     Waiting for application shutdown.
2026-06-03 00:07:48: INFO:     Application shutdown complete.
2026-06-03 00:07:55: INFO:     Started server process [28720]
2026-06-03 00:07:55: INFO:     Waiting for application startup.
2026-06-03 00:07:55: 2026-06-03 00:07:55,928 [INFO] trader: Strategy loop started \u2014 EMA 9/21 on BTC/USDT 1h
2026-06-03 00:07:55: INFO:     Application startup complete.
2026-06-03 00:07:55: ERROR:    [Errno 10048] error while attempting to bind on address ('0.0.0.0', 8000): [winerror 10048] only one usage of each socket address (protocol/network address/port) is normally permitted
2026-06-03 00:07:55: INFO:     Waiting for application shutdown.
2026-06-03 00:07:55: INFO:     Application shutdown complete.
2026-06-03 00:08:03: INFO:     Started server process [4020]
2026-06-03 00:08:03: INFO:     Waiting for application startup.
2026-06-03 00:08:03: 2026-06-03 00:08:03,212 [INFO] trader: Strategy loop started \u2014 EMA 9/21 on BTC/USDT 1h
2026-06-03 00:08:03: INFO:     Application startup complete.
2026-06-03 00:08:03: ERROR:    [Errno 10048] error while attempting to bind on address ('0.0.0.0', 8000): [winerror 10048] only one usage of each socket address (protocol/network address/port) is normally permitted
2026-06-03 00:08:03: INFO:     Waiting for application shutdown.
2026-06-03 00:08:03: INFO:     Application shutdown complete.
2026-06-03 00:08:10: INFO:     Started server process [17872]
2026-06-03 00:08:10: INFO:     Waiting for application startup.
2026-06-03 00:08:10: 2026-06-03 00:08:10,427 [INFO] trader: Strategy loop started \u2014 EMA 9/21 on BTC/USDT 1h
2026-06-03 00:08:10: INFO:     Application startup complete.
2026-06-03 00:08:10: ERROR:    [Errno 10048] error while attempting to bind on address ('0.0.0.0', 8000): [winerror 10048] only one usage of each socket address (protocol/network address/port) is normally permitted
2026-06-03 00:08:10: INFO:     Waiting for application shutdown.
2026-06-03 00:08:10: INFO:     Application shutdown complete.
2026-06-03 00:08:17: INFO:     Started server process [10672]
2026-06-03 00:08:17: INFO:     Waiting for application startup.
2026-06-03 00:08:17: 2026-06-03 00:08:17,825 [INFO] trader: Strategy loop started \u2014 EMA 9/21 on BTC/USDT 1h
2026-06-03 00:08:17: INFO:     Application startup complete.
2026-06-03 00:08:17: ERROR:    [Errno 10048] error while attempting to bind on address ('0.0.0.0', 8000): [winerror 10048] only one usage of each socket address (protocol/network address/port) is normally permitted
2026-06-03 00:08:17: INFO:     Waiting for application shutdown.
2026-06-03 00:08:17: INFO:     Application shutdown complete.
2026-06-03 00:08:25: INFO:     Started server process [29428]
2026-06-03 00:08:25: INFO:     Waiting for application startup.
2026-06-03 00:08:25: 2026-06-03 00:08:25,178 [INFO] trader: Strategy loop started \u2014 EMA 9/21 on BTC/USDT 1h
2026-06-03 00:08:25: INFO:     Application startup complete.
2026-06-03 00:08:25: ERROR:    [Errno 10048] error while attempting to bind on address ('0.0.0.0', 8000): [winerror 10048] only one usage of each socket address (protocol/network address/port) is normally permitted
2026-06-03 00:08:25: INFO:     Waiting for application shutdown.
2026-06-03 00:08:25: INFO:     Application shutdown complete.
2026-06-03 00:08:32: INFO:     Started server process [18304]
2026-06-03 00:08:32: INFO:     Waiting for application startup.
2026-06-03 00:08:32: 2026-06-03 00:08:32,508 [INFO] trader: Strategy loop started \u2014 EMA 9/21 on BTC/USDT 1h
2026-06-03 00:08:32: INFO:     Application startup complete.
2026-06-03 00:08:32: ERROR:    [Errno 10048] error while attempting to bind on address ('0.0.0.0', 8000): [winerror 10048] only one usage of each socket address (protocol/network address/port) is normally permitted
2026-06-03 00:08:32: INFO:     Waiting for application shutdown.
2026-06-03 00:08:32: INFO:     Application shutdown complete.
2026-06-03 00:08:39: INFO:     Started server process [18208]
2026-06-03 00:08:39: INFO:     Waiting for application startup.
2026-06-03 00:08:39: 2026-06-03 00:08:39,725 [INFO] trader: Strategy loop started \u2014 EMA 9/21 on BTC/USDT 1h
2026-06-03 00:08:39: INFO:     Application startup complete.
2026-06-03 00:08:39: ERROR:    [Errno 10048] error while attempting to bind on address ('0.0.0.0', 8000): [winerror 10048] only one usage of each socket address (protocol/network address/port) is normally permitted
2026-06-03 00:08:39: INFO:     Waiting for application shutdown.
2026-06-03 00:08:39: INFO:     Application shutdown complete.
2026-06-03 00:08:47: INFO:     Started server process [4188]
2026-06-03 00:08:47: INFO:     Waiting for application startup.
2026-06-03 00:08:47: 2026-06-03 00:08:47,548 [INFO] trader: Strategy loop started \u2014 EMA 9/21 on BTC/USDT 1h
2026-06-03 00:08:47: INFO:     Application startup complete.
2026-06-03 00:08:47: ERROR:    [Errno 10048] error while attempting to bind on address ('0.0.0.0', 8000): [winerror 10048] only one usage of each socket address (protocol/network address/port) is normally permitted
2026-06-03 00:08:47: INFO:     Waiting for application shutdown.
2026-06-03 00:08:47: INFO:     Application shutdown complete.
2026-06-03 00:08:55: INFO:     Started server process [28784]
2026-06-03 00:08:55: INFO:     Waiting for application startup.
2026-06-03 00:08:55: 2026-06-03 00:08:55,174 [INFO] trader: Strategy loop started \u2014 EMA 9/21 on BTC/USDT 1h
2026-06-03 00:08:55: INFO:     Application startup complete.
2026-06-03 00:08:55: ERROR:    [Errno 10048] error while attempting to bind on address ('0.0.0.0', 8000): [winerror 10048] only one usage of each socket address (protocol/network address/port) is normally permitted
2026-06-03 00:08:55: INFO:     Waiting for application shutdown.
2026-06-03 00:08:55: INFO:     Application shutdown complete.
2026-06-03 00:09:02: INFO:     Started server process [28564]
2026-06-03 00:09:02: INFO:     Waiting for application startup.
2026-06-03 00:09:02: 2026-06-03 00:09:02,907 [INFO] trader: Strategy loop started \u2014 EMA 9/21 on BTC/USDT 1h
2026-06-03 00:09:02: INFO:     Application startup complete.
2026-06-03 00:09:02: ERROR:    [Errno 10048] error while attempting to bind on address ('0.0.0.0', 8000): [winerror 10048] only one usage of each socket address (protocol/network address/port) is normally permitted
2026-06-03 00:09:02: INFO:     Waiting for application shutdown.
2026-06-03 00:09:02: INFO:     Application shutdown complete.
2026-06-03 00:09:10: INFO:     Started server process [20064]
2026-06-03 00:09:10: INFO:     Waiting for application startup.
2026-06-03 00:09:10: 2026-06-03 00:09:10,241 [INFO] trader: Strategy loop started \u2014 EMA 9/21 on BTC/USDT 1h
2026-06-03 00:09:10: INFO:     Application startup complete.
2026-06-03 00:09:10: ERROR:    [Errno 10048] error while attempting to bind on address ('0.0.0.0', 8000): [winerror 10048] only one usage of each socket address (protocol/network address/port) is normally permitted
2026-06-03 00:09:10: INFO:     Waiting for application shutdown.
2026-06-03 00:09:10: INFO:     Application shutdown complete.
2026-06-03 00:09:17: INFO:     Started server process [14832]
2026-06-03 00:09:17: INFO:     Waiting for application startup.
2026-06-03 00:09:17: 2026-06-03 00:09:17,660 [INFO] trader: Strategy loop started \u2014 EMA 9/21 on BTC/USDT 1h
2026-06-03 00:09:17: INFO:     Application startup complete.
2026-06-03 00:09:17: ERROR:    [Errno 10048] error while attempting to bind on address ('0.0.0.0', 8000): [winerror 10048] only one usage of each socket address (protocol/network address/port) is normally permitted
2026-06-03 00:09:17: INFO:     Waiting for application shutdown.
2026-06-03 00:09:17: INFO:     Application shutdown complete.
2026-06-03 00:09:25: INFO:     Started server process [20036]
2026-06-03 00:09:25: INFO:     Waiting for application startup.
2026-06-03 00:09:25: 2026-06-03 00:09:25,191 [INFO] trader: Strategy loop started \u2014 EMA 9/21 on BTC/USDT 1h
2026-06-03 00:09:25: INFO:     Application startup complete.
2026-06-03 00:09:25: ERROR:    [Errno 10048] error while attempting to bind on address ('0.0.0.0', 8000): [winerror 10048] only one usage of each socket address (protocol/network address/port) is normally permitted
2026-06-03 00:09:25: INFO:     Waiting for application shutdown.
2026-06-03 00:09:25: INFO:     Application shutdown complete.
2026-06-03 00:09:32: INFO:     Started server process [29424]
2026-06-03 00:09:32: INFO:     Waiting for application startup.
2026-06-03 00:09:32: 2026-06-03 00:09:32,881 [INFO] trader: Strategy loop started \u2014 EMA 9/21 on BTC/USDT 1h
2026-06-03 00:09:32: INFO:     Application startup complete.
2026-06-03 00:09:32: ERROR:    [Errno 10048] error while attempting to bind on address ('0.0.0.0', 8000): [winerror 10048] only one usage of each socket address (protocol/network address/port) is normally permitted
2026-06-03 00:09:32: INFO:     Waiting for application shutdown.
2026-06-03 00:09:32: INFO:     Application shutdown complete.
2026-06-03 00:09:40: INFO:     Started server process [20060]
2026-06-03 00:09:40: INFO:     Waiting for application startup.
2026-06-03 00:09:40: 2026-06-03 00:09:40,256 [INFO] trader: Strategy loop started \u2014 EMA 9/21 on BTC/USDT 1h
2026-06-03 00:09:40: INFO:     Application startup complete.
2026-06-03 00:09:40: ERROR:    [Errno 10048] error while attempting to bind on address ('0.0.0.0', 8000): [winerror 10048] only one usage of each socket address (protocol/network address/port) is normally permitted
2026-06-03 00:09:40: INFO:     Waiting for application shutdown.
2026-06-03 00:09:40: INFO:     Application shutdown complete.
2026-06-03 00:09:48: INFO:     Started server process [23704]
2026-06-03 00:09:48: INFO:     Waiting for application startup.
2026-06-03 00:09:48: 2026-06-03 00:09:48,710 [INFO] trader: Strategy loop started \u2014 EMA 9/21 on BTC/USDT 1h
2026-06-03 00:09:48: INFO:     Application startup complete.
2026-06-03 00:09:48: ERROR:    [Errno 10048] error while attempting to bind on address ('0.0.0.0', 8000): [winerror 10048] only one usage of each socket address (protocol/network address/port) is normally permitted
2026-06-03 00:09:48: INFO:     Waiting for application shutdown.
2026-06-03 00:09:48: INFO:     Application shutdown complete.
2026-06-03 00:09:56: INFO:     Started server process [21324]
2026-06-03 00:09:56: INFO:     Waiting for application startup.
2026-06-03 00:09:56: 2026-06-03 00:09:56,481 [INFO] trader: Strategy loop started \u2014 EMA 9/21 on BTC/USDT 1h
2026-06-03 00:09:56: INFO:     Application startup complete.
2026-06-03 00:09:56: ERROR:    [Errno 10048] error while attempting to bind on address ('0.0.0.0', 8000): [winerror 10048] only one usage of each socket address (protocol/network address/port) is normally permitted
2026-06-03 00:09:56: INFO:     Waiting for application shutdown.
2026-06-03 00:09:56: INFO:     Application shutdown complete.
2026-06-03 00:10:03: INFO:     Started server process [24100]
2026-06-03 00:10:03: INFO:     Waiting for application startup.
2026-06-03 00:10:03: 2026-06-03 00:10:03,853 [INFO] trader: Strategy loop started \u2014 EMA 9/21 on BTC/USDT 1h
2026-06-03 00:10:03: INFO:     Application startup complete.
2026-06-03 00:10:03: ERROR:    [Errno 10048] error while attempting to bind on address ('0.0.0.0', 8000): [winerror 10048] only one usage of each socket address (protocol/network address/port) is normally permitted
2026-06-03 00:10:03: INFO:     Waiting for application shutdown.
2026-06-03 00:10:03: INFO:     Application shutdown complete.
2026-06-03 00:10:11: INFO:     Started server process [17448]
2026-06-03 00:10:11: INFO:     Waiting for application startup.
2026-06-03 00:10:11: 2026-06-03 00:10:11,098 [INFO] trader: Strategy loop started \u2014 EMA 9/21 on BTC/USDT 1h
2026-06-03 00:10:11: INFO:     Application startup complete.
2026-06-03 00:10:11: ERROR:    [Errno 10048] error while attempting to bind on address ('0.0.0.0', 8000): [winerror 10048] only one usage of each socket address (protocol/network address/port) is normally permitted
2026-06-03 00:10:11: INFO:     Waiting for application shutdown.
2026-06-03 00:10:11: INFO:     Application shutdown complete.
2026-06-03 00:10:18: INFO:     Started server process [3444]
2026-06-03 00:10:18: INFO:     Waiting for application startup.
2026-06-03 00:10:18: 2026-06-03 00:10:18,443 [INFO] trader: Strategy loop started \u2014 EMA 9/21 on BTC/USDT 1h
2026-06-03 00:10:18: INFO:     Application startup complete.
2026-06-03 00:10:18: ERROR:    [Errno 10048] error while attempting to bind on address ('0.0.0.0', 8000): [winerror 10048] only one usage of each socket address (protocol/network address/port) is normally permitted
2026-06-03 00:10:18: INFO:     Waiting for application shutdown.
2026-06-03 00:10:18: INFO:     Application shutdown complete.
2026-06-03 00:10:25: INFO:     Started server process [22924]
2026-06-03 00:10:25: INFO:     Waiting for application startup.
2026-06-03 00:10:25: 2026-06-03 00:10:25,712 [INFO] trader: Strategy loop started \u2014 EMA 9/21 on BTC/USDT 1h
2026-06-03 00:10:25: INFO:     Application startup complete.
2026-06-03 00:10:25: ERROR:    [Errno 10048] error while attempting to bind on address ('0.0.0.0', 8000): [winerror 10048] only one usage of each socket address (protocol/network address/port) is normally permitted
2026-06-03 00:10:25: INFO:     Waiting for application shutdown.
2026-06-03 00:10:25: INFO:     Application shutdown complete.
2026-06-03 00:10:33: INFO:     Started server process [20036]
2026-06-03 00:10:33: INFO:     Waiting for application startup.
2026-06-03 00:10:33: 2026-06-03 00:10:33,215 [INFO] trader: Strategy loop started \u2014 EMA 9/21 on BTC/USDT 1h
2026-06-03 00:10:33: INFO:     Application startup complete.
2026-06-03 00:10:33: ERROR:    [Errno 10048] error while attempting to bind on address ('0.0.0.0', 8000): [winerror 10048] only one usage of each socket address (protocol/network address/port) is normally permitted
2026-06-03 00:10:33: INFO:     Waiting for application shutdown.
2026-06-03 00:10:33: INFO:     Application shutdown complete.
2026-06-03 00:10:40: INFO:     Started server process [30320]
2026-06-03 00:10:40: INFO:     Waiting for application startup.
2026-06-03 00:10:40: 2026-06-03 00:10:40,655 [INFO] trader: Strategy loop started \u2014 EMA 9/21 on BTC/USDT 1h
2026-06-03 00:10:40: INFO:     Application startup complete.
2026-06-03 00:10:40: ERROR:    [Errno 10048] error while attempting to bind on address ('0.0.0.0', 8000): [winerror 10048] only one usage of each socket address (protocol/network address/port) is normally permitted
2026-06-03 00:10:40: INFO:     Waiting for application shutdown.
2026-06-03 00:10:40: INFO:     Application shutdown complete.
2026-06-03 00:10:48: INFO:     Started server process [24500]
2026-06-03 00:10:48: INFO:     Waiting for application startup.
2026-06-03 00:10:48: 2026-06-03 00:10:48,268 [INFO] trader: Strategy loop started \u2014 EMA 9/21 on BTC/USDT 1h
2026-06-03 00:10:48: INFO:     Application startup complete.
2026-06-03 00:10:48: ERROR:    [Errno 10048] error while attempting to bind on address ('0.0.0.0', 8000): [winerror 10048] only one usage of each socket address (protocol/network address/port) is normally permitted
2026-06-03 00:10:48: INFO:     Waiting for application shutdown.
2026-06-03 00:10:48: INFO:     Application shutdown complete.
2026-06-03 00:10:55: INFO:     Started server process [25764]
2026-06-03 00:10:55: INFO:     Waiting for application startup.
2026-06-03 00:10:55: 2026-06-03 00:10:55,618 [INFO] trader: Strategy loop started \u2014 EMA 9/21 on BTC/USDT 1h
2026-06-03 00:10:55: INFO:     Application startup complete.
2026-06-03 00:10:55: ERROR:    [Errno 10048] error while attempting to bind on address ('0.0.0.0', 8000): [winerror 10048] only one usage of each socket address (protocol/network address/port) is normally permitted
2026-06-03 00:10:55: INFO:     Waiting for application shutdown.
2026-06-03 00:10:55: INFO:     Application shutdown complete.
2026-06-03 00:11:02: INFO:     Started server process [16580]
2026-06-03 00:11:02: INFO:     Waiting for application startup.
2026-06-03 00:11:02: 2026-06-03 00:11:02,957 [INFO] trader: Strategy loop started \u2014 EMA 9/21 on BTC/USDT 1h
2026-06-03 00:11:02: INFO:     Application startup complete.
2026-06-03 00:11:02: ERROR:    [Errno 10048] error while attempting to bind on address ('0.0.0.0', 8000): [winerror 10048] only one usage of each socket address (protocol/network address/port) is normally permitted
2026-06-03 00:11:02: INFO:     Waiting for application shutdown.
2026-06-03 00:11:02: INFO:     Application shutdown complete.
2026-06-03 00:11:10: INFO:     Started server process [29868]
2026-06-03 00:11:10: INFO:     Waiting for application startup.
2026-06-03 00:11:10: 2026-06-03 00:11:10,314 [INFO] trader: Strategy loop started \u2014 EMA 9/21 on BTC/USDT 1h
2026-06-03 00:11:10: INFO:     Application startup complete.
2026-06-03 00:11:10: ERROR:    [Errno 10048] error while attempting to bind on address ('0.0.0.0', 8000): [winerror 10048] only one usage of each socket address (protocol/network address/port) is normally permitted
2026-06-03 00:11:10: INFO:     Waiting for application shutdown.
2026-06-03 00:11:10: INFO:     Application shutdown complete.
2026-06-03 00:11:18: INFO:     Started server process [29296]
2026-06-03 00:11:18: INFO:     Waiting for application startup.
2026-06-03 00:11:18: 2026-06-03 00:11:18,051 [INFO] trader: Strategy loop started \u2014 EMA 9/21 on BTC/USDT 1h
2026-06-03 00:11:18: INFO:     Application startup complete.
2026-06-03 00:11:18: ERROR:    [Errno 10048] error while attempting to bind on address ('0.0.0.0', 8000): [winerror 10048] only one usage of each socket address (protocol/network address/port) is normally permitted
2026-06-03 00:11:18: INFO:     Waiting for application shutdown.
2026-06-03 00:11:18: INFO:     Application shutdown complete.
2026-06-03 00:11:26: INFO:     Started server process [30656]
2026-06-03 00:11:26: INFO:     Waiting for application startup.
2026-06-03 00:11:26: 2026-06-03 00:11:26,238 [INFO] trader: Strategy loop started \u2014 EMA 9/21 on BTC/USDT 1h
2026-06-03 00:11:26: INFO:     Application startup complete.
2026-06-03 00:11:26: ERROR:    [Errno 10048] error while attempting to bind on address ('0.0.0.0', 8000): [winerror 10048] only one usage of each socket address (protocol/network address/port) is normally permitted
2026-06-03 00:11:26: INFO:     Waiting for application shutdown.
2026-06-03 00:11:26: INFO:     Application shutdown complete.
2026-06-03 00:11:33: INFO:     Started server process [26676]
2026-06-03 00:11:33: INFO:     Waiting for application startup.
2026-06-03 00:11:33: 2026-06-03 00:11:33,799 [INFO] trader: Strategy loop started \u2014 EMA 9/21 on BTC/USDT 1h
2026-06-03 00:11:33: INFO:     Application startup complete.
2026-06-03 00:11:33: ERROR:    [Errno 10048] error while attempting to bind on address ('0.0.0.0', 8000): [winerror 10048] only one usage of each socket address (protocol/network address/port) is normally permitted
2026-06-03 00:11:33: INFO:     Waiting for application shutdown.
2026-06-03 00:11:33: INFO:     Application shutdown complete.
2026-06-03 00:11:41: INFO:     Started server process [19984]
2026-06-03 00:11:41: INFO:     Waiting for application startup.
2026-06-03 00:11:41: 2026-06-03 00:11:41,188 [INFO] trader: Strategy loop started \u2014 EMA 9/21 on BTC/USDT 1h
2026-06-03 00:11:41: INFO:     Application startup complete.
2026-06-03 00:11:41: ERROR:    [Errno 10048] error while attempting to bind on address ('0.0.0.0', 8000): [winerror 10048] only one usage of each socket address (protocol/network address/port) is normally permitted
2026-06-03 00:11:41: INFO:     Waiting for application shutdown.
2026-06-03 00:11:41: INFO:     Application shutdown complete.
2026-06-03 00:11:48: INFO:     Started server process [25508]
2026-06-03 00:11:48: INFO:     Waiting for application startup.
2026-06-03 00:11:48: 2026-06-03 00:11:48,485 [INFO] trader: Strategy loop started \u2014 EMA 9/21 on BTC/USDT 1h
2026-06-03 00:11:48: INFO:     Application startup complete.
2026-06-03 00:11:48: ERROR:    [Errno 10048] error while attempting to bind on address ('0.0.0.0', 8000): [winerror 10048] only one usage of each socket address (protocol/network address/port) is normally permitted
2026-06-03 00:11:48: INFO:     Waiting for application shutdown.
2026-06-03 00:11:48: INFO:     Application shutdown complete.
2026-06-03 00:11:57: INFO:     Started server process [29712]
2026-06-03 00:11:57: INFO:     Waiting for application startup.
2026-06-03 00:11:57: 2026-06-03 00:11:57,358 [INFO] trader: Strategy loop started \u2014 EMA 9/21 on BTC/USDT 1h
2026-06-03 00:11:57: INFO:     Application startup complete.
2026-06-03 00:11:57: ERROR:    [Errno 10048] error while attempting to bind on address ('0.0.0.0', 8000): [winerror 10048] only one usage of each socket address (protocol/network address/port) is normally permitted
2026-06-03 00:11:57: INFO:     Waiting for application shutdown.
2026-06-03 00:11:57: INFO:     Application shutdown complete.
2026-06-03 00:12:04: INFO:     Started server process [16696]
2026-06-03 00:12:04: INFO:     Waiting for application startup.
2026-06-03 00:12:04: 2026-06-03 00:12:04,738 [INFO] trader: Strategy loop started \u2014 EMA 9/21 on BTC/USDT 1h
2026-06-03 00:12:04: INFO:     Application startup complete.
2026-06-03 00:12:04: ERROR:    [Errno 10048] error while attempting to bind on address ('0.0.0.0', 8000): [winerror 10048] only one usage of each socket address (protocol/network address/port) is normally permitted
2026-06-03 00:12:04: INFO:     Waiting for application shutdown.
2026-06-03 00:12:04: INFO:     Application shutdown complete.
2026-06-03 00:12:12: INFO:     Started server process [26176]
2026-06-03 00:12:12: INFO:     Waiting for application startup.
2026-06-03 00:12:12: 2026-06-03 00:12:12,025 [INFO] trader: Strategy loop started \u2014 EMA 9/21 on BTC/USDT 1h
2026-06-03 00:12:12: INFO:     Application startup complete.
2026-06-03 00:12:12: ERROR:    [Errno 10048] error while attempting to bind on address ('0.0.0.0', 8000): [winerror 10048] only one usage of each socket address (protocol/network address/port) is normally permitted
2026-06-03 00:12:12: INFO:     Waiting for application shutdown.
2026-06-03 00:12:12: INFO:     Application shutdown complete.
2026-06-03 00:12:19: INFO:     Started server process [8256]
2026-06-03 00:12:19: INFO:     Waiting for application startup.
2026-06-03 00:12:19: 2026-06-03 00:12:19,493 [INFO] trader: Strategy loop started \u2014 EMA 9/21 on BTC/USDT 1h
2026-06-03 00:12:19: INFO:     Application startup complete.
2026-06-03 00:12:19: ERROR:    [Errno 10048] error while attempting to bind on address ('0.0.0.0', 8000): [winerror 10048] only one usage of each socket address (protocol/network address/port) is normally permitted
2026-06-03 00:12:19: INFO:     Waiting for application shutdown.
2026-06-03 00:12:19: INFO:     Application shutdown complete.
2026-06-03 00:12:26: INFO:     Started server process [23176]
2026-06-03 00:12:26: INFO:     Waiting for application startup.
2026-06-03 00:12:26: 2026-06-03 00:12:26,895 [INFO] trader: Strategy loop started \u2014 EMA 9/21 on BTC/USDT 1h
2026-06-03 00:12:26: INFO:     Application startup complete.
2026-06-03 00:12:26: ERROR:    [Errno 10048] error while attempting to bind on address ('0.0.0.0', 8000): [winerror 10048] only one usage of each socket address (protocol/network address/port) is normally permitted
2026-06-03 00:12:26: INFO:     Waiting for application shutdown.
2026-06-03 00:12:26: INFO:     Application shutdown complete.
2026-06-03 00:12:34: INFO:     Started server process [21500]
2026-06-03 00:12:34: INFO:     Waiting for application startup.
2026-06-03 00:12:34: 2026-06-03 00:12:34,474 [INFO] trader: Strategy loop started \u2014 EMA 9/21 on BTC/USDT 1h
2026-06-03 00:12:34: INFO:     Application startup complete.
2026-06-03 00:12:34: ERROR:    [Errno 10048] error while attempting to bind on address ('0.0.0.0', 8000): [winerror 10048] only one usage of each socket address (protocol/network address/port) is normally permitted
2026-06-03 00:12:34: INFO:     Waiting for application shutdown.
2026-06-03 00:12:34: INFO:     Application shutdown complete.
2026-06-03 00:12:41: INFO:     Started server process [26752]
2026-06-03 00:12:41: INFO:     Waiting for application startup.
2026-06-03 00:12:41: 2026-06-03 00:12:41,700 [INFO] trader: Strategy loop started \u2014 EMA 9/21 on BTC/USDT 1h
2026-06-03 00:12:41: INFO:     Application startup complete.
2026-06-03 00:12:41: ERROR:    [Errno 10048] error while attempting to bind on address ('0.0.0.0', 8000): [winerror 10048] only one usage of each socket address (protocol/network address/port) is normally permitted
2026-06-03 00:12:41: INFO:     Waiting for application shutdown.
2026-06-03 00:12:41: INFO:     Application shutdown complete.
2026-06-03 00:12:49: INFO:     Started server process [28548]
2026-06-03 00:12:49: INFO:     Waiting for application startup.
2026-06-03 00:12:49: 2026-06-03 00:12:49,596 [INFO] trader: Strategy loop started \u2014 EMA 9/21 on BTC/USDT 1h
2026-06-03 00:12:49: INFO:     Application startup complete.
2026-06-03 00:12:49: ERROR:    [Errno 10048] error while attempting to bind on address ('0.0.0.0', 8000): [winerror 10048] only one usage of each socket address (protocol/network address/port) is normally permitted
2026-06-03 00:12:49: INFO:     Waiting for application shutdown.
2026-06-03 00:12:49: INFO:     Application shutdown complete.
2026-06-03 00:12:57: INFO:     Started server process [30452]
2026-06-03 00:12:57: INFO:     Waiting for application startup.
2026-06-03 00:12:57: 2026-06-03 00:12:57,108 [INFO] trader: Strategy loop started \u2014 EMA 9/21 on BTC/USDT 1h
2026-06-03 00:12:57: INFO:     Application startup complete.
2026-06-03 00:12:57: ERROR:    [Errno 10048] error while attempting to bind on address ('0.0.0.0', 8000): [winerror 10048] only one usage of each socket address (protocol/network address/port) is normally permitted
2026-06-03 00:12:57: INFO:     Waiting for application shutdown.
2026-06-03 00:12:57: INFO:     Application shutdown complete.
2026-06-03 00:13:04: INFO:     Started server process [24804]
2026-06-03 00:13:04: INFO:     Waiting for application startup.
2026-06-03 00:13:04: 2026-06-03 00:13:04,407 [INFO] trader: Strategy loop started \u2014 EMA 9/21 on BTC/USDT 1h
2026-06-03 00:13:04: INFO:     Application startup complete.
2026-06-03 00:13:04: ERROR:    [Errno 10048] error while attempting to bind on address ('0.0.0.0', 8000): [winerror 10048] only one usage of each socket address (protocol/network address/port) is normally permitted
2026-06-03 00:13:04: INFO:     Waiting for application shutdown.
2026-06-03 00:13:04: INFO:     Application shutdown complete.
2026-06-03 00:13:12: INFO:     Started server process [22140]
2026-06-03 00:13:12: INFO:     Waiting for application startup.
2026-06-03 00:13:12: 2026-06-03 00:13:12,035 [INFO] trader: Strategy loop started \u2014 EMA 9/21 on BTC/USDT 1h
2026-06-03 00:13:12: INFO:     Application startup complete.
2026-06-03 00:13:12: ERROR:    [Errno 10048] error while attempting to bind on address ('0.0.0.0', 8000): [winerror 10048] only one usage of each socket address (protocol/network address/port) is normally permitted
2026-06-03 00:13:12: INFO:     Waiting for application shutdown.
2026-06-03 00:13:12: INFO:     Application shutdown complete.
2026-06-03 00:13:19: INFO:     Started server process [29276]
2026-06-03 00:13:19: INFO:     Waiting for application startup.
2026-06-03 00:13:19: 2026-06-03 00:13:19,417 [INFO] trader: Strategy loop started \u2014 EMA 9/21 on BTC/USDT 1h
2026-06-03 00:13:19: INFO:     Application startup complete.
2026-06-03 00:13:19: ERROR:    [Errno 10048] error while attempting to bind on address ('0.0.0.0', 8000): [winerror 10048] only one usage of each socket address (protocol/network address/port) is normally permitted
2026-06-03 00:13:19: INFO:     Waiting for application shutdown.
2026-06-03 00:13:19: INFO:     Application shutdown complete.
2026-06-03 00:13:26: INFO:     Started server process [17596]
2026-06-03 00:13:26: INFO:     Waiting for application startup.
2026-06-03 00:13:26: 2026-06-03 00:13:26,817 [INFO] trader: Strategy loop started \u2014 EMA 9/21 on BTC/USDT 1h
2026-06-03 00:13:26: INFO:     Application startup complete.
2026-06-03 00:13:26: ERROR:    [Errno 10048] error while attempting to bind on address ('0.0.0.0', 8000): [winerror 10048] only one usage of each socket address (protocol/network address/port) is normally permitted
2026-06-03 00:13:26: INFO:     Waiting for application shutdown.
2026-06-03 00:13:26: INFO:     Application shutdown complete.
2026-06-03 00:13:34: INFO:     Started server process [20072]
2026-06-03 00:13:34: INFO:     Waiting for application startup.
2026-06-03 00:13:34: 2026-06-03 00:13:34,235 [INFO] trader: Strategy loop started \u2014 EMA 9/21 on BTC/USDT 1h
2026-06-03 00:13:34: INFO:     Application startup complete.
2026-06-03 00:13:34: ERROR:    [Errno 10048] error while attempting to bind on address ('0.0.0.0', 8000): [winerror 10048] only one usage of each socket address (protocol/network address/port) is normally permitted
2026-06-03 00:13:34: INFO:     Waiting for application shutdown.
2026-06-03 00:13:34: INFO:     Application shutdown complete.
2026-06-03 00:13:41: INFO:     Started server process [21856]
2026-06-03 00:13:41: INFO:     Waiting for application startup.
2026-06-03 00:13:41: 2026-06-03 00:13:41,779 [INFO] trader: Strategy loop started \u2014 EMA 9/21 on BTC/USDT 1h
2026-06-03 00:13:41: INFO:     Application startup complete.
2026-06-03 00:13:41: ERROR:    [Errno 10048] error while attempting to bind on address ('0.0.0.0', 8000): [winerror 10048] only one usage of each socket address (protocol/network address/port) is normally permitted
2026-06-03 00:13:41: INFO:     Waiting for application shutdown.
2026-06-03 00:13:41: INFO:     Application shutdown complete.
2026-06-03 00:13:49: INFO:     Started server process [26372]
2026-06-03 00:13:49: INFO:     Waiting for application startup.
2026-06-03 00:13:49: 2026-06-03 00:13:49,153 [INFO] trader: Strategy loop started \u2014 EMA 9/21 on BTC/USDT 1h
2026-06-03 00:13:49: INFO:     Application startup complete.
2026-06-03 00:13:49: ERROR:    [Errno 10048] error while attempting to bind on address ('0.0.0.0', 8000): [winerror 10048] only one usage of each socket address (protocol/network address/port) is normally permitted
2026-06-03 00:13:49: INFO:     Waiting for application shutdown.
2026-06-03 00:13:49: INFO:     Application shutdown complete.
2026-06-03 00:13:56: INFO:     Started server process [29724]
2026-06-03 00:13:56: INFO:     Waiting for application startup.
2026-06-03 00:13:56: 2026-06-03 00:13:56,415 [INFO] trader: Strategy loop started \u2014 EMA 9/21 on BTC/USDT 1h
2026-06-03 00:13:56: INFO:     Application startup complete.
2026-06-03 00:13:56: ERROR:    [Errno 10048] error while attempting to bind on address ('0.0.0.0', 8000): [winerror 10048] only one usage of each socket address (protocol/network address/port) is normally permitted
2026-06-03 00:13:56: INFO:     Waiting for application shutdown.
2026-06-03 00:13:56: INFO:     Application shutdown complete.
2026-06-03 00:14:03: INFO:     Started server process [23784]
2026-06-03 00:14:03: INFO:     Waiting for application startup.
2026-06-03 00:14:03: 2026-06-03 00:14:03,848 [INFO] trader: Strategy loop started \u2014 EMA 9/21 on BTC/USDT 1h
2026-06-03 00:14:03: INFO:     Application startup complete.
2026-06-03 00:14:03: ERROR:    [Errno 10048] error while attempting to bind on address ('0.0.0.0', 8000): [winerror 10048] only one usage of each socket address (protocol/network address/port) is normally permitted
2026-06-03 00:14:03: INFO:     Waiting for application shutdown.
2026-06-03 00:14:03: INFO:     Application shutdown complete.
2026-06-03 00:14:11: INFO:     Started server process [12656]
2026-06-03 00:14:11: INFO:     Waiting for application startup.
2026-06-03 00:14:11: 2026-06-03 00:14:11,484 [INFO] trader: Strategy loop started \u2014 EMA 9/21 on BTC/USDT 1h
2026-06-03 00:14:11: INFO:     Application startup complete.
2026-06-03 00:14:11: ERROR:    [Errno 10048] error while attempting to bind on address ('0.0.0.0', 8000): [winerror 10048] only one usage of each socket address (protocol/network address/port) is normally permitted
2026-06-03 00:14:11: INFO:     Waiting for application shutdown.
2026-06-03 00:14:11: INFO:     Application shutdown complete.
2026-06-03 00:14:18: INFO:     Started server process [8472]
2026-06-03 00:14:18: INFO:     Waiting for application startup.
2026-06-03 00:14:18: 2026-06-03 00:14:18,854 [INFO] trader: Strategy loop started \u2014 EMA 9/21 on BTC/USDT 1h
2026-06-03 00:14:18: INFO:     Application startup complete.
2026-06-03 00:14:18: ERROR:    [Errno 10048] error while attempting to bind on address ('0.0.0.0', 8000): [winerror 10048] only one usage of each socket address (protocol/network address/port) is normally permitted
2026-06-03 00:14:18: INFO:     Waiting for application shutdown.
2026-06-03 00:14:18: INFO:     Application shutdown complete.
2026-06-03 00:14:26: INFO:     Started server process [1108]
2026-06-03 00:14:26: INFO:     Waiting for application startup.
2026-06-03 00:14:26: 2026-06-03 00:14:26,293 [INFO] trader: Strategy loop started \u2014 EMA 9/21 on BTC/USDT 1h
2026-06-03 00:14:26: INFO:     Application startup complete.
2026-06-03 00:14:26: ERROR:    [Errno 10048] error while attempting to bind on address ('0.0.0.0', 8000): [winerror 10048] only one usage of each socket address (protocol/network address/port) is normally permitted
2026-06-03 00:14:26: INFO:     Waiting for application shutdown.
2026-06-03 00:14:26: INFO:     Application shutdown complete.
2026-06-03 00:14:33: INFO:     Started server process [27236]
2026-06-03 00:14:33: INFO:     Waiting for application startup.
2026-06-03 00:14:33: 2026-06-03 00:14:33,731 [INFO] trader: Strategy loop started \u2014 EMA 9/21 on BTC/USDT 1h
2026-06-03 00:14:33: INFO:     Application startup complete.
2026-06-03 00:14:33: ERROR:    [Errno 10048] error while attempting to bind on address ('0.0.0.0', 8000): [winerror 10048] only one usage of each socket address (protocol/network address/port) is normally permitted
2026-06-03 00:14:33: INFO:     Waiting for application shutdown.
2026-06-03 00:14:33: INFO:     Application shutdown complete.
2026-06-03 00:14:40: INFO:     Started server process [29244]
2026-06-03 00:14:40: INFO:     Waiting for application startup.
2026-06-03 00:14:40: 2026-06-03 00:14:40,988 [INFO] trader: Strategy loop started \u2014 EMA 9/21 on BTC/USDT 1h
2026-06-03 00:14:40: INFO:     Application startup complete.
2026-06-03 00:14:40: ERROR:    [Errno 10048] error while attempting to bind on address ('0.0.0.0', 8000): [winerror 10048] only one usage of each socket address (protocol/network address/port) is normally permitted
2026-06-03 00:14:40: INFO:     Waiting for application shutdown.
2026-06-03 00:14:40: INFO:     Application shutdown complete.
2026-06-03 00:14:48: INFO:     Started server process [4044]
2026-06-03 00:14:48: INFO:     Waiting for application startup.
2026-06-03 00:14:48: 2026-06-03 00:14:48,685 [INFO] trader: Strategy loop started \u2014 EMA 9/21 on BTC/USDT 1h
2026-06-03 00:14:48: INFO:     Application startup complete.
2026-06-03 00:14:48: ERROR:    [Errno 10048] error while attempting to bind on address ('0.0.0.0', 8000): [winerror 10048] only one usage of each socket address (protocol/network address/port) is normally permitted
2026-06-03 00:14:48: INFO:     Waiting for application shutdown.
2026-06-03 00:14:48: INFO:     Application shutdown complete.
2026-06-03 00:14:56: INFO:     Started server process [16552]
2026-06-03 00:14:56: INFO:     Waiting for application startup.
2026-06-03 00:14:56: 2026-06-03 00:14:56,449 [INFO] trader: Strategy loop started \u2014 EMA 9/21 on BTC/USDT 1h
2026-06-03 00:14:56: INFO:     Application startup complete.
2026-06-03 00:14:56: ERROR:    [Errno 10048] error while attempting to bind on address ('0.0.0.0', 8000): [winerror 10048] only one usage of each socket address (protocol/network address/port) is normally permitted
2026-06-03 00:14:56: INFO:     Waiting for application shutdown.
2026-06-03 00:14:56: INFO:     Application shutdown complete.
2026-06-03 00:15:04: INFO:     Started server process [28908]
2026-06-03 00:15:04: INFO:     Waiting for application startup.
2026-06-03 00:15:04: 2026-06-03 00:15:04,233 [INFO] trader: Strategy loop started \u2014 EMA 9/21 on BTC/USDT 1h
2026-06-03 00:15:04: INFO:     Application startup complete.
2026-06-03 00:15:04: ERROR:    [Errno 10048] error while attempting to bind on address ('0.0.0.0', 8000): [winerror 10048] only one usage of each socket address (protocol/network address/port) is normally permitted
2026-06-03 00:15:04: INFO:     Waiting for application shutdown.
2026-06-03 00:15:04: INFO:     Application shutdown complete.
2026-06-03 00:15:11: INFO:     Started server process [13608]
2026-06-03 00:15:11: INFO:     Waiting for application startup.
2026-06-03 00:15:11: 2026-06-03 00:15:11,928 [INFO] trader: Strategy loop started \u2014 EMA 9/21 on BTC/USDT 1h
2026-06-03 00:15:11: INFO:     Application startup complete.
2026-06-03 00:15:11: ERROR:    [Errno 10048] error while attempting to bind on address ('0.0.0.0', 8000): [winerror 10048] only one usage of each socket address (protocol/network address/port) is normally permitted
2026-06-03 00:15:11: INFO:     Waiting for application shutdown.
2026-06-03 00:15:11: INFO:     Application shutdown complete.
2026-06-03 00:15:20: INFO:     Started server process [28760]
2026-06-03 00:15:20: INFO:     Waiting for application startup.
2026-06-03 00:15:20: 2026-06-03 00:15:20,091 [INFO] trader: Strategy loop started \u2014 EMA 9/21 on BTC/USDT 1h
2026-06-03 00:15:20: INFO:     Application startup complete.
2026-06-03 00:15:20: ERROR:    [Errno 10048] error while attempting to bind on address ('0.0.0.0', 8000): [winerror 10048] only one usage of each socket address (protocol/network address/port) is normally permitted
2026-06-03 00:15:20: INFO:     Waiting for application shutdown.
2026-06-03 00:15:20: INFO:     Application shutdown complete.
2026-06-03 00:15:27: INFO:     Started server process [29256]
2026-06-03 00:15:27: INFO:     Waiting for application startup.
2026-06-03 00:15:27: 2026-06-03 00:15:27,881 [INFO] trader: Strategy loop started \u2014 EMA 9/21 on BTC/USDT 1h
2026-06-03 00:15:27: INFO:     Application startup complete.
2026-06-03 00:15:27: ERROR:    [Errno 10048] error while attempting to bind on address ('0.0.0.0', 8000): [winerror 10048] only one usage of each socket address (protocol/network address/port) is normally permitted
2026-06-03 00:15:27: INFO:     Waiting for application shutdown.
2026-06-03 00:15:27: INFO:     Application shutdown complete.
2026-06-03 00:15:34: INFO:     Started server process [28168]
2026-06-03 00:15:34: INFO:     Waiting for application startup.
2026-06-03 00:15:34: 2026-06-03 00:15:34,958 [INFO] trader: Strategy loop started \u2014 EMA 9/21 on BTC/USDT 1h
2026-06-03 00:15:34: INFO:     Application startup complete.
2026-06-03 00:15:34: ERROR:    [Errno 10048] error while attempting to bind on address ('0.0.0.0', 8000): [winerror 10048] only one usage of each socket address (protocol/network address/port) is normally permitted
2026-06-03 00:15:34: INFO:     Waiting for application shutdown.
2026-06-03 00:15:34: INFO:     Application shutdown complete.
2026-06-03 00:15:42: INFO:     Started server process [17828]
2026-06-03 00:15:42: INFO:     Waiting for application startup.
2026-06-03 00:15:42: 2026-06-03 00:15:42,340 [INFO] trader: Strategy loop started \u2014 EMA 9/21 on BTC/USDT 1h
2026-06-03 00:15:42: INFO:     Application startup complete.
2026-06-03 00:15:42: ERROR:    [Errno 10048] error while attempting to bind on address ('0.0.0.0', 8000): [winerror 10048] only one usage of each socket address (protocol/network address/port) is normally permitted
2026-06-03 00:15:42: INFO:     Waiting for application shutdown.
2026-06-03 00:15:42: INFO:     Application shutdown complete.
2026-06-03 00:15:49: INFO:     Started server process [8788]
2026-06-03 00:15:49: INFO:     Waiting for application startup.
2026-06-03 00:15:49: 2026-06-03 00:15:49,998 [INFO] trader: Strategy loop started \u2014 EMA 9/21 on BTC/USDT 1h
2026-06-03 00:15:50: INFO:     Application startup complete.
2026-06-03 00:15:50: ERROR:    [Errno 10048] error while attempting to bind on address ('0.0.0.0', 8000): [winerror 10048] only one usage of each socket address (protocol/network address/port) is normally permitted
2026-06-03 00:15:50: INFO:     Waiting for application shutdown.
2026-06-03 00:15:50: INFO:     Application shutdown complete.
2026-06-03 00:15:57: INFO:     Started server process [4700]
2026-06-03 00:15:57: INFO:     Waiting for application startup.
2026-06-03 00:15:57: 2026-06-03 00:15:57,297 [INFO] trader: Strategy loop started \u2014 EMA 9/21 on BTC/USDT 1h
2026-06-03 00:15:57: INFO:     Application startup complete.
2026-06-03 00:15:57: ERROR:    [Errno 10048] error while attempting to bind on address ('0.0.0.0', 8000): [winerror 10048] only one usage of each socket address (protocol/network address/port) is normally permitted
2026-06-03 00:15:57: INFO:     Waiting for application shutdown.
2026-06-03 00:15:57: INFO:     Application shutdown complete.
2026-06-03 00:16:04: INFO:     Started server process [2220]
2026-06-03 00:16:04: INFO:     Waiting for application startup.
2026-06-03 00:16:04: 2026-06-03 00:16:04,553 [INFO] trader: Strategy loop started \u2014 EMA 9/21 on BTC/USDT 1h
2026-06-03 00:16:04: INFO:     Application startup complete.
2026-06-03 00:16:04: ERROR:    [Errno 10048] error while attempting to bind on address ('0.0.0.0', 8000): [winerror 10048] only one usage of each socket address (protocol/network address/port) is normally permitted
2026-06-03 00:16:04: INFO:     Waiting for application shutdown.
2026-06-03 00:16:04: INFO:     Application shutdown complete.
2026-06-03 00:16:12: INFO:     Started server process [24620]
2026-06-03 00:16:12: INFO:     Waiting for application startup.
2026-06-03 00:16:12: 2026-06-03 00:16:12,265 [INFO] trader: Strategy loop started \u2014 EMA 9/21 on BTC/USDT 1h
2026-06-03 00:16:12: INFO:     Application startup complete.
2026-06-03 00:16:12: ERROR:    [Errno 10048] error while attempting to bind on address ('0.0.0.0', 8000): [winerror 10048] only one usage of each socket address (protocol/network address/port) is normally permitted
2026-06-03 00:16:12: INFO:     Waiting for application shutdown.
2026-06-03 00:16:12: INFO:     Application shutdown complete.
2026-06-03 00:16:19: INFO:     Started server process [11020]
2026-06-03 00:16:19: INFO:     Waiting for application startup.
2026-06-03 00:16:19: 2026-06-03 00:16:19,667 [INFO] trader: Strategy loop started \u2014 EMA 9/21 on BTC/USDT 1h
2026-06-03 00:16:19: INFO:     Application startup complete.
2026-06-03 00:16:19: ERROR:    [Errno 10048] error while attempting to bind on address ('0.0.0.0', 8000): [winerror 10048] only one usage of each socket address (protocol/network address/port) is normally permitted
2026-06-03 00:16:19: INFO:     Waiting for application shutdown.
2026-06-03 00:16:19: INFO:     Application shutdown complete.
2026-06-03 00:16:28: INFO:     Started server process [26180]
2026-06-03 00:16:28: INFO:     Waiting for application startup.
2026-06-03 00:16:28: 2026-06-03 00:16:28,687 [INFO] trader: Strategy loop started \u2014 EMA 9/21 on BTC/USDT 1h
2026-06-03 00:16:28: INFO:     Application startup complete.
2026-06-03 00:16:28: ERROR:    [Errno 10048] error while attempting to bind on address ('0.0.0.0', 8000): [winerror 10048] only one usage of each socket address (protocol/network address/port) is normally permitted
2026-06-03 00:16:28: INFO:     Waiting for application shutdown.
2026-06-03 00:16:28: INFO:     Application shutdown complete.
2026-06-03 00:16:38: INFO:     Started server process [25220]
2026-06-03 00:16:38: INFO:     Waiting for application startup.
2026-06-03 00:16:38: 2026-06-03 00:16:38,291 [INFO] trader: Strategy loop started \u2014 EMA 9/21 on BTC/USDT 1h
2026-06-03 00:16:38: INFO:     Application startup complete.
2026-06-03 00:16:38: ERROR:    [Errno 10048] error while attempting to bind on address ('0.0.0.0', 8000): [winerror 10048] only one usage of each socket address (protocol/network address/port) is normally permitted
2026-06-03 00:16:38: INFO:     Waiting for application shutdown.
2026-06-03 00:16:38: INFO:     Application shutdown complete.
2026-06-03 00:16:46: INFO:     Started server process [23500]
2026-06-03 00:16:46: INFO:     Waiting for application startup.
2026-06-03 00:16:46: 2026-06-03 00:16:46,062 [INFO] trader: Strategy loop started \u2014 EMA 9/21 on BTC/USDT 1h
2026-06-03 00:16:46: INFO:     Application startup complete.
2026-06-03 00:16:46: ERROR:    [Errno 10048] error while attempting to bind on address ('0.0.0.0', 8000): [winerror 10048] only one usage of each socket address (protocol/network address/port) is normally permitted
2026-06-03 00:16:46: INFO:     Waiting for application shutdown.
2026-06-03 00:16:46: INFO:     Application shutdown complete.
2026-06-03 00:16:53: INFO:     Started server process [10680]
2026-06-03 00:16:53: INFO:     Waiting for application startup.
2026-06-03 00:16:53: 2026-06-03 00:16:53,671 [INFO] trader: Strategy loop started \u2014 EMA 9/21 on BTC/USDT 1h
2026-06-03 00:16:53: INFO:     Application startup complete.
2026-06-03 00:16:53: ERROR:    [Errno 10048] error while attempting to bind on address ('0.0.0.0', 8000): [winerror 10048] only one usage of each socket address (protocol/network address/port) is normally permitted
2026-06-03 00:16:53: INFO:     Waiting for application shutdown.
2026-06-03 00:16:53: INFO:     Application shutdown complete.
2026-06-03 00:17:02: INFO:     Started server process [7540]
2026-06-03 00:17:02: INFO:     Waiting for application startup.
2026-06-03 00:17:02: 2026-06-03 00:17:02,684 [INFO] trader: Strategy loop started \u2014 EMA 9/21 on BTC/USDT 1h
2026-06-03 00:17:02: INFO:     Application startup complete.
2026-06-03 00:17:02: ERROR:    [Errno 10048] error while attempting to bind on address ('0.0.0.0', 8000): [winerror 10048] only one usage of each socket address (protocol/network address/port) is normally permitted
2026-06-03 00:17:02: INFO:     Waiting for application shutdown.
2026-06-03 00:17:02: INFO:     Application shutdown complete.
2026-06-03 00:17:09: INFO:     Started server process [22736]
2026-06-03 00:17:09: INFO:     Waiting for application startup.
2026-06-03 00:17:09: 2026-06-03 00:17:09,867 [INFO] trader: Strategy loop started \u2014 EMA 9/21 on BTC/USDT 1h
2026-06-03 00:17:09: INFO:     Application startup complete.
2026-06-03 00:17:09: ERROR:    [Errno 10048] error while attempting to bind on address ('0.0.0.0', 8000): [winerror 10048] only one usage of each socket address (protocol/network address/port) is normally permitted
2026-06-03 00:17:09: INFO:     Waiting for application shutdown.
2026-06-03 00:17:09: INFO:     Application shutdown complete.
2026-06-03 00:17:17: INFO:     Started server process [4912]
2026-06-03 00:17:17: INFO:     Waiting for application startup.
2026-06-03 00:17:17: 2026-06-03 00:17:17,460 [INFO] trader: Strategy loop started \u2014 EMA 9/21 on BTC/USDT 1h
2026-06-03 00:17:17: INFO:     Application startup complete.
2026-06-03 00:17:17: ERROR:    [Errno 10048] error while attempting to bind on address ('0.0.0.0', 8000): [winerror 10048] only one usage of each socket address (protocol/network address/port) is normally permitted
2026-06-03 00:17:17: INFO:     Waiting for application shutdown.
2026-06-03 00:17:17: INFO:     Application shutdown complete.
2026-06-03 00:17:24: INFO:     Started server process [24236]
2026-06-03 00:17:24: INFO:     Waiting for application startup.
2026-06-03 00:17:24: 2026-06-03 00:17:24,992 [INFO] trader: Strategy loop started \u2014 EMA 9/21 on BTC/USDT 1h
2026-06-03 00:17:24: INFO:     Application startup complete.
2026-06-03 00:17:24: ERROR:    [Errno 10048] error while attempting to bind on address ('0.0.0.0', 8000): [winerror 10048] only one usage of each socket address (protocol/network address/port) is normally permitted
2026-06-03 00:17:24: INFO:     Waiting for application shutdown.
2026-06-03 00:17:24: INFO:     Application shutdown complete.
2026-06-03 00:17:32: INFO:     Started server process [26628]
2026-06-03 00:17:32: INFO:     Waiting for application startup.
2026-06-03 00:17:32: 2026-06-03 00:17:32,274 [INFO] trader: Strategy loop started \u2014 EMA 9/21 on BTC/USDT 1h
2026-06-03 00:17:32: INFO:     Application startup complete.
2026-06-03 00:17:32: ERROR:    [Errno 10048] error while attempting to bind on address ('0.0.0.0', 8000): [winerror 10048] only one usage of each socket address (protocol/network address/port) is normally permitted
2026-06-03 00:17:32: INFO:     Waiting for application shutdown.
2026-06-03 00:17:32: INFO:     Application shutdown complete.
2026-06-03 00:17:39: INFO:     Started server process [21400]
2026-06-03 00:17:39: INFO:     Waiting for application startup.
2026-06-03 00:17:39: 2026-06-03 00:17:39,856 [INFO] trader: Strategy loop started \u2014 EMA 9/21 on BTC/USDT 1h
2026-06-03 00:17:39: INFO:     Application startup complete.
2026-06-03 00:17:39: ERROR:    [Errno 10048] error while attempting to bind on address ('0.0.0.0', 8000): [winerror 10048] only one usage of each socket address (protocol/network address/port) is normally permitted
2026-06-03 00:17:39: INFO:     Waiting for application shutdown.
2026-06-03 00:17:39: INFO:     Application shutdown complete.
2026-06-03 00:17:47: INFO:     Started server process [29904]
2026-06-03 00:17:47: INFO:     Waiting for application startup.
2026-06-03 00:17:47: 2026-06-03 00:17:47,182 [INFO] trader: Strategy loop started \u2014 EMA 9/21 on BTC/USDT 1h
2026-06-03 00:17:47: INFO:     Application startup complete.
2026-06-03 00:17:47: ERROR:    [Errno 10048] error while attempting to bind on address ('0.0.0.0', 8000): [winerror 10048] only one usage of each socket address (protocol/network address/port) is normally permitted
2026-06-03 00:17:47: INFO:     Waiting for application shutdown.
2026-06-03 00:17:47: INFO:     Application shutdown complete.
2026-06-03 00:17:54: INFO:     Started server process [26760]
2026-06-03 00:17:54: INFO:     Waiting for application startup.
2026-06-03 00:17:54: 2026-06-03 00:17:54,947 [INFO] trader: Strategy loop started \u2014 EMA 9/21 on BTC/USDT 1h
2026-06-03 00:17:54: INFO:     Application startup complete.
2026-06-03 00:17:54: ERROR:    [Errno 10048] error while attempting to bind on address ('0.0.0.0', 8000): [winerror 10048] only one usage of each socket address (protocol/network address/port) is normally permitted
2026-06-03 00:17:54: INFO:     Waiting for application shutdown.
2026-06-03 00:17:54: INFO:     Application shutdown complete.
2026-06-03 00:18:02: INFO:     Started server process [17072]
2026-06-03 00:18:02: INFO:     Waiting for application startup.
2026-06-03 00:18:02: 2026-06-03 00:18:02,181 [INFO] trader: Strategy loop started \u2014 EMA 9/21 on BTC/USDT 1h
2026-06-03 00:18:02: INFO:     Application startup complete.
2026-06-03 00:18:02: ERROR:    [Errno 10048] error while attempting to bind on address ('0.0.0.0', 8000): [winerror 10048] only one usage of each socket address (protocol/network address/port) is normally permitted
2026-06-03 00:18:02: INFO:     Waiting for application shutdown.
2026-06-03 00:18:02: INFO:     Application shutdown complete.
2026-06-03 00:18:18: INFO:     Started server process [8572]
2026-06-03 00:18:18: INFO:     Waiting for application startup.
2026-06-03 00:18:18: 2026-06-03 00:18:18,952 [INFO] trader: Strategy loop started \u2014 EMA 9/21 on BTC/USDT 1h
2026-06-03 00:18:18: INFO:     Application startup complete.
2026-06-03 00:18:18: ERROR:    [Errno 10048] error while attempting to bind on address ('0.0.0.0', 8000): [winerror 10048] only one usage of each socket address (protocol/network address/port) is normally permitted
2026-06-03 00:18:18: INFO:     Waiting for application shutdown.
2026-06-03 00:18:18: INFO:     Application shutdown complete.
2026-06-03 00:18:26: INFO:     Started server process [29616]
2026-06-03 00:18:26: INFO:     Waiting for application startup.
2026-06-03 00:18:26: 2026-06-03 00:18:26,190 [INFO] trader: Strategy loop started \u2014 EMA 9/21 on BTC/USDT 1h
2026-06-03 00:18:26: INFO:     Application startup complete.
2026-06-03 00:18:26: ERROR:    [Errno 10048] error while attempting to bind on address ('0.0.0.0', 8000): [winerror 10048] only one usage of each socket address (protocol/network address/port) is normally permitted
2026-06-03 00:18:26: INFO:     Waiting for application shutdown.
2026-06-03 00:18:26: INFO:     Application shutdown complete.
2026-06-03 00:18:34: INFO:     Started server process [17376]
2026-06-03 00:18:34: INFO:     Waiting for application startup.
2026-06-03 00:18:34: 2026-06-03 00:18:34,461 [INFO] trader: Strategy loop started \u2014 EMA 9/21 on BTC/USDT 1h
2026-06-03 00:18:34: INFO:     Application startup complete.
2026-06-03 00:18:34: ERROR:    [Errno 10048] error while attempting to bind on address ('0.0.0.0', 8000): [winerror 10048] only one usage of each socket address (protocol/network address/port) is normally permitted
2026-06-03 00:18:34: INFO:     Waiting for application shutdown.
2026-06-03 00:18:34: INFO:     Application shutdown complete.
2026-06-03 00:18:45: INFO:     Started server process [16804]
2026-06-03 00:18:45: INFO:     Waiting for application startup.
2026-06-03 00:18:45: 2026-06-03 00:18:45,560 [INFO] trader: Strategy loop started \u2014 EMA 9/21 on BTC/USDT 1h
2026-06-03 00:18:45: INFO:     Application startup complete.
2026-06-03 00:18:45: ERROR:    [Errno 10048] error while attempting to bind on address ('0.0.0.0', 8000): [winerror 10048] only one usage of each socket address (protocol/network address/port) is normally permitted
2026-06-03 00:18:45: INFO:     Waiting for application shutdown.
2026-06-03 00:18:45: INFO:     Application shutdown complete.
2026-06-03 00:18:52: 2026-06-03 00:18:52,409 [WARNING] discord: Discord notify failed: The read operation timed out
2026-06-03 00:18:58: INFO:     Started server process [2208]
2026-06-03 00:18:58: INFO:     Waiting for application startup.
2026-06-03 00:18:58: 2026-06-03 00:18:58,986 [INFO] trader: Strategy loop started \u2014 EMA 9/21 on BTC/USDT 1h
2026-06-03 00:18:58: INFO:     Application startup complete.
2026-06-03 00:18:58: ERROR:    [Errno 10048] error while attempting to bind on address ('0.0.0.0', 8000): [winerror 10048] only one usage of each socket address (protocol/network address/port) is normally permitted
2026-06-03 00:18:58: INFO:     Waiting for application shutdown.
2026-06-03 00:18:58: INFO:     Application shutdown complete.
2026-06-03 00:19:07: INFO:     Started server process [28516]
2026-06-03 00:19:07: INFO:     Waiting for application startup.
2026-06-03 00:19:07: 2026-06-03 00:19:07,372 [INFO] trader: Strategy loop started \u2014 EMA 9/21 on BTC/USDT 1h
2026-06-03 00:19:07: INFO:     Application startup complete.
2026-06-03 00:19:07: ERROR:    [Errno 10048] error while attempting to bind on address ('0.0.0.0', 8000): [winerror 10048] only one usage of each socket address (protocol/network address/port) is normally permitted
2026-06-03 00:19:07: INFO:     Waiting for application shutdown.
2026-06-03 00:19:07: INFO:     Application shutdown complete.
2026-06-03 00:19:14: INFO:     Started server process [23200]
2026-06-03 00:19:14: INFO:     Waiting for application startup.
2026-06-03 00:19:14: 2026-06-03 00:19:14,820 [INFO] trader: Strategy loop started \u2014 EMA 9/21 on BTC/USDT 1h
2026-06-03 00:19:14: INFO:     Application startup complete.
2026-06-03 00:19:14: ERROR:    [Errno 10048] error while attempting to bind on address ('0.0.0.0', 8000): [winerror 10048] only one usage of each socket address (protocol/network address/port) is normally permitted
2026-06-03 00:19:14: INFO:     Waiting for application shutdown.
2026-06-03 00:19:14: INFO:     Application shutdown complete.
2026-06-03 00:19:23: INFO:     Started server process [18696]
2026-06-03 00:19:23: INFO:     Waiting for application startup.
2026-06-03 00:19:23: 2026-06-03 00:19:23,176 [INFO] trader: Strategy loop started \u2014 EMA 9/21 on BTC/USDT 1h
2026-06-03 00:19:23: INFO:     Application startup complete.
2026-06-03 00:19:23: ERROR:    [Errno 10048] error while attempting to bind on address ('0.0.0.0', 8000): [winerror 10048] only one usage of each socket address (protocol/network address/port) is normally permitted
2026-06-03 00:19:23: INFO:     Waiting for application shutdown.
2026-06-03 00:19:23: INFO:     Application shutdown complete.
2026-06-03 00:19:30: INFO:     Started server process [3724]
2026-06-03 00:19:30: INFO:     Waiting for application startup.
2026-06-03 00:19:30: 2026-06-03 00:19:30,486 [INFO] trader: Strategy loop started \u2014 EMA 9/21 on BTC/USDT 1h
2026-06-03 00:19:30: INFO:     Application startup complete.
2026-06-03 00:19:30: ERROR:    [Errno 10048] error while attempting to bind on address ('0.0.0.0', 8000): [winerror 10048] only one usage of each socket address (protocol/network address/port) is normally permitted
2026-06-03 00:19:30: INFO:     Waiting for application shutdown.
2026-06-03 00:19:30: INFO:     Application shutdown complete.
2026-06-03 00:19:38: INFO:     Started server process [13152]
2026-06-03 00:19:38: INFO:     Waiting for application startup.
2026-06-03 00:19:38: 2026-06-03 00:19:38,134 [INFO] trader: Strategy loop started \u2014 EMA 9/21 on BTC/USDT 1h
2026-06-03 00:19:38: INFO:     Application startup complete.
2026-06-03 00:19:38: ERROR:    [Errno 10048] error while attempting to bind on address ('0.0.0.0', 8000): [winerror 10048] only one usage of each socket address (protocol/network address/port) is normally permitted
2026-06-03 00:19:38: INFO:     Waiting for application shutdown.
2026-06-03 00:19:38: INFO:     Application shutdown complete.
2026-06-03 00:19:45: INFO:     Started server process [29808]
2026-06-03 00:19:45: INFO:     Waiting for application startup.
2026-06-03 00:19:45: 2026-06-03 00:19:45,640 [INFO] trader: Strategy loop started \u2014 EMA 9/21 on BTC/USDT 1h
2026-06-03 00:19:45: INFO:     Application startup complete.
2026-06-03 00:19:45: ERROR:    [Errno 10048] error while attempting to bind on address ('0.0.0.0', 8000): [winerror 10048] only one usage of each socket address (protocol/network address/port) is normally permitted
2026-06-03 00:19:45: INFO:     Waiting for application shutdown.
2026-06-03 00:19:45: INFO:     Application shutdown complete.
2026-06-03 00:19:53: INFO:     Started server process [5148]
2026-06-03 00:19:53: INFO:     Waiting for application startup.
2026-06-03 00:19:53: 2026-06-03 00:19:53,233 [INFO] trader: Strategy loop started \u2014 EMA 9/21 on BTC/USDT 1h
2026-06-03 00:19:53: INFO:     Application startup complete.
2026-06-03 00:19:53: ERROR:    [Errno 10048] error while attempting to bind on address ('0.0.0.0', 8000): [winerror 10048] only one usage of each socket address (protocol/network address/port) is normally permitted
2026-06-03 00:19:53: INFO:     Waiting for application shutdown.
2026-06-03 00:19:53: INFO:     Application shutdown complete.
2026-06-03 00:20:00: INFO:     Started server process [26176]
2026-06-03 00:20:00: INFO:     Waiting for application startup.
2026-06-03 00:20:00: 2026-06-03 00:20:00,456 [INFO] trader: Strategy loop started \u2014 EMA 9/21 on BTC/USDT 1h
2026-06-03 00:20:00: INFO:     Application startup complete.
2026-06-03 00:20:00: ERROR:    [Errno 10048] error while attempting to bind on address ('0.0.0.0', 8000): [winerror 10048] only one usage of each socket address (protocol/network address/port) is normally permitted
2026-06-03 00:20:00: INFO:     Waiting for application shutdown.
2026-06-03 00:20:00: INFO:     Application shutdown complete.
2026-06-03 00:20:08: INFO:     Started server process [30096]
2026-06-03 00:20:08: INFO:     Waiting for application startup.
2026-06-03 00:20:08: 2026-06-03 00:20:08,033 [INFO] trader: Strategy loop started \u2014 EMA 9/21 on BTC/USDT 1h
2026-06-03 00:20:08: INFO:     Application startup complete.
2026-06-03 00:20:08: ERROR:    [Errno 10048] error while attempting to bind on address ('0.0.0.0', 8000): [winerror 10048] only one usage of each socket address (protocol/network address/port) is normally permitted
2026-06-03 00:20:08: INFO:     Waiting for application shutdown.
2026-06-03 00:20:08: INFO:     Application shutdown complete.
2026-06-03 00:20:16: INFO:     Started server process [31572]
2026-06-03 00:20:16: INFO:     Waiting for application startup.
2026-06-03 00:20:16: 2026-06-03 00:20:16,842 [INFO] trader: Strategy loop started \u2014 EMA 9/21 on BTC/USDT 1h
2026-06-03 00:20:16: INFO:     Application startup complete.
2026-06-03 00:20:16: ERROR:    [Errno 10048] error while attempting to bind on address ('0.0.0.0', 8000): [winerror 10048] only one usage of each socket address (protocol/network address/port) is normally permitted
2026-06-03 00:20:16: INFO:     Waiting for application shutdown.
2026-06-03 00:20:16: INFO:     Application shutdown complete.
2026-06-03 00:20:24: INFO:     Started server process [23056]
2026-06-03 00:20:24: INFO:     Waiting for application startup.
2026-06-03 00:20:24: 2026-06-03 00:20:24,247 [INFO] trader: Strategy loop started \u2014 EMA 9/21 on BTC/USDT 1h
2026-06-03 00:20:24: INFO:     Application startup complete.
2026-06-03 00:20:24: ERROR:    [Errno 10048] error while attempting to bind on address ('0.0.0.0', 8000): [winerror 10048] only one usage of each socket address (protocol/network address/port) is normally permitted
2026-06-03 00:20:24: INFO:     Waiting for application shutdown.
2026-06-03 00:20:24: INFO:     Application shutdown complete.
2026-06-03 00:20:31: INFO:     Started server process [7016]
2026-06-03 00:20:31: INFO:     Waiting for application startup.
2026-06-03 00:20:31: 2026-06-03 00:20:31,571 [INFO] trader: Strategy loop started \u2014 EMA 9/21 on BTC/USDT 1h
2026-06-03 00:20:31: INFO:     Application startup complete.
2026-06-03 00:20:31: ERROR:    [Errno 10048] error while attempting to bind on address ('0.0.0.0', 8000): [winerror 10048] only one usage of each socket address (protocol/network address/port) is normally permitted
2026-06-03 00:20:31: INFO:     Waiting for application shutdown.
2026-06-03 00:20:31: INFO:     Application shutdown complete.
2026-06-03 00:20:39: INFO:     Started server process [4296]
2026-06-03 00:20:39: INFO:     Waiting for application startup.
2026-06-03 00:20:39: 2026-06-03 00:20:39,300 [INFO] trader: Strategy loop started \u2014 EMA 9/21 on BTC/USDT 1h
2026-06-03 00:20:39: INFO:     Application startup complete.
2026-06-03 00:20:39: ERROR:    [Errno 10048] error while attempting to bind on address ('0.0.0.0', 8000): [winerror 10048] only one usage of each socket address (protocol/network address/port) is normally permitted
2026-06-03 00:20:39: INFO:     Waiting for application shutdown.
2026-06-03 00:20:39: INFO:     Application shutdown complete.
2026-06-03 00:20:46: INFO:     Started server process [13828]
2026-06-03 00:20:46: INFO:     Waiting for application startup.
2026-06-03 00:20:46: 2026-06-03 00:20:46,803 [INFO] trader: Strategy loop started \u2014 EMA 9/21 on BTC/USDT 1h
2026-06-03 00:20:46: INFO:     Application startup complete.
2026-06-03 00:20:46: ERROR:    [Errno 10048] error while attempting to bind on address ('0.0.0.0', 8000): [winerror 10048] only one usage of each socket address (protocol/network address/port) is normally permitted
2026-06-03 00:20:46: INFO:     Waiting for application shutdown.
2026-06-03 00:20:46: INFO:     Application shutdown complete.
2026-06-03 00:20:54: INFO:     Started server process [16644]
2026-06-03 00:20:54: INFO:     Waiting for application startup.
2026-06-03 00:20:54: 2026-06-03 00:20:54,434 [INFO] trader: Strategy loop started \u2014 EMA 9/21 on BTC/USDT 1h
2026-06-03 00:20:54: INFO:     Application startup complete.
2026-06-03 00:20:54: ERROR:    [Errno 10048] error while attempting to bind on address ('0.0.0.0', 8000): [winerror 10048] only one usage of each socket address (protocol/network address/port) is normally permitted
2026-06-03 00:20:54: INFO:     Waiting for application shutdown.
2026-06-03 00:20:54: INFO:     Application shutdown complete.
2026-06-03 00:21:01: INFO:     Started server process [26740]
2026-06-03 00:21:01: INFO:     Waiting for application startup.
2026-06-03 00:21:01: 2026-06-03 00:21:01,818 [INFO] trader: Strategy loop started \u2014 EMA 9/21 on BTC/USDT 1h
2026-06-03 00:21:01: INFO:     Application startup complete.
2026-06-03 00:21:01: ERROR:    [Errno 10048] error while attempting to bind on address ('0.0.0.0', 8000): [winerror 10048] only one usage of each socket address (protocol/network address/port) is normally permitted
2026-06-03 00:21:01: INFO:     Waiting for application shutdown.
2026-06-03 00:21:01: INFO:     Application shutdown complete.
2026-06-03 00:21:09: INFO:     Started server process [19740]
2026-06-03 00:21:09: INFO:     Waiting for application startup.
2026-06-03 00:21:09: 2026-06-03 00:21:09,224 [INFO] trader: Strategy loop started \u2014 EMA 9/21 on BTC/USDT 1h
2026-06-03 00:21:09: INFO:     Application startup complete.
2026-06-03 00:21:09: ERROR:    [Errno 10048] error while attempting to bind on address ('0.0.0.0', 8000): [winerror 10048] only one usage of each socket address (protocol/network address/port) is normally permitted
2026-06-03 00:21:09: INFO:     Waiting for application shutdown.
2026-06-03 00:21:09: INFO:     Application shutdown complete.
2026-06-03 00:21:17: INFO:     Started server process [16728]
2026-06-03 00:21:17: INFO:     Waiting for application startup.
2026-06-03 00:21:17: 2026-06-03 00:21:17,517 [INFO] trader: Strategy loop started \u2014 EMA 9/21 on BTC/USDT 1h
2026-06-03 00:21:17: INFO:     Application startup complete.
2026-06-03 00:21:17: ERROR:    [Errno 10048] error while attempting to bind on address ('0.0.0.0', 8000): [winerror 10048] only one usage of each socket address (protocol/network address/port) is normally permitted
2026-06-03 00:21:17: INFO:     Waiting for application shutdown.
2026-06-03 00:21:17: INFO:     Application shutdown complete.
2026-06-03 00:21:24: INFO:     Started server process [22452]
2026-06-03 00:21:24: INFO:     Waiting for application startup.
2026-06-03 00:21:24: 2026-06-03 00:21:24,998 [INFO] trader: Strategy loop started \u2014 EMA 9/21 on BTC/USDT 1h
2026-06-03 00:21:25: INFO:     Application startup complete.
2026-06-03 00:21:25: ERROR:    [Errno 10048] error while attempting to bind on address ('0.0.0.0', 8000): [winerror 10048] only one usage of each socket address (protocol/network address/port) is normally permitted
2026-06-03 00:21:25: INFO:     Waiting for application shutdown.
2026-06-03 00:21:25: INFO:     Application shutdown complete.
2026-06-03 00:21:33: INFO:     Started server process [4248]
2026-06-03 00:21:33: INFO:     Waiting for application startup.
2026-06-03 00:21:33: 2026-06-03 00:21:33,531 [INFO] trader: Strategy loop started \u2014 EMA 9/21 on BTC/USDT 1h
2026-06-03 00:21:33: INFO:     Application startup complete.
2026-06-03 00:21:33: ERROR:    [Errno 10048] error while attempting to bind on address ('0.0.0.0', 8000): [winerror 10048] only one usage of each socket address (protocol/network address/port) is normally permitted
2026-06-03 00:21:33: INFO:     Waiting for application shutdown.
2026-06-03 00:21:33: INFO:     Application shutdown complete.
2026-06-03 00:21:41: INFO:     Started server process [27236]
2026-06-03 00:21:41: INFO:     Waiting for application startup.
2026-06-03 00:21:41: 2026-06-03 00:21:41,539 [INFO] trader: Strategy loop started \u2014 EMA 9/21 on BTC/USDT 1h
2026-06-03 00:21:41: INFO:     Application startup complete.
2026-06-03 00:21:41: ERROR:    [Errno 10048] error while attempting to bind on address ('0.0.0.0', 8000): [winerror 10048] only one usage of each socket address (protocol/network address/port) is normally permitted
2026-06-03 00:21:41: INFO:     Waiting for application shutdown.
2026-06-03 00:21:41: INFO:     Application shutdown complete.
2026-06-03 00:21:49: INFO:     Started server process [22560]
2026-06-03 00:21:49: INFO:     Waiting for application startup.
2026-06-03 00:21:49: 2026-06-03 00:21:49,191 [INFO] trader: Strategy loop started \u2014 EMA 9/21 on BTC/USDT 1h
2026-06-03 00:21:49: INFO:     Application startup complete.
2026-06-03 00:21:49: ERROR:    [Errno 10048] error while attempting to bind on address ('0.0.0.0', 8000): [winerror 10048] only one usage of each socket address (protocol/network address/port) is normally permitted
2026-06-03 00:21:49: INFO:     Waiting for application shutdown.
2026-06-03 00:21:49: INFO:     Application shutdown complete.
2026-06-03 00:21:56: INFO:     Started server process [26844]
2026-06-03 00:21:56: INFO:     Waiting for application startup.
2026-06-03 00:21:56: 2026-06-03 00:21:56,637 [INFO] trader: Strategy loop started \u2014 EMA 9/21 on BTC/USDT 1h
2026-06-03 00:21:56: INFO:     Application startup complete.
2026-06-03 00:21:56: ERROR:    [Errno 10048] error while attempting to bind on address ('0.0.0.0', 8000): [winerror 10048] only one usage of each socket address (protocol/network address/port) is normally permitted
2026-06-03 00:21:56: INFO:     Waiting for application shutdown.
2026-06-03 00:21:56: INFO:     Application shutdown complete.
2026-06-03 00:22:06: INFO:     Started server process [28940]
2026-06-03 00:22:06: INFO:     Waiting for application startup.
2026-06-03 00:22:06: 2026-06-03 00:22:06,683 [INFO] trader: Strategy loop started \u2014 EMA 9/21 on BTC/USDT 1h
2026-06-03 00:22:06: INFO:     Application startup complete.
2026-06-03 00:22:06: ERROR:    [Errno 10048] error while attempting to bind on address ('0.0.0.0', 8000): [winerror 10048] only one usage of each socket address (protocol/network address/port) is normally permitted
2026-06-03 00:22:06: INFO:     Waiting for application shutdown.
2026-06-03 00:22:06: INFO:     Application shutdown complete.
2026-06-03 00:22:14: INFO:     Started server process [28272]
2026-06-03 00:22:14: INFO:     Waiting for application startup.
2026-06-03 00:22:14: 2026-06-03 00:22:14,223 [INFO] trader: Strategy loop started \u2014 EMA 9/21 on BTC/USDT 1h
2026-06-03 00:22:14: INFO:     Application startup complete.
2026-06-03 00:22:14: ERROR:    [Errno 10048] error while attempting to bind on address ('0.0.0.0', 8000): [winerror 10048] only one usage of each socket address (protocol/network address/port) is normally permitted
2026-06-03 00:22:14: INFO:     Waiting for application shutdown.
2026-06-03 00:22:14: INFO:     Application shutdown complete.
2026-06-03 00:22:22: INFO:     Started server process [5924]
2026-06-03 00:22:22: INFO:     Waiting for application startup.
2026-06-03 00:22:22: 2026-06-03 00:22:22,323 [INFO] trader: Strategy loop started \u2014 EMA 9/21 on BTC/USDT 1h
2026-06-03 00:22:22: INFO:     Application startup complete.
2026-06-03 00:22:22: ERROR:    [Errno 10048] error while attempting to bind on address ('0.0.0.0', 8000): [winerror 10048] only one usage of each socket address (protocol/network address/port) is normally permitted
2026-06-03 00:22:22: INFO:     Waiting for application shutdown.
2026-06-03 00:22:22: INFO:     Application shutdown complete.
2026-06-03 00:22:29: INFO:     Started server process [31460]
2026-06-03 00:22:29: INFO:     Waiting for application startup.
2026-06-03 00:22:29: 2026-06-03 00:22:29,855 [INFO] trader: Strategy loop started \u2014 EMA 9/21 on BTC/USDT 1h
2026-06-03 00:22:29: INFO:     Application startup complete.
2026-06-03 00:22:29: ERROR:    [Errno 10048] error while attempting to bind on address ('0.0.0.0', 8000): [winerror 10048] only one usage of each socket address (protocol/network address/port) is normally permitted
2026-06-03 00:22:29: INFO:     Waiting for application shutdown.
2026-06-03 00:22:29: INFO:     Application shutdown complete.
2026-06-03 00:22:37: INFO:     Started server process [19672]
2026-06-03 00:22:37: INFO:     Waiting for application startup.
2026-06-03 00:22:37: 2026-06-03 00:22:37,297 [INFO] trader: Strategy loop started \u2014 EMA 9/21 on BTC/USDT 1h
2026-06-03 00:22:37: INFO:     Application startup complete.
2026-06-03 00:22:37: ERROR:    [Errno 10048] error while attempting to bind on address ('0.0.0.0', 8000): [winerror 10048] only one usage of each socket address (protocol/network address/port) is normally permitted
2026-06-03 00:22:37: INFO:     Waiting for application shutdown.
2026-06-03 00:22:37: INFO:     Application shutdown complete.
2026-06-03 00:22:45: INFO:     Started server process [22412]
2026-06-03 00:22:45: INFO:     Waiting for application startup.
2026-06-03 00:22:45: 2026-06-03 00:22:45,557 [INFO] trader: Strategy loop started \u2014 EMA 9/21 on BTC/USDT 1h
2026-06-03 00:22:45: INFO:     Application startup complete.
2026-06-03 00:22:45: ERROR:    [Errno 10048] error while attempting to bind on address ('0.0.0.0', 8000): [winerror 10048] only one usage of each socket address (protocol/network address/port) is normally permitted
2026-06-03 00:22:45: INFO:     Waiting for application shutdown.
2026-06-03 00:22:45: INFO:     Application shutdown complete.
2026-06-03 00:22:53: INFO:     Started server process [29440]
2026-06-03 00:22:53: INFO:     Waiting for application startup.
2026-06-03 00:22:53: 2026-06-03 00:22:53,333 [INFO] trader: Strategy loop started \u2014 EMA 9/21 on BTC/USDT 1h
2026-06-03 00:22:53: INFO:     Application startup complete.
2026-06-03 00:22:53: ERROR:    [Errno 10048] error while attempting to bind on address ('0.0.0.0', 8000): [winerror 10048] only one usage of each socket address (protocol/network address/port) is normally permitted
2026-06-03 00:22:53: INFO:     Waiting for application shutdown.
2026-06-03 00:22:53: INFO:     Application shutdown complete.
2026-06-03 00:23:00: INFO:     Started server process [24548]
2026-06-03 00:23:00: INFO:     Waiting for application startup.
2026-06-03 00:23:00: 2026-06-03 00:23:00,960 [INFO] trader: Strategy loop started \u2014 EMA 9/21 on BTC/USDT 1h
2026-06-03 00:23:00: INFO:     Application startup complete.
2026-06-03 00:23:00: ERROR:    [Errno 10048] error while attempting to bind on address ('0.0.0.0', 8000): [winerror 10048] only one usage of each socket address (protocol/network address/port) is normally permitted
2026-06-03 00:23:00: INFO:     Waiting for application shutdown.
2026-06-03 00:23:00: INFO:     Application shutdown complete.
2026-06-03 00:23:08: INFO:     Started server process [16580]
2026-06-03 00:23:08: INFO:     Waiting for application startup.
2026-06-03 00:23:08: 2026-06-03 00:23:08,524 [INFO] trader: Strategy loop started \u2014 EMA 9/21 on BTC/USDT 1h
2026-06-03 00:23:08: INFO:     Application startup complete.
2026-06-03 00:23:08: ERROR:    [Errno 10048] error while attempting to bind on address ('0.0.0.0', 8000): [winerror 10048] only one usage of each socket address (protocol/network address/port) is normally permitted
2026-06-03 00:23:08: INFO:     Waiting for application shutdown.
2026-06-03 00:23:08: INFO:     Application shutdown complete.
2026-06-03 00:23:15: INFO:     Started server process [25064]
2026-06-03 00:23:15: INFO:     Waiting for application startup.
2026-06-03 00:23:15: 2026-06-03 00:23:15,758 [INFO] trader: Strategy loop started \u2014 EMA 9/21 on BTC/USDT 1h
2026-06-03 00:23:15: INFO:     Application startup complete.
2026-06-03 00:23:15: ERROR:    [Errno 10048] error while attempting to bind on address ('0.0.0.0', 8000): [winerror 10048] only one usage of each socket address (protocol/network address/port) is normally permitted
2026-06-03 00:23:15: INFO:     Waiting for application shutdown.
2026-06-03 00:23:15: INFO:     Application shutdown complete.
2026-06-03 00:23:24: INFO:     Started server process [31420]
2026-06-03 00:23:24: INFO:     Waiting for application startup.
2026-06-03 00:23:24: 2026-06-03 00:23:24,484 [INFO] trader: Strategy loop started \u2014 EMA 9/21 on BTC/USDT 1h
2026-06-03 00:23:24: INFO:     Application startup complete.
2026-06-03 00:23:24: ERROR:    [Errno 10048] error while attempting to bind on address ('0.0.0.0', 8000): [winerror 10048] only one usage of each socket address (protocol/network address/port) is normally permitted
2026-06-03 00:23:24: INFO:     Waiting for application shutdown.
2026-06-03 00:23:24: INFO:     Application shutdown complete.
2026-06-03 00:23:31: INFO:     Started server process [30932]
2026-06-03 00:23:31: INFO:     Waiting for application startup.
2026-06-03 00:23:31: 2026-06-03 00:23:31,907 [INFO] trader: Strategy loop started \u2014 EMA 9/21 on BTC/USDT 1h
2026-06-03 00:23:31: INFO:     Application startup complete.
2026-06-03 00:23:31: ERROR:    [Errno 10048] error while attempting to bind on address ('0.0.0.0', 8000): [winerror 10048] only one usage of each socket address (protocol/network address/port) is normally permitted
2026-06-03 00:23:31: INFO:     Waiting for application shutdown.
2026-06-03 00:23:31: INFO:     Application shutdown complete.
2026-06-03 00:23:39: INFO:     Started server process [23560]
2026-06-03 00:23:39: INFO:     Waiting for application startup.
2026-06-03 00:23:39: 2026-06-03 00:23:39,325 [INFO] trader: Strategy loop started \u2014 EMA 9/21 on BTC/USDT 1h
2026-06-03 00:23:39: INFO:     Application startup complete.
2026-06-03 00:23:39: ERROR:    [Errno 10048] error while attempting to bind on address ('0.0.0.0', 8000): [winerror 10048] only one usage of each socket address (protocol/network address/port) is normally permitted
2026-06-03 00:23:39: INFO:     Waiting for application shutdown.
2026-06-03 00:23:39: INFO:     Application shutdown complete.
2026-06-03 00:23:46: INFO:     Started server process [24092]
2026-06-03 00:23:46: INFO:     Waiting for application startup.
2026-06-03 00:23:46: 2026-06-03 00:23:46,759 [INFO] trader: Strategy loop started \u2014 EMA 9/21 on BTC/USDT 1h
2026-06-03 00:23:46: INFO:     Application startup complete.
2026-06-03 00:23:46: ERROR:    [Errno 10048] error while attempting to bind on address ('0.0.0.0', 8000): [winerror 10048] only one usage of each socket address (protocol/network address/port) is normally permitted
2026-06-03 00:23:46: INFO:     Waiting for application shutdown.
2026-06-03 00:23:46: INFO:     Application shutdown complete.
2026-06-03 00:23:53: INFO:     Started server process [9852]
2026-06-03 00:23:53: INFO:     Waiting for application startup.
2026-06-03 00:23:53: 2026-06-03 00:23:53,985 [INFO] trader: Strategy loop started \u2014 EMA 9/21 on BTC/USDT 1h
2026-06-03 00:23:53: INFO:     Application startup complete.
2026-06-03 00:23:53: ERROR:    [Errno 10048] error while attempting to bind on address ('0.0.0.0', 8000): [winerror 10048] only one usage of each socket address (protocol/network address/port) is normally permitted
2026-06-03 00:23:53: INFO:     Waiting for application shutdown.
2026-06-03 00:23:53: INFO:     Application shutdown complete.
2026-06-03 00:24:01: INFO:     Started server process [31040]
2026-06-03 00:24:01: INFO:     Waiting for application startup.
2026-06-03 00:24:01: 2026-06-03 00:24:01,592 [INFO] trader: Strategy loop started \u2014 EMA 9/21 on BTC/USDT 1h
2026-06-03 00:24:01: INFO:     Application startup complete.
2026-06-03 00:24:01: ERROR:    [Errno 10048] error while attempting to bind on address ('0.0.0.0', 8000): [winerror 10048] only one usage of each socket address (protocol/network address/port) is normally permitted
2026-06-03 00:24:01: INFO:     Waiting for application shutdown.
2026-06-03 00:24:01: INFO:     Application shutdown complete.
2026-06-03 00:24:08: INFO:     Started server process [12180]
2026-06-03 00:24:08: INFO:     Waiting for application startup.
2026-06-03 00:24:08: 2026-06-03 00:24:08,944 [INFO] trader: Strategy loop started \u2014 EMA 9/21 on BTC/USDT 1h
2026-06-03 00:24:08: INFO:     Application startup complete.
2026-06-03 00:24:08: ERROR:    [Errno 10048] error while attempting to bind on address ('0.0.0.0', 8000): [winerror 10048] only one usage of each socket address (protocol/network address/port) is normally permitted
2026-06-03 00:24:08: INFO:     Waiting for application shutdown.
2026-06-03 00:24:08: INFO:     Application shutdown complete.
2026-06-03 00:24:16: INFO:     Started server process [21268]
2026-06-03 00:24:16: INFO:     Waiting for application startup.
2026-06-03 00:24:16: 2026-06-03 00:24:16,184 [INFO] trader: Strategy loop started \u2014 EMA 9/21 on BTC/USDT 1h
2026-06-03 00:24:16: INFO:     Application startup complete.
2026-06-03 00:24:16: ERROR:    [Errno 10048] error while attempting to bind on address ('0.0.0.0', 8000): [winerror 10048] only one usage of each socket address (protocol/network address/port) is normally permitted
2026-06-03 00:24:16: INFO:     Waiting for application shutdown.
2026-06-03 00:24:16: INFO:     Application shutdown complete.
2026-06-03 00:24:24: INFO:     Started server process [28724]
2026-06-03 00:24:24: INFO:     Waiting for application startup.
2026-06-03 00:24:24: 2026-06-03 00:24:24,385 [INFO] trader: Strategy loop started \u2014 EMA 9/21 on BTC/USDT 1h
2026-06-03 00:24:24: INFO:     Application startup complete.
2026-06-03 00:24:24: ERROR:    [Errno 10048] error while attempting to bind on address ('0.0.0.0', 8000): [winerror 10048] only one usage of each socket address (protocol/network address/port) is normally permitted
2026-06-03 00:24:24: INFO:     Waiting for application shutdown.
2026-06-03 00:24:24: INFO:     Application shutdown complete.
2026-06-03 00:24:31: INFO:     Started server process [23376]
2026-06-03 00:24:31: INFO:     Waiting for application startup.
2026-06-03 00:24:31: 2026-06-03 00:24:31,954 [INFO] trader: Strategy loop started \u2014 EMA 9/21 on BTC/USDT 1h
2026-06-03 00:24:31: INFO:     Application startup complete.
2026-06-03 00:24:31: ERROR:    [Errno 10048] error while attempting to bind on address ('0.0.0.0', 8000): [winerror 10048] only one usage of each socket address (protocol/network address/port) is normally permitted
2026-06-03 00:24:31: INFO:     Waiting for application shutdown.
2026-06-03 00:24:31: INFO:     Application shutdown complete.
2026-06-03 00:24:39: INFO:     Started server process [22972]
2026-06-03 00:24:39: INFO:     Waiting for application startup.
2026-06-03 00:24:39: 2026-06-03 00:24:39,326 [INFO] trader: Strategy loop started \u2014 EMA 9/21 on BTC/USDT 1h
2026-06-03 00:24:39: INFO:     Application startup complete.
2026-06-03 00:24:39: ERROR:    [Errno 10048] error while attempting to bind on address ('0.0.0.0', 8000): [winerror 10048] only one usage of each socket address (protocol/network address/port) is normally permitted
2026-06-03 00:24:39: INFO:     Waiting for application shutdown.
2026-06-03 00:24:39: INFO:     Application shutdown complete.
2026-06-03 00:24:48: INFO:     Started server process [30408]
2026-06-03 00:24:48: INFO:     Waiting for application startup.
2026-06-03 00:24:48: 2026-06-03 00:24:48,973 [INFO] trader: Strategy loop started \u2014 EMA 9/21 on BTC/USDT 1h
2026-06-03 00:24:48: INFO:     Application startup complete.
2026-06-03 00:24:48: ERROR:    [Errno 10048] error while attempting to bind on address ('0.0.0.0', 8000): [winerror 10048] only one usage of each socket address (protocol/network address/port) is normally permitted
2026-06-03 00:24:48: INFO:     Waiting for application shutdown.
2026-06-03 00:24:48: INFO:     Application shutdown complete.
2026-06-03 00:24:57: INFO:     Started server process [29616]
2026-06-03 00:24:57: INFO:     Waiting for application startup.
2026-06-03 00:24:57: 2026-06-03 00:24:57,021 [INFO] trader: Strategy loop started \u2014 EMA 9/21 on BTC/USDT 1h
2026-06-03 00:24:57: INFO:     Application startup complete.
2026-06-03 00:24:57: ERROR:    [Errno 10048] error while attempting to bind on address ('0.0.0.0', 8000): [winerror 10048] only one usage of each socket address (protocol/network address/port) is normally permitted
2026-06-03 00:24:57: INFO:     Waiting for application shutdown.
2026-06-03 00:24:57: INFO:     Application shutdown complete.
2026-06-03 00:25:04: INFO:     Started server process [28272]
2026-06-03 00:25:04: INFO:     Waiting for application startup.
2026-06-03 00:25:04: 2026-06-03 00:25:04,334 [INFO] trader: Strategy loop started \u2014 EMA 9/21 on BTC/USDT 1h
2026-06-03 00:25:04: INFO:     Application startup complete.
2026-06-03 00:25:04: ERROR:    [Errno 10048] error while attempting to bind on address ('0.0.0.0', 8000): [winerror 10048] only one usage of each socket address (protocol/network address/port) is normally permitted
2026-06-03 00:25:04: INFO:     Waiting for application shutdown.
2026-06-03 00:25:04: INFO:     Application shutdown complete.
2026-06-03 00:25:12: INFO:     Started server process [30848]
2026-06-03 00:25:12: INFO:     Waiting for application startup.
2026-06-03 00:25:12: 2026-06-03 00:25:12,209 [INFO] trader: Strategy loop started \u2014 EMA 9/21 on BTC/USDT 1h
2026-06-03 00:25:12: INFO:     Application startup complete.
2026-06-03 00:25:12: ERROR:    [Errno 10048] error while attempting to bind on address ('0.0.0.0', 8000): [winerror 10048] only one usage of each socket address (protocol/network address/port) is normally permitted
2026-06-03 00:25:12: INFO:     Waiting for application shutdown.
2026-06-03 00:25:12: INFO:     Application shutdown complete.
2026-06-03 00:25:19: INFO:     Started server process [12440]
2026-06-03 00:25:19: INFO:     Waiting for application startup.
2026-06-03 00:25:19: 2026-06-03 00:25:19,572 [INFO] trader: Strategy loop started \u2014 EMA 9/21 on BTC/USDT 1h
2026-06-03 00:25:19: INFO:     Application startup complete.
2026-06-03 00:25:19: ERROR:    [Errno 10048] error while attempting to bind on address ('0.0.0.0', 8000): [winerror 10048] only one usage of each socket address (protocol/network address/port) is normally permitted
2026-06-03 00:25:19: INFO:     Waiting for application shutdown.
2026-06-03 00:25:19: INFO:     Application shutdown complete.
2026-06-03 00:25:27: INFO:     Started server process [20968]
2026-06-03 00:25:27: INFO:     Waiting for application startup.
2026-06-03 00:25:27: 2026-06-03 00:25:27,118 [INFO] trader: Strategy loop started \u2014 EMA 9/21 on BTC/USDT 1h
2026-06-03 00:25:27: INFO:     Application startup complete.
2026-06-03 00:25:27: ERROR:    [Errno 10048] error while attempting to bind on address ('0.0.0.0', 8000): [winerror 10048] only one usage of each socket address (protocol/network address/port) is normally permitted
2026-06-03 00:25:27: INFO:     Waiting for application shutdown.
2026-06-03 00:25:27: INFO:     Application shutdown complete.
2026-06-03 00:25:34: INFO:     Started server process [20748]
2026-06-03 00:25:34: INFO:     Waiting for application startup.
2026-06-03 00:25:34: 2026-06-03 00:25:34,746 [INFO] trader: Strategy loop started \u2014 EMA 9/21 on BTC/USDT 1h
2026-06-03 00:25:34: INFO:     Application startup complete.
2026-06-03 00:25:34: ERROR:    [Errno 10048] error while attempting to bind on address ('0.0.0.0', 8000): [winerror 10048] only one usage of each socket address (protocol/network address/port) is normally permitted
2026-06-03 00:25:34: INFO:     Waiting for application shutdown.
2026-06-03 00:25:34: INFO:     Application shutdown complete.
2026-06-03 00:25:42: INFO:     Started server process [7188]
2026-06-03 00:25:42: INFO:     Waiting for application startup.
2026-06-03 00:25:42: 2026-06-03 00:25:42,225 [INFO] trader: Strategy loop started \u2014 EMA 9/21 on BTC/USDT 1h
2026-06-03 00:25:42: INFO:     Application startup complete.
2026-06-03 00:25:42: ERROR:    [Errno 10048] error while attempting to bind on address ('0.0.0.0', 8000): [winerror 10048] only one usage of each socket address (protocol/network address/port) is normally permitted
2026-06-03 00:25:42: INFO:     Waiting for application shutdown.
2026-06-03 00:25:42: INFO:     Application shutdown complete.
2026-06-03 00:25:49: INFO:     Started server process [27236]
2026-06-03 00:25:49: INFO:     Waiting for application startup.
2026-06-03 00:25:49: 2026-06-03 00:25:49,630 [INFO] trader: Strategy loop started \u2014 EMA 9/21 on BTC/USDT 1h
2026-06-03 00:25:49: INFO:     Application startup complete.
2026-06-03 00:25:49: ERROR:    [Errno 10048] error while attempting to bind on address ('0.0.0.0', 8000): [winerror 10048] only one usage of each socket address (protocol/network address/port) is normally permitted
2026-06-03 00:25:49: INFO:     Waiting for application shutdown.
2026-06-03 00:25:49: INFO:     Application shutdown complete.
2026-06-03 00:25:57: INFO:     Started server process [31368]
2026-06-03 00:25:57: INFO:     Waiting for application startup.
2026-06-03 00:25:57: 2026-06-03 00:25:57,081 [INFO] trader: Strategy loop started \u2014 EMA 9/21 on BTC/USDT 1h
2026-06-03 00:25:57: INFO:     Application startup complete.
2026-06-03 00:25:57: ERROR:    [Errno 10048] error while attempting to bind on address ('0.0.0.0', 8000): [winerror 10048] only one usage of each socket address (protocol/network address/port) is normally permitted
2026-06-03 00:25:57: INFO:     Waiting for application shutdown.
2026-06-03 00:25:57: INFO:     Application shutdown complete.
2026-06-03 00:26:04: INFO:     Started server process [28800]
2026-06-03 00:26:04: INFO:     Waiting for application startup.
2026-06-03 00:26:04: 2026-06-03 00:26:04,834 [INFO] trader: Strategy loop started \u2014 EMA 9/21 on BTC/USDT 1h
2026-06-03 00:26:04: INFO:     Application startup complete.
2026-06-03 00:26:04: ERROR:    [Errno 10048] error while attempting to bind on address ('0.0.0.0', 8000): [winerror 10048] only one usage of each socket address (protocol/network address/port) is normally permitted
2026-06-03 00:26:04: INFO:     Waiting for application shutdown.
2026-06-03 00:26:04: INFO:     Application shutdown complete.
2026-06-03 00:26:12: INFO:     Started server process [19912]
2026-06-03 00:26:12: INFO:     Waiting for application startup.
2026-06-03 00:26:12: 2026-06-03 00:26:12,225 [INFO] trader: Strategy loop started \u2014 EMA 9/21 on BTC/USDT 1h
2026-06-03 00:26:12: INFO:     Application startup complete.
2026-06-03 00:26:12: ERROR:    [Errno 10048] error while attempting to bind on address ('0.0.0.0', 8000): [winerror 10048] only one usage of each socket address (protocol/network address/port) is normally permitted
2026-06-03 00:26:12: INFO:     Waiting for application shutdown.
2026-06-03 00:26:12: INFO:     Application shutdown complete.
2026-06-03 00:26:19: INFO:     Started server process [29864]
2026-06-03 00:26:19: INFO:     Waiting for application startup.
2026-06-03 00:26:19: 2026-06-03 00:26:19,457 [INFO] trader: Strategy loop started \u2014 EMA 9/21 on BTC/USDT 1h
2026-06-03 00:26:19: INFO:     Application startup complete.
2026-06-03 00:26:19: ERROR:    [Errno 10048] error while attempting to bind on address ('0.0.0.0', 8000): [winerror 10048] only one usage of each socket address (protocol/network address/port) is normally permitted
2026-06-03 00:26:19: INFO:     Waiting for application shutdown.
2026-06-03 00:26:19: INFO:     Application shutdown complete.
2026-06-03 00:26:26: INFO:     Started server process [26244]
2026-06-03 00:26:26: INFO:     Waiting for application startup.
2026-06-03 00:26:26: 2026-06-03 00:26:26,805 [INFO] trader: Strategy loop started \u2014 EMA 9/21 on BTC/USDT 1h
2026-06-03 00:26:26: INFO:     Application startup complete.
2026-06-03 00:26:26: ERROR:    [Errno 10048] error while attempting to bind on address ('0.0.0.0', 8000): [winerror 10048] only one usage of each socket address (protocol/network address/port) is normally permitted
2026-06-03 00:26:26: INFO:     Waiting for application shutdown.
2026-06-03 00:26:26: INFO:     Application shutdown complete.
2026-06-03 00:26:37: INFO:     Started server process [724]
2026-06-03 00:26:37: INFO:     Waiting for application startup.
2026-06-03 00:26:37: 2026-06-03 00:26:37,959 [INFO] trader: Strategy loop started \u2014 EMA 9/21 on BTC/USDT 1h
2026-06-03 00:26:37: INFO:     Application startup complete.
2026-06-03 00:26:37: ERROR:    [Errno 10048] error while attempting to bind on address ('0.0.0.0', 8000): [winerror 10048] only one usage of each socket address (protocol/network address/port) is normally permitted
2026-06-03 00:26:37: INFO:     Waiting for application shutdown.
2026-06-03 00:26:37: INFO:     Application shutdown complete.
2026-06-03 00:26:45: INFO:     Started server process [30280]
2026-06-03 00:26:45: INFO:     Waiting for application startup.
2026-06-03 00:26:45: 2026-06-03 00:26:45,070 [INFO] trader: Strategy loop started \u2014 EMA 9/21 on BTC/USDT 1h
2026-06-03 00:26:45: INFO:     Application startup complete.
2026-06-03 00:26:45: ERROR:    [Errno 10048] error while attempting to bind on address ('0.0.0.0', 8000): [winerror 10048] only one usage of each socket address (protocol/network address/port) is normally permitted
2026-06-03 00:26:45: INFO:     Waiting for application shutdown.
2026-06-03 00:26:45: INFO:     Application shutdown complete.
2026-06-03 00:26:52: INFO:     Started server process [22632]
2026-06-03 00:26:52: INFO:     Waiting for application startup.
2026-06-03 00:26:52: 2026-06-03 00:26:52,977 [INFO] trader: Strategy loop started \u2014 EMA 9/21 on BTC/USDT 1h
2026-06-03 00:26:52: INFO:     Application startup complete.
2026-06-03 00:26:52: ERROR:    [Errno 10048] error while attempting to bind on address ('0.0.0.0', 8000): [winerror 10048] only one usage of each socket address (protocol/network address/port) is normally permitted
2026-06-03 00:26:52: INFO:     Waiting for application shutdown.
2026-06-03 00:26:52: INFO:     Application shutdown complete.
2026-06-03 00:27:00: INFO:     Started server process [4104]
2026-06-03 00:27:00: INFO:     Waiting for application startup.
2026-06-03 00:27:00: 2026-06-03 00:27:00,314 [INFO] trader: Strategy loop started \u2014 EMA 9/21 on BTC/USDT 1h
2026-06-03 00:27:00: INFO:     Application startup complete.
2026-06-03 00:27:00: ERROR:    [Errno 10048] error while attempting to bind on address ('0.0.0.0', 8000): [winerror 10048] only one usage of each socket address (protocol/network address/port) is normally permitted
2026-06-03 00:27:00: INFO:     Waiting for application shutdown.
2026-06-03 00:27:00: INFO:     Application shutdown complete.
2026-06-03 00:27:11: INFO:     Started server process [13128]
2026-06-03 00:27:11: INFO:     Waiting for application startup.
2026-06-03 00:27:11: 2026-06-03 00:27:11,117 [INFO] trader: Strategy loop started \u2014 EMA 9/21 on BTC/USDT 1h
2026-06-03 00:27:11: INFO:     Application startup complete.
2026-06-03 00:27:11: ERROR:    [Errno 10048] error while attempting to bind on address ('0.0.0.0', 8000): [winerror 10048] only one usage of each socket address (protocol/network address/port) is normally permitted
2026-06-03 00:27:11: INFO:     Waiting for application shutdown.
2026-06-03 00:27:11: INFO:     Application shutdown complete.
2026-06-03 00:27:19: INFO:     Started server process [15736]
2026-06-03 00:27:19: INFO:     Waiting for application startup.
2026-06-03 00:27:19: 2026-06-03 00:27:19,099 [INFO] trader: Strategy loop started \u2014 EMA 9/21 on BTC/USDT 1h
2026-06-03 00:27:19: INFO:     Application startup complete.
2026-06-03 00:27:19: ERROR:    [Errno 10048] error while attempting to bind on address ('0.0.0.0', 8000): [winerror 10048] only one usage of each socket address (protocol/network address/port) is normally permitted
2026-06-03 00:27:19: INFO:     Waiting for application shutdown.
2026-06-03 00:27:19: INFO:     Application shutdown complete.
2026-06-03 00:27:28: INFO:     Started server process [30184]
2026-06-03 00:27:28: INFO:     Waiting for application startup.
2026-06-03 00:27:28: 2026-06-03 00:27:28,809 [INFO] trader: Strategy loop started \u2014 EMA 9/21 on BTC/USDT 1h
2026-06-03 00:27:28: INFO:     Application startup complete.
2026-06-03 00:27:28: ERROR:    [Errno 10048] error while attempting to bind on address ('0.0.0.0', 8000): [winerror 10048] only one usage of each socket address (protocol/network address/port) is normally permitted
2026-06-03 00:27:28: INFO:     Waiting for application shutdown.
2026-06-03 00:27:28: INFO:     Application shutdown complete.
2026-06-03 00:27:37: INFO:     Started server process [20920]
2026-06-03 00:27:37: INFO:     Waiting for application startup.
2026-06-03 00:27:37: 2026-06-03 00:27:37,904 [INFO] trader: Strategy loop started \u2014 EMA 9/21 on BTC/USDT 1h
2026-06-03 00:27:37: INFO:     Application startup complete.
2026-06-03 00:27:37: ERROR:    [Errno 10048] error while attempting to bind on address ('0.0.0.0', 8000): [winerror 10048] only one usage of each socket address (protocol/network address/port) is normally permitted
2026-06-03 00:27:37: INFO:     Waiting for application shutdown.
2026-06-03 00:27:37: INFO:     Application shutdown complete.
2026-06-03 00:27:47: INFO:     Started server process [30532]
2026-06-03 00:27:47: INFO:     Waiting for application startup.
2026-06-03 00:27:47: 2026-06-03 00:27:47,047 [INFO] trader: Strategy loop started \u2014 EMA 9/21 on BTC/USDT 1h
2026-06-03 00:27:47: INFO:     Application startup complete.
2026-06-03 00:27:47: ERROR:    [Errno 10048] error while attempting to bind on address ('0.0.0.0', 8000): [winerror 10048] only one usage of each socket address (protocol/network address/port) is normally permitted
2026-06-03 00:27:47: INFO:     Waiting for application shutdown.
2026-06-03 00:27:47: INFO:     Application shutdown complete.
2026-06-03 00:27:56: INFO:     Started server process [21176]
2026-06-03 00:27:56: INFO:     Waiting for application startup.
2026-06-03 00:27:56: 2026-06-03 00:27:56,192 [INFO] trader: Strategy loop started \u2014 EMA 9/21 on BTC/USDT 1h
2026-06-03 00:27:56: INFO:     Application startup complete.
2026-06-03 00:27:56: ERROR:    [Errno 10048] error while attempting to bind on address ('0.0.0.0', 8000): [winerror 10048] only one usage of each socket address (protocol/network address/port) is normally permitted
2026-06-03 00:27:56: INFO:     Waiting for application shutdown.
2026-06-03 00:27:56: INFO:     Application shutdown complete.
2026-06-03 00:28:04: INFO:     Started server process [17524]
2026-06-03 00:28:04: INFO:     Waiting for application startup.
2026-06-03 00:28:04: 2026-06-03 00:28:04,852 [INFO] trader: Strategy loop started \u2014 EMA 9/21 on BTC/USDT 1h
2026-06-03 00:28:04: INFO:     Application startup complete.
2026-06-03 00:28:04: ERROR:    [Errno 10048] error while attempting to bind on address ('0.0.0.0', 8000): [winerror 10048] only one usage of each socket address (protocol/network address/port) is normally permitted
2026-06-03 00:28:04: INFO:     Waiting for application shutdown.
2026-06-03 00:28:04: INFO:     Application shutdown complete.
2026-06-03 00:28:12: INFO:     Started server process [7768]
2026-06-03 00:28:12: INFO:     Waiting for application startup.
2026-06-03 00:28:12: 2026-06-03 00:28:12,357 [INFO] trader: Strategy loop started \u2014 EMA 9/21 on BTC/USDT 1h
2026-06-03 00:28:12: INFO:     Application startup complete.
2026-06-03 00:28:12: ERROR:    [Errno 10048] error while attempting to bind on address ('0.0.0.0', 8000): [winerror 10048] only one usage of each socket address (protocol/network address/port) is normally permitted
2026-06-03 00:28:12: INFO:     Waiting for application shutdown.
2026-06-03 00:28:12: INFO:     Application shutdown complete.
2026-06-03 00:28:19: INFO:     Started server process [24264]
2026-06-03 00:28:19: INFO:     Waiting for application startup.
2026-06-03 00:28:19: 2026-06-03 00:28:19,674 [INFO] trader: Strategy loop started \u2014 EMA 9/21 on BTC/USDT 1h
2026-06-03 00:28:19: INFO:     Application startup complete.
2026-06-03 00:28:19: ERROR:    [Errno 10048] error while attempting to bind on address ('0.0.0.0', 8000): [winerror 10048] only one usage of each socket address (protocol/network address/port) is normally permitted
2026-06-03 00:28:19: INFO:     Waiting for application shutdown.
2026-06-03 00:28:19: INFO:     Application shutdown complete.
2026-06-03 00:28:27: INFO:     Started server process [21276]
2026-06-03 00:28:27: INFO:     Waiting for application startup.
2026-06-03 00:28:27: 2026-06-03 00:28:27,063 [INFO] trader: Strategy loop started \u2014 EMA 9/21 on BTC/USDT 1h
2026-06-03 00:28:27: INFO:     Application startup complete.
2026-06-03 00:28:27: ERROR:    [Errno 10048] error while attempting to bind on address ('0.0.0.0', 8000): [winerror 10048] only one usage of each socket address (protocol/network address/port) is normally permitted
2026-06-03 00:28:27: INFO:     Waiting for application shutdown.
2026-06-03 00:28:27: INFO:     Application shutdown complete.
2026-06-03 00:28:34: INFO:     Started server process [17756]
2026-06-03 00:28:34: INFO:     Waiting for application startup.
2026-06-03 00:28:34: 2026-06-03 00:28:34,522 [INFO] trader: Strategy loop started \u2014 EMA 9/21 on BTC/USDT 1h
2026-06-03 00:28:34: INFO:     Application startup complete.
2026-06-03 00:28:34: ERROR:    [Errno 10048] error while attempting to bind on address ('0.0.0.0', 8000): [winerror 10048] only one usage of each socket address (protocol/network address/port) is normally permitted
2026-06-03 00:28:34: INFO:     Waiting for application shutdown.
2026-06-03 00:28:34: INFO:     Application shutdown complete.
2026-06-03 00:28:41: INFO:     Started server process [19420]
2026-06-03 00:28:41: INFO:     Waiting for application startup.
2026-06-03 00:28:41: 2026-06-03 00:28:41,830 [INFO] trader: Strategy loop started \u2014 EMA 9/21 on BTC/USDT 1h
2026-06-03 00:28:41: INFO:     Application startup complete.
2026-06-03 00:28:41: ERROR:    [Errno 10048] error while attempting to bind on address ('0.0.0.0', 8000): [winerror 10048] only one usage of each socket address (protocol/network address/port) is normally permitted
2026-06-03 00:28:41: INFO:     Waiting for application shutdown.
2026-06-03 00:28:41: INFO:     Application shutdown complete.
2026-06-03 00:28:49: INFO:     Started server process [4248]
2026-06-03 00:28:49: INFO:     Waiting for application startup.
2026-06-03 00:28:49: 2026-06-03 00:28:49,811 [INFO] trader: Strategy loop started \u2014 EMA 9/21 on BTC/USDT 1h
2026-06-03 00:28:49: INFO:     Application startup complete.
2026-06-03 00:28:49: ERROR:    [Errno 10048] error while attempting to bind on address ('0.0.0.0', 8000): [winerror 10048] only one usage of each socket address (protocol/network address/port) is normally permitted
2026-06-03 00:28:49: INFO:     Waiting for application shutdown.
2026-06-03 00:28:49: INFO:     Application shutdown complete.
2026-06-03 00:28:57: INFO:     Started server process [13000]
2026-06-03 00:28:57: INFO:     Waiting for application startup.
2026-06-03 00:28:57: 2026-06-03 00:28:57,160 [INFO] trader: Strategy loop started \u2014 EMA 9/21 on BTC/USDT 1h
2026-06-03 00:28:57: INFO:     Application startup complete.
2026-06-03 00:28:57: ERROR:    [Errno 10048] error while attempting to bind on address ('0.0.0.0', 8000): [winerror 10048] only one usage of each socket address (protocol/network address/port) is normally permitted
2026-06-03 00:28:57: INFO:     Waiting for application shutdown.
2026-06-03 00:28:57: INFO:     Application shutdown complete.
2026-06-03 00:29:04: INFO:     Started server process [30380]
2026-06-03 00:29:04: INFO:     Waiting for application startup.
2026-06-03 00:29:04: 2026-06-03 00:29:04,620 [INFO] trader: Strategy loop started \u2014 EMA 9/21 on BTC/USDT 1h
2026-06-03 00:29:04: INFO:     Application startup complete.
2026-06-03 00:29:04: ERROR:    [Errno 10048] error while attempting to bind on address ('0.0.0.0', 8000): [winerror 10048] only one usage of each socket address (protocol/network address/port) is normally permitted
2026-06-03 00:29:04: INFO:     Waiting for application shutdown.
2026-06-03 00:29:04: INFO:     Application shutdown complete.
2026-06-03 00:29:12: INFO:     Started server process [21564]
2026-06-03 00:29:12: INFO:     Waiting for application startup.
2026-06-03 00:29:12: 2026-06-03 00:29:12,112 [INFO] trader: Strategy loop started \u2014 EMA 9/21 on BTC/USDT 1h
2026-06-03 00:29:12: INFO:     Application startup complete.
2026-06-03 00:29:12: ERROR:    [Errno 10048] error while attempting to bind on address ('0.0.0.0', 8000): [winerror 10048] only one usage of each socket address (protocol/network address/port) is normally permitted
2026-06-03 00:29:12: INFO:     Waiting for application shutdown.
2026-06-03 00:29:12: INFO:     Application shutdown complete.
2026-06-03 00:29:19: INFO:     Started server process [17132]
2026-06-03 00:29:19: INFO:     Waiting for application startup.
2026-06-03 00:29:19: 2026-06-03 00:29:19,360 [INFO] trader: Strategy loop started \u2014 EMA 9/21 on BTC/USDT 1h
2026-06-03 00:29:19: INFO:     Application startup complete.
2026-06-03 00:29:19: ERROR:    [Errno 10048] error while attempting to bind on address ('0.0.0.0', 8000): [winerror 10048] only one usage of each socket address (protocol/network address/port) is normally permitted
2026-06-03 00:29:19: INFO:     Waiting for application shutdown.
2026-06-03 00:29:19: INFO:     Application shutdown complete.
2026-06-03 00:29:26: INFO:     Started server process [24376]
2026-06-03 00:29:26: INFO:     Waiting for application startup.
2026-06-03 00:29:26: 2026-06-03 00:29:26,803 [INFO] trader: Strategy loop started \u2014 EMA 9/21 on BTC/USDT 1h
2026-06-03 00:29:26: INFO:     Application startup complete.
2026-06-03 00:29:26: ERROR:    [Errno 10048] error while attempting to bind on address ('0.0.0.0', 8000): [winerror 10048] only one usage of each socket address (protocol/network address/port) is normally permitted
2026-06-03 00:29:26: INFO:     Waiting for application shutdown.
2026-06-03 00:29:26: INFO:     Application shutdown complete.
2026-06-03 00:29:34: INFO:     Started server process [21156]
2026-06-03 00:29:34: INFO:     Waiting for application startup.
2026-06-03 00:29:34: 2026-06-03 00:29:34,243 [INFO] trader: Strategy loop started \u2014 EMA 9/21 on BTC/USDT 1h
2026-06-03 00:29:34: INFO:     Application startup complete.
2026-06-03 00:29:34: ERROR:    [Errno 10048] error while attempting to bind on address ('0.0.0.0', 8000): [winerror 10048] only one usage of each socket address (protocol/network address/port) is normally permitted
2026-06-03 00:29:34: INFO:     Waiting for application shutdown.
2026-06-03 00:29:34: INFO:     Application shutdown complete.
2026-06-03 00:29:41: INFO:     Started server process [10544]
2026-06-03 00:29:41: INFO:     Waiting for application startup.
2026-06-03 00:29:41: 2026-06-03 00:29:41,642 [INFO] trader: Strategy loop started \u2014 EMA 9/21 on BTC/USDT 1h
2026-06-03 00:29:41: INFO:     Application startup complete.
2026-06-03 00:29:41: ERROR:    [Errno 10048] error while attempting to bind on address ('0.0.0.0', 8000): [winerror 10048] only one usage of each socket address (protocol/network address/port) is normally permitted
2026-06-03 00:29:41: INFO:     Waiting for application shutdown.
2026-06-03 00:29:41: INFO:     Application shutdown complete.
2026-06-03 00:29:48: INFO:     Started server process [16140]
2026-06-03 00:29:48: INFO:     Waiting for application startup.
2026-06-03 00:29:48: 2026-06-03 00:29:48,914 [INFO] trader: Strategy loop started \u2014 EMA 9/21 on BTC/USDT 1h
2026-06-03 00:29:48: INFO:     Application startup complete.
2026-06-03 00:29:48: ERROR:    [Errno 10048] error while attempting to bind on address ('0.0.0.0', 8000): [winerror 10048] only one usage of each socket address (protocol/network address/port) is normally permitted
2026-06-03 00:29:48: INFO:     Waiting for application shutdown.
2026-06-03 00:29:48: INFO:     Application shutdown complete.
2026-06-03 00:29:56: INFO:     Started server process [25732]
2026-06-03 00:29:56: INFO:     Waiting for application startup.
2026-06-03 00:29:56: 2026-06-03 00:29:56,216 [INFO] trader: Strategy loop started \u2014 EMA 9/21 on BTC/USDT 1h
2026-06-03 00:29:56: INFO:     Application startup complete.
2026-06-03 00:29:56: ERROR:    [Errno 10048] error while attempting to bind on address ('0.0.0.0', 8000): [winerror 10048] only one usage of each socket address (protocol/network address/port) is normally permitted
2026-06-03 00:29:56: INFO:     Waiting for application shutdown.
2026-06-03 00:29:56: INFO:     Application shutdown complete.
2026-06-03 00:30:03: INFO:     Started server process [13596]
2026-06-03 00:30:03: INFO:     Waiting for application startup.
2026-06-03 00:30:03: 2026-06-03 00:30:03,970 [INFO] trader: Strategy loop started \u2014 EMA 9/21 on BTC/USDT 1h
2026-06-03 00:30:03: INFO:     Application startup complete.
2026-06-03 00:30:03: ERROR:    [Errno 10048] error while attempting to bind on address ('0.0.0.0', 8000): [winerror 10048] only one usage of each socket address (protocol/network address/port) is normally permitted
2026-06-03 00:30:03: INFO:     Waiting for application shutdown.
2026-06-03 00:30:03: INFO:     Application shutdown complete.
2026-06-03 00:30:11: INFO:     Started server process [26228]
2026-06-03 00:30:11: INFO:     Waiting for application startup.
2026-06-03 00:30:11: 2026-06-03 00:30:11,760 [INFO] trader: Strategy loop started \u2014 EMA 9/21 on BTC/USDT 1h
2026-06-03 00:30:11: INFO:     Application startup complete.
2026-06-03 00:30:11: ERROR:    [Errno 10048] error while attempting to bind on address ('0.0.0.0', 8000): [winerror 10048] only one usage of each socket address (protocol/network address/port) is normally permitted
2026-06-03 00:30:11: INFO:     Waiting for application shutdown.
2026-06-03 00:30:11: INFO:     Application shutdown complete.
2026-06-03 00:30:19: INFO:     Started server process [10412]
2026-06-03 00:30:19: INFO:     Waiting for application startup.
2026-06-03 00:30:19: 2026-06-03 00:30:19,271 [INFO] trader: Strategy loop started \u2014 EMA 9/21 on BTC/USDT 1h
2026-06-03 00:30:19: INFO:     Application startup complete.
2026-06-03 00:30:19: ERROR:    [Errno 10048] error while attempting to bind on address ('0.0.0.0', 8000): [winerror 10048] only one usage of each socket address (protocol/network address/port) is normally permitted
2026-06-03 00:30:19: INFO:     Waiting for application shutdown.
2026-06-03 00:30:19: INFO:     Application shutdown complete.
2026-06-03 00:30:26: INFO:     Started server process [25796]
2026-06-03 00:30:26: INFO:     Waiting for application startup.
2026-06-03 00:30:26: 2026-06-03 00:30:26,771 [INFO] trader: Strategy loop started \u2014 EMA 9/21 on BTC/USDT 1h
2026-06-03 00:30:26: INFO:     Application startup complete.
2026-06-03 00:30:26: ERROR:    [Errno 10048] error while attempting to bind on address ('0.0.0.0', 8000): [winerror 10048] only one usage of each socket address (protocol/network address/port) is normally permitted
2026-06-03 00:30:26: INFO:     Waiting for application shutdown.
2026-06-03 00:30:26: INFO:     Application shutdown complete.
2026-06-03 00:30:34: INFO:     Started server process [2688]
2026-06-03 00:30:34: INFO:     Waiting for application startup.
2026-06-03 00:30:34: 2026-06-03 00:30:34,709 [INFO] trader: Strategy loop started \u2014 EMA 9/21 on BTC/USDT 1h
2026-06-03 00:30:34: INFO:     Application startup complete.
2026-06-03 00:30:34: ERROR:    [Errno 10048] error while attempting to bind on address ('0.0.0.0', 8000): [winerror 10048] only one usage of each socket address (protocol/network address/port) is normally permitted
2026-06-03 00:30:34: INFO:     Waiting for application shutdown.
2026-06-03 00:30:34: INFO:     Application shutdown complete.
2026-06-03 00:30:49: INFO:     Started server process [3484]
2026-06-03 00:30:49: INFO:     Waiting for application startup.
2026-06-03 00:30:49: 2026-06-03 00:30:49,979 [INFO] trader: Strategy loop started \u2014 EMA 9/21 on BTC/USDT 1h
2026-06-03 00:30:49: INFO:     Application startup complete.
2026-06-03 00:30:49: ERROR:    [Errno 10048] error while attempting to bind on address ('0.0.0.0', 8000): [winerror 10048] only one usage of each socket address (protocol/network address/port) is normally permitted
2026-06-03 00:30:49: INFO:     Waiting for application shutdown.
2026-06-03 00:30:49: INFO:     Application shutdown complete.
2026-06-03 00:30:57: INFO:     Started server process [25024]
2026-06-03 00:30:57: INFO:     Waiting for application startup.
2026-06-03 00:30:57: 2026-06-03 00:30:57,032 [INFO] trader: Strategy loop started \u2014 EMA 9/21 on BTC/USDT 1h
2026-06-03 00:30:57: INFO:     Application startup complete.
2026-06-03 00:30:57: ERROR:    [Errno 10048] error while attempting to bind on address ('0.0.0.0', 8000): [winerror 10048] only one usage of each socket address (protocol/network address/port) is normally permitted
2026-06-03 00:30:57: INFO:     Waiting for application shutdown.
2026-06-03 00:30:57: INFO:     Application shutdown complete.
2026-06-03 00:31:04: INFO:     Started server process [14800]
2026-06-03 00:31:04: INFO:     Waiting for application startup.
2026-06-03 00:31:04: 2026-06-03 00:31:04,234 [INFO] trader: Strategy loop started \u2014 EMA 9/21 on BTC/USDT 1h
2026-06-03 00:31:04: INFO:     Application startup complete.
2026-06-03 00:31:04: ERROR:    [Errno 10048] error while attempting to bind on address ('0.0.0.0', 8000): [winerror 10048] only one usage of each socket address (protocol/network address/port) is normally permitted
2026-06-03 00:31:04: INFO:     Waiting for application shutdown.
2026-06-03 00:31:04: INFO:     Application shutdown complete.
2026-06-03 00:31:12: INFO:     Started server process [20192]
2026-06-03 00:31:12: INFO:     Waiting for application startup.
2026-06-03 00:31:12: 2026-06-03 00:31:12,042 [INFO] trader: Strategy loop started \u2014 EMA 9/21 on BTC/USDT 1h
2026-06-03 00:31:12: INFO:     Application startup complete.
2026-06-03 00:31:12: ERROR:    [Errno 10048] error while attempting to bind on address ('0.0.0.0', 8000): [winerror 10048] only one usage of each socket address (protocol/network address/port) is normally permitted
2026-06-03 00:31:12: INFO:     Waiting for application shutdown.
2026-06-03 00:31:12: INFO:     Application shutdown complete.
2026-06-03 00:31:19: INFO:     Started server process [30548]
2026-06-03 00:31:19: INFO:     Waiting for application startup.
2026-06-03 00:31:19: 2026-06-03 00:31:19,776 [INFO] trader: Strategy loop started \u2014 EMA 9/21 on BTC/USDT 1h
2026-06-03 00:31:19: INFO:     Application startup complete.
2026-06-03 00:31:19: ERROR:    [Errno 10048] error while attempting to bind on address ('0.0.0.0', 8000): [winerror 10048] only one usage of each socket address (protocol/network address/port) is normally permitted
2026-06-03 00:31:19: INFO:     Waiting for application shutdown.
2026-06-03 00:31:19: INFO:     Application shutdown complete.
2026-06-03 00:31:27: INFO:     Started server process [28664]
2026-06-03 00:31:27: INFO:     Waiting for application startup.
2026-06-03 00:31:27: 2026-06-03 00:31:27,061 [INFO] trader: Strategy loop started \u2014 EMA 9/21 on BTC/USDT 1h
2026-06-03 00:31:27: INFO:     Application startup complete.
2026-06-03 00:31:27: ERROR:    [Errno 10048] error while attempting to bind on address ('0.0.0.0', 8000): [winerror 10048] only one usage of each socket address (protocol/network address/port) is normally permitted
2026-06-03 00:31:27: INFO:     Waiting for application shutdown.
2026-06-03 00:31:27: INFO:     Application shutdown complete.
2026-06-03 00:31:34: INFO:     Started server process [20276]
2026-06-03 00:31:34: INFO:     Waiting for application startup.
2026-06-03 00:31:34: 2026-06-03 00:31:34,533 [INFO] trader: Strategy loop started \u2014 EMA 9/21 on BTC/USDT 1h
2026-06-03 00:31:34: INFO:     Application startup complete.
2026-06-03 00:31:34: ERROR:    [Errno 10048] error while attempting to bind on address ('0.0.0.0', 8000): [winerror 10048] only one usage of each socket address (protocol/network address/port) is normally permitted
2026-06-03 00:31:34: INFO:     Waiting for application shutdown.
2026-06-03 00:31:34: INFO:     Application shutdown complete.
2026-06-03 00:31:42: INFO:     Started server process [26488]
2026-06-03 00:31:42: INFO:     Waiting for application startup.
2026-06-03 00:31:42: 2026-06-03 00:31:42,976 [INFO] trader: Strategy loop started \u2014 EMA 9/21 on BTC/USDT 1h
2026-06-03 00:31:42: INFO:     Application startup complete.
2026-06-03 00:31:42: ERROR:    [Errno 10048] error while attempting to bind on address ('0.0.0.0', 8000): [winerror 10048] only one usage of each socket address (protocol/network address/port) is normally permitted
2026-06-03 00:31:42: INFO:     Waiting for application shutdown.
2026-06-03 00:31:42: INFO:     Application shutdown complete.
2026-06-03 00:31:54: INFO:     Started server process [11108]
2026-06-03 00:31:54: INFO:     Waiting for application startup.
2026-06-03 00:31:54: 2026-06-03 00:31:54,795 [INFO] trader: Strategy loop started \u2014 EMA 9/21 on BTC/USDT 1h
2026-06-03 00:31:54: INFO:     Application startup complete.
2026-06-03 00:31:54: ERROR:    [Errno 10048] error while attempting to bind on address ('0.0.0.0', 8000): [winerror 10048] only one usage of each socket address (protocol/network address/port) is normally permitted
2026-06-03 00:31:54: INFO:     Waiting for application shutdown.
2026-06-03 00:31:54: INFO:     Application shutdown complete.
2026-06-03 00:32:05: INFO:     Started server process [10572]
2026-06-03 00:32:05: INFO:     Waiting for application startup.
2026-06-03 00:32:05: 2026-06-03 00:32:05,892 [INFO] trader: Strategy loop started \u2014 EMA 9/21 on BTC/USDT 1h
2026-06-03 00:32:05: INFO:     Application startup complete.
2026-06-03 00:32:05: ERROR:    [Errno 10048] error while attempting to bind on address ('0.0.0.0', 8000): [winerror 10048] only one usage of each socket address (protocol/network address/port) is normally permitted
2026-06-03 00:32:05: INFO:     Waiting for application shutdown.
2026-06-03 00:32:05: INFO:     Application shutdown complete.
2026-06-03 00:32:26: INFO:     Started server process [25684]
2026-06-03 00:32:26: INFO:     Waiting for application startup.
2026-06-03 00:32:26: 2026-06-03 00:32:26,691 [INFO] trader: Strategy loop started \u2014 EMA 9/21 on BTC/USDT 1h
2026-06-03 00:32:26: INFO:     Application startup complete.
2026-06-03 00:32:26: ERROR:    [Errno 10048] error while attempting to bind on address ('0.0.0.0', 8000): [winerror 10048] only one usage of each socket address (protocol/network address/port) is normally permitted
2026-06-03 00:32:26: INFO:     Waiting for application shutdown.
2026-06-03 00:32:26: INFO:     Application shutdown complete.
2026-06-03 00:32:34: INFO:     Started server process [29712]
2026-06-03 00:32:34: INFO:     Waiting for application startup.
2026-06-03 00:32:34: 2026-06-03 00:32:34,968 [INFO] trader: Strategy loop started \u2014 EMA 9/21 on BTC/USDT 1h
2026-06-03 00:32:34: INFO:     Application startup complete.
2026-06-03 00:32:34: ERROR:    [Errno 10048] error while attempting to bind on address ('0.0.0.0', 8000): [winerror 10048] only one usage of each socket address (protocol/network address/port) is normally permitted
2026-06-03 00:32:34: INFO:     Waiting for application shutdown.
2026-06-03 00:32:34: INFO:     Application shutdown complete.
2026-06-03 00:32:42: INFO:     Started server process [9948]
2026-06-03 00:32:42: INFO:     Waiting for application startup.
2026-06-03 00:32:42: 2026-06-03 00:32:42,272 [INFO] trader: Strategy loop started \u2014 EMA 9/21 on BTC/USDT 1h
2026-06-03 00:32:42: INFO:     Application startup complete.
2026-06-03 00:32:42: ERROR:    [Errno 10048] error while attempting to bind on address ('0.0.0.0', 8000): [winerror 10048] only one usage of each socket address (protocol/network address/port) is normally permitted
2026-06-03 00:32:42: INFO:     Waiting for application shutdown.
2026-06-03 00:32:42: INFO:     Application shutdown complete.
2026-06-03 00:32:50: INFO:     Started server process [22508]
2026-06-03 00:32:50: INFO:     Waiting for application startup.
2026-06-03 00:32:50: 2026-06-03 00:32:50,504 [INFO] trader: Strategy loop started \u2014 EMA 9/21 on BTC/USDT 1h
2026-06-03 00:32:50: INFO:     Application startup complete.
2026-06-03 00:32:50: ERROR:    [Errno 10048] error while attempting to bind on address ('0.0.0.0', 8000): [winerror 10048] only one usage of each socket address (protocol/network address/port) is normally permitted
2026-06-03 00:32:50: INFO:     Waiting for application shutdown.
2026-06-03 00:32:50: INFO:     Application shutdown complete.
2026-06-03 00:32:58: INFO:     Started server process [11000]
2026-06-03 00:32:58: INFO:     Waiting for application startup.
2026-06-03 00:32:58: 2026-06-03 00:32:58,593 [INFO] trader: Strategy loop started \u2014 EMA 9/21 on BTC/USDT 1h
2026-06-03 00:32:58: INFO:     Application startup complete.
2026-06-03 00:32:58: ERROR:    [Errno 10048] error while attempting to bind on address ('0.0.0.0', 8000): [winerror 10048] only one usage of each socket address (protocol/network address/port) is normally permitted
2026-06-03 00:32:58: INFO:     Waiting for application shutdown.
2026-06-03 00:32:58: INFO:     Application shutdown complete.
2026-06-03 00:33:07: INFO:     Started server process [21824]
2026-06-03 00:33:07: INFO:     Waiting for application startup.
2026-06-03 00:33:07: 2026-06-03 00:33:07,844 [INFO] trader: Strategy loop started \u2014 EMA 9/21 on BTC/USDT 1h
2026-06-03 00:33:07: INFO:     Application startup complete.
2026-06-03 00:33:07: ERROR:    [Errno 10048] error while attempting to bind on address ('0.0.0.0', 8000): [winerror 10048] only one usage of each socket address (protocol/network address/port) is normally permitted
2026-06-03 00:33:07: INFO:     Waiting for application shutdown.
2026-06-03 00:33:07: INFO:     Application shutdown complete.
2026-06-03 00:33:17: INFO:     Started server process [23376]
2026-06-03 00:33:17: INFO:     Waiting for application startup.
2026-06-03 00:33:17: 2026-06-03 00:33:17,039 [INFO] trader: Strategy loop started \u2014 EMA 9/21 on BTC/USDT 1h
2026-06-03 00:33:17: INFO:     Application startup complete.
2026-06-03 00:33:17: ERROR:    [Errno 10048] error while attempting to bind on address ('0.0.0.0', 8000): [winerror 10048] only one usage of each socket address (protocol/network address/port) is normally permitted
2026-06-03 00:33:17: INFO:     Waiting for application shutdown.
2026-06-03 00:33:17: INFO:     Application shutdown complete.
2026-06-03 00:33:24: 2026-06-03 00:33:24,244 [WARNING] discord: Discord notify failed: <urlopen error _ssl.c:993: The handshake operation timed out>
2026-06-03 00:33:30: INFO:     Started server process [21500]
2026-06-03 00:33:30: INFO:     Waiting for application startup.
2026-06-03 00:33:30: 2026-06-03 00:33:30,759 [INFO] trader: Strategy loop started \u2014 EMA 9/21 on BTC/USDT 1h
2026-06-03 00:33:30: INFO:     Application startup complete.
2026-06-03 00:33:30: ERROR:    [Errno 10048] error while attempting to bind on address ('0.0.0.0', 8000): [winerror 10048] only one usage of each socket address (protocol/network address/port) is normally permitted
2026-06-03 00:33:30: INFO:     Waiting for application shutdown.
2026-06-03 00:33:30: INFO:     Application shutdown complete.
2026-06-03 00:33:37: 2026-06-03 00:33:37,984 [WARNING] discord: Discord notify failed: <urlopen error _ssl.c:993: The handshake operation timed out>
2026-06-03 00:33:44: INFO:     Started server process [3504]
2026-06-03 00:33:44: INFO:     Waiting for application startup.
2026-06-03 00:33:44: 2026-06-03 00:33:44,555 [INFO] trader: Strategy loop started \u2014 EMA 9/21 on BTC/USDT 1h
2026-06-03 00:33:44: INFO:     Application startup complete.
2026-06-03 00:33:44: ERROR:    [Errno 10048] error while attempting to bind on address ('0.0.0.0', 8000): [winerror 10048] only one usage of each socket address (protocol/network address/port) is normally permitted
2026-06-03 00:33:44: INFO:     Waiting for application shutdown.
2026-06-03 00:33:44: INFO:     Application shutdown complete.
2026-06-03 00:33:57: INFO:     Started server process [944]
2026-06-03 00:33:57: INFO:     Waiting for application startup.
2026-06-03 00:33:57: 2026-06-03 00:33:57,481 [INFO] trader: Strategy loop started \u2014 EMA 9/21 on BTC/USDT 1h
2026-06-03 00:33:57: INFO:     Application startup complete.
2026-06-03 00:33:57: ERROR:    [Errno 10048] error while attempting to bind on address ('0.0.0.0', 8000): [winerror 10048] only one usage of each socket address (protocol/network address/port) is normally permitted
2026-06-03 00:33:57: INFO:     Waiting for application shutdown.
2026-06-03 00:33:57: INFO:     Application shutdown complete.
2026-06-03 00:34:10: INFO:     Started server process [22480]
2026-06-03 00:34:10: INFO:     Waiting for application startup.
2026-06-03 00:34:10: 2026-06-03 00:34:10,207 [INFO] trader: Strategy loop started \u2014 EMA 9/21 on BTC/USDT 1h
2026-06-03 00:34:10: INFO:     Application startup complete.
2026-06-03 00:34:10: ERROR:    [Errno 10048] error while attempting to bind on address ('0.0.0.0', 8000): [winerror 10048] only one usage of each socket address (protocol/network address/port) is normally permitted
2026-06-03 00:34:10: INFO:     Waiting for application shutdown.
2026-06-03 00:34:10: INFO:     Application shutdown complete.
2026-06-03 00:34:21: INFO:     Started server process [15128]
2026-06-03 00:34:21: INFO:     Waiting for application startup.
2026-06-03 00:34:21: 2026-06-03 00:34:21,169 [INFO] trader: Strategy loop started \u2014 EMA 9/21 on BTC/USDT 1h
2026-06-03 00:34:21: INFO:     Application startup complete.
2026-06-03 00:34:21: ERROR:    [Errno 10048] error while attempting to bind on address ('0.0.0.0', 8000): [winerror 10048] only one usage of each socket address (protocol/network address/port) is normally permitted
2026-06-03 00:34:21: INFO:     Waiting for application shutdown.
2026-06-03 00:34:21: INFO:     Application shutdown complete.
2026-06-03 00:34:28: 2026-06-03 00:34:28,104 [WARNING] discord: Discord notify failed: <urlopen error _ssl.c:993: The handshake operation timed out>
2026-06-03 00:34:34: INFO:     Started server process [30248]
2026-06-03 00:34:34: INFO:     Waiting for application startup.
2026-06-03 00:34:34: 2026-06-03 00:34:34,634 [INFO] trader: Strategy loop started \u2014 EMA 9/21 on BTC/USDT 1h
2026-06-03 00:34:34: INFO:     Application startup complete.
2026-06-03 00:34:34: ERROR:    [Errno 10048] error while attempting to bind on address ('0.0.0.0', 8000): [winerror 10048] only one usage of each socket address (protocol/network address/port) is normally permitted
2026-06-03 00:34:34: INFO:     Waiting for application shutdown.
2026-06-03 00:34:34: INFO:     Application shutdown complete.
2026-06-03 00:34:47: INFO:     Started server process [30320]
2026-06-03 00:34:47: INFO:     Waiting for application startup.
2026-06-03 00:34:47: 2026-06-03 00:34:47,511 [INFO] trader: Strategy loop started \u2014 EMA 9/21 on BTC/USDT 1h
2026-06-03 00:34:47: INFO:     Application startup complete.
2026-06-03 00:34:47: ERROR:    [Errno 10048] error while attempting to bind on address ('0.0.0.0', 8000): [winerror 10048] only one usage of each socket address (protocol/network address/port) is normally permitted
2026-06-03 00:34:47: INFO:     Waiting for application shutdown.
2026-06-03 00:34:47: INFO:     Application shutdown complete.
2026-06-03 00:34:56: 2026-06-03 00:34:56,465 [WARNING] discord: Discord notify failed: <urlopen error _ssl.c:993: The handshake operation timed out>
2026-06-03 00:35:03: INFO:     Started server process [27832]
2026-06-03 00:35:03: INFO:     Waiting for application startup.
2026-06-03 00:35:03: 2026-06-03 00:35:03,001 [INFO] trader: Strategy loop started \u2014 EMA 9/21 on BTC/USDT 1h
2026-06-03 00:35:03: INFO:     Application startup complete.
2026-06-03 00:35:03: ERROR:    [Errno 10048] error while attempting to bind on address ('0.0.0.0', 8000): [winerror 10048] only one usage of each socket address (protocol/network address/port) is normally permitted
2026-06-03 00:35:03: INFO:     Waiting for application shutdown.
2026-06-03 00:35:03: INFO:     Application shutdown complete.
2026-06-03 00:35:15: INFO:     Started server process [6100]
2026-06-03 00:35:15: INFO:     Waiting for application startup.
2026-06-03 00:35:15: 2026-06-03 00:35:15,302 [INFO] trader: Strategy loop started \u2014 EMA 9/21 on BTC/USDT 1h
2026-06-03 00:35:15: INFO:     Application startup complete.
2026-06-03 00:35:15: ERROR:    [Errno 10048] error while attempting to bind on address ('0.0.0.0', 8000): [winerror 10048] only one usage of each socket address (protocol/network address/port) is normally permitted
2026-06-03 00:35:15: INFO:     Waiting for application shutdown.
2026-06-03 00:35:15: INFO:     Application shutdown complete.
2026-06-03 00:35:28: INFO:     Started server process [240]
2026-06-03 00:35:28: INFO:     Waiting for application startup.
2026-06-03 00:35:28: 2026-06-03 00:35:28,693 [INFO] trader: Strategy loop started \u2014 EMA 9/21 on BTC/USDT 1h
2026-06-03 00:35:28: INFO:     Application startup complete.
2026-06-03 00:35:28: ERROR:    [Errno 10048] error while attempting to bind on address ('0.0.0.0', 8000): [winerror 10048] only one usage of each socket address (protocol/network address/port) is normally permitted
2026-06-03 00:35:28: INFO:     Waiting for application shutdown.
2026-06-03 00:35:28: INFO:     Application shutdown complete.
2026-06-03 00:35:42: INFO:     Started server process [17872]
2026-06-03 00:35:42: INFO:     Waiting for application startup.
2026-06-03 00:35:42: 2026-06-03 00:35:42,791 [INFO] trader: Strategy loop started \u2014 EMA 9/21 on BTC/USDT 1h
2026-06-03 00:35:42: INFO:     Application startup complete.
2026-06-03 00:35:42: ERROR:    [Errno 10048] error while attempting to bind on address ('0.0.0.0', 8000): [winerror 10048] only one usage of each socket address (protocol/network address/port) is normally permitted
2026-06-03 00:35:42: INFO:     Waiting for application shutdown.
2026-06-03 00:35:42: INFO:     Application shutdown complete.
2026-06-03 00:35:55: INFO:     Started server process [10404]
2026-06-03 00:35:55: INFO:     Waiting for application startup.
2026-06-03 00:35:55: 2026-06-03 00:35:55,816 [INFO] trader: Strategy loop started \u2014 EMA 9/21 on BTC/USDT 1h
2026-06-03 00:35:55: INFO:     Application startup complete.
2026-06-03 00:35:55: ERROR:    [Errno 10048] error while attempting to bind on address ('0.0.0.0', 8000): [winerror 10048] only one usage of each socket address (protocol/network address/port) is normally permitted
2026-06-03 00:35:55: INFO:     Waiting for application shutdown.
2026-06-03 00:35:55: INFO:     Application shutdown complete.
2026-06-03 00:36:09: INFO:     Started server process [30752]
2026-06-03 00:36:09: INFO:     Waiting for application startup.
2026-06-03 00:36:09: 2026-06-03 00:36:09,045 [INFO] trader: Strategy loop started \u2014 EMA 9/21 on BTC/USDT 1h
2026-06-03 00:36:09: INFO:     Application startup complete.
2026-06-03 00:36:09: ERROR:    [Errno 10048] error while attempting to bind on address ('0.0.0.0', 8000): [winerror 10048] only one usage of each socket address (protocol/network address/port) is normally permitted
2026-06-03 00:36:09: INFO:     Waiting for application shutdown.
2026-06-03 00:36:09: INFO:     Application shutdown complete.
2026-06-03 00:36:21: INFO:     Started server process [23376]
2026-06-03 00:36:21: INFO:     Waiting for application startup.
2026-06-03 00:36:21: 2026-06-03 00:36:21,243 [INFO] trader: Strategy loop started \u2014 EMA 9/21 on BTC/USDT 1h
2026-06-03 00:36:21: INFO:     Application startup complete.
2026-06-03 00:36:21: ERROR:    [Errno 10048] error while attempting to bind on address ('0.0.0.0', 8000): [winerror 10048] only one usage of each socket address (protocol/network address/port) is normally permitted
2026-06-03 00:36:21: INFO:     Waiting for application shutdown.
2026-06-03 00:36:21: INFO:     Application shutdown complete.
2026-06-03 00:36:29: 2026-06-03 00:36:29,839 [WARNING] discord: Discord notify failed: The read operation timed out
2026-06-03 00:36:36: INFO:     Started server process [24092]
2026-06-03 00:36:36: INFO:     Waiting for application startup.
2026-06-03 00:36:36: 2026-06-03 00:36:36,434 [INFO] trader: Strategy loop started \u2014 EMA 9/21 on BTC/USDT 1h
2026-06-03 00:36:36: INFO:     Application startup complete.
2026-06-03 00:36:36: ERROR:    [Errno 10048] error while attempting to bind on address ('0.0.0.0', 8000): [winerror 10048] only one usage of each socket address (protocol/network address/port) is normally permitted
2026-06-03 00:36:36: INFO:     Waiting for application shutdown.
2026-06-03 00:36:36: INFO:     Application shutdown complete.
2026-06-03 00:36:44: 2026-06-03 00:36:44,365 [WARNING] discord: Discord notify failed: The read operation timed out
2026-06-03 00:36:50: INFO:     Started server process [20748]
2026-06-03 00:36:50: INFO:     Waiting for application startup.
2026-06-03 00:36:50: 2026-06-03 00:36:50,918 [INFO] trader: Strategy loop started \u2014 EMA 9/21 on BTC/USDT 1h
2026-06-03 00:36:50: INFO:     Application startup complete.
2026-06-03 00:36:50: ERROR:    [Errno 10048] error while attempting to bind on address ('0.0.0.0', 8000): [winerror 10048] only one usage of each socket address (protocol/network address/port) is normally permitted
2026-06-03 00:36:50: INFO:     Waiting for application shutdown.
2026-06-03 00:36:50: INFO:     Application shutdown complete.
2026-06-03 00:37:01: INFO:     Started server process [21068]
2026-06-03 00:37:01: INFO:     Waiting for application startup.
2026-06-03 00:37:01: 2026-06-03 00:37:01,092 [INFO] trader: Strategy loop started \u2014 EMA 9/21 on BTC/USDT 1h
2026-06-03 00:37:01: INFO:     Application startup complete.
2026-06-03 00:37:01: ERROR:    [Errno 10048] error while attempting to bind on address ('0.0.0.0', 8000): [winerror 10048] only one usage of each socket address (protocol/network address/port) is normally permitted
2026-06-03 00:37:01: INFO:     Waiting for application shutdown.
2026-06-03 00:37:01: INFO:     Application shutdown complete.
2026-06-03 00:37:14: INFO:     Started server process [29640]
2026-06-03 00:37:14: INFO:     Waiting for application startup.
2026-06-03 00:37:14: 2026-06-03 00:37:14,084 [INFO] trader: Strategy loop started \u2014 EMA 9/21 on BTC/USDT 1h
2026-06-03 00:37:14: INFO:     Application startup complete.
2026-06-03 00:37:14: ERROR:    [Errno 10048] error while attempting to bind on address ('0.0.0.0', 8000): [winerror 10048] only one usage of each socket address (protocol/network address/port) is normally permitted
2026-06-03 00:37:14: INFO:     Waiting for application shutdown.
2026-06-03 00:37:14: INFO:     Application shutdown complete.
2026-06-03 00:37:26: INFO:     Started server process [28676]
2026-06-03 00:37:26: INFO:     Waiting for application startup.
2026-06-03 00:37:26: 2026-06-03 00:37:26,140 [INFO] trader: Strategy loop started \u2014 EMA 9/21 on BTC/USDT 1h
2026-06-03 00:37:26: INFO:     Application startup complete.
2026-06-03 00:37:26: INFO:     Uvicorn running on http://0.0.0.0:8000 (Press CTRL+C to quit)
2026-06-03 00:40:36: INFO:     Started server process [2096]
2026-06-03 00:40:36: INFO:     Waiting for application startup.
2026-06-03 00:40:36: 2026-06-03 00:40:36,400 [INFO] trader: Strategy loop started \u2014 EMA 9/21 on BTC/USDT 1h
2026-06-03 00:40:36: INFO:     Application startup complete.
2026-06-03 00:40:36: INFO:     Uvicorn running on http://0.0.0.0:8000 (Press CTRL+C to quit)
2026-06-03 01:05:41: 2026-06-03 01:05:41,946 [ERROR] trader: Tick error: binance GET https://testnet.binance.vision/api/v3/klines?interval=1h&limit=50&symbol=BTCUSDT
2026-06-03 01:57:26: 2026-06-03 01:57:26,712 [ERROR] trader: Tick error: binance GET https://testnet.binance.vision/api/v3/klines?interval=1h&limit=50&symbol=BTCUSDT
2026-06-03 05:39:43: 2026-06-03 05:39:43,381 [ERROR] trader: Tick error: binance GET https://testnet.binance.vision/api/v3/klines?interval=1h&limit=50&symbol=BTCUSDT
2026-06-03 06:33:21: 2026-06-03 06:33:21,847 [ERROR] trader: Tick error: binance GET https://testnet.binance.vision/api/v3/klines?interval=1h&limit=50&symbol=BTCUSDT
2026-06-03 17:37:59: 2026-06-03 17:37:59,610 [ERROR] trader: Tick error: binance GET https://testnet.binance.vision/api/v3/klines?interval=1h&limit=50&symbol=BTCUSDT
2026-06-03 17:45:09: INFO:     Started server process [30652]
2026-06-03 17:45:09: INFO:     Waiting for application startup.
2026-06-03 17:45:09: 2026-06-03 17:45:09,393 [INFO] trader: Strategy loop started \u2014 EMA 9/21 on BTC/USDT 1h
2026-06-03 17:45:09: INFO:     Application startup complete.
2026-06-03 17:45:09: INFO:     Uvicorn running on http://0.0.0.0:8000 (Press CTRL+C to quit)
2026-06-03 18:18:07: 2026-06-03 18:18:07,046 [ERROR] trader: Tick error: binance GET https://testnet.binance.vision/api/v3/klines?interval=1h&limit=50&symbol=BTCUSDT 502 Bad Gateway <html>
2026-06-03 18:18:07: <head><title>502 Bad Gateway</title></head>
2026-06-03 18:18:07: <body>
2026-06-03 18:18:07: <center><h1>502 Bad Gateway</h1></center>
2026-06-03 18:18:07: <hr><center>nginx</center>
2026-06-03 18:18:07: </body>
2026-06-03 18:18:07: </html>
2026-06-03 18:19:08: 2026-06-03 18:19:08,439 [ERROR] trader: Tick error: binance GET https://testnet.binance.vision/api/v3/klines?interval=1h&limit=50&symbol=BTCUSDT 502 Bad Gateway <html>
2026-06-03 18:19:08: <head><title>502 Bad Gateway</title></head>
2026-06-03 18:19:08: <body>
2026-06-03 18:19:08: <center><h1>502 Bad Gateway</h1></center>
2026-06-03 18:19:08: <hr><center>nginx</center>
2026-06-03 18:19:08: </body>
2026-06-03 18:19:08: </html>
2026-06-03 18:20:09: 2026-06-03 18:20:09,910 [ERROR] trader: Tick error: binance GET https://testnet.binance.vision/api/v3/klines?interval=1h&limit=50&symbol=BTCUSDT 502 Bad Gateway <html>
2026-06-03 18:20:09: <head><title>502 Bad Gateway</title></head>
2026-06-03 18:20:09: <body>
2026-06-03 18:20:09: <center><h1>502 Bad Gateway</h1></center>
2026-06-03 18:20:09: <hr><center>nginx</center>
2026-06-03 18:20:09: </body>
2026-06-03 18:20:09: </html>
2026-06-03 18:21:11: 2026-06-03 18:21:11,046 [ERROR] trader: Tick error: binance GET https://testnet.binance.vision/api/v3/klines?interval=1h&limit=50&symbol=BTCUSDT 502 Bad Gateway <html>
2026-06-03 18:21:11: <head><title>502 Bad Gateway</title></head>
2026-06-03 18:21:11: <body>
2026-06-03 18:21:11: <center><h1>502 Bad Gateway</h1></center>
2026-06-03 18:21:11: <hr><center>nginx</center>
2026-06-03 18:21:11: </body>
2026-06-03 18:21:11: </html>
2026-06-03 18:22:12: 2026-06-03 18:22:12,567 [ERROR] trader: Tick error: binance GET https://testnet.binance.vision/api/v3/klines?interval=1h&limit=50&symbol=BTCUSDT 502 Bad Gateway <html>
2026-06-03 18:22:12: <head><title>502 Bad Gateway</title></head>
2026-06-03 18:22:12: <body>
2026-06-03 18:22:12: <center><h1>502 Bad Gateway</h1></center>
2026-06-03 18:22:12: <hr><center>nginx</center>
2026-06-03 18:22:12: </body>
2026-06-03 18:22:12: </html>
2026-06-03 18:23:13: 2026-06-03 18:23:13,782 [ERROR] trader: Tick error: binance GET https://testnet.binance.vision/api/v3/klines?interval=1h&limit=50&symbol=BTCUSDT 502 Bad Gateway <html>
2026-06-03 18:23:13: <head><title>502 Bad Gateway</title></head>
2026-06-03 18:23:13: <body>
2026-06-03 18:23:13: <center><h1>502 Bad Gateway</h1></center>
2026-06-03 18:23:13: <hr><center>nginx</center>
2026-06-03 18:23:13: </body>
2026-06-03 18:23:13: </html>
2026-06-03 18:24:16: 2026-06-03 18:24:16,985 [ERROR] trader: Tick error: binance GET https://testnet.binance.vision/api/v3/klines?interval=1h&limit=50&symbol=BTCUSDT 502 Bad Gateway <html>
2026-06-03 18:24:16: <head><title>502 Bad Gateway</title></head>
2026-06-03 18:24:16: <body>
2026-06-03 18:24:16: <center><h1>502 Bad Gateway</h1></center>
2026-06-03 18:24:16: <hr><center>nginx</center>
2026-06-03 18:24:16: </body>
2026-06-03 18:24:16: </html>
2026-06-03 18:25:18: 2026-06-03 18:25:18,162 [ERROR] trader: Tick error: binance GET https://testnet.binance.vision/api/v3/klines?interval=1h&limit=50&symbol=BTCUSDT 502 Bad Gateway <html>
2026-06-03 18:25:18: <head><title>502 Bad Gateway</title></head>
2026-06-03 18:25:18: <body>
2026-06-03 18:25:18: <center><h1>502 Bad Gateway</h1></center>
2026-06-03 18:25:18: <hr><center>nginx</center>
2026-06-03 18:25:18: </body>
2026-06-03 18:25:18: </html>
2026-06-03 18:26:18: 2026-06-03 18:26:18,840 [ERROR] trader: Tick error: binance GET https://testnet.binance.vision/api/v3/klines?interval=1h&limit=50&symbol=BTCUSDT 502 Bad Gateway <html>
2026-06-03 18:26:18: <head><title>502 Bad Gateway</title></head>
2026-06-03 18:26:18: <body>
2026-06-03 18:26:18: <center><h1>502 Bad Gateway</h1></center>
2026-06-03 18:26:18: <hr><center>nginx</center>
2026-06-03 18:26:18: </body>
2026-06-03 18:26:18: </html>
2026-06-03 18:27:19: 2026-06-03 18:27:19,774 [ERROR] trader: Tick error: binance GET https://testnet.binance.vision/api/v3/klines?interval=1h&limit=50&symbol=BTCUSDT 502 Bad Gateway <html>
2026-06-03 18:27:19: <head><title>502 Bad Gateway</title></head>
2026-06-03 18:27:19: <body>
2026-06-03 18:27:19: <center><h1>502 Bad Gateway</h1></center>
2026-06-03 18:27:19: <hr><center>nginx</center>
2026-06-03 18:27:19: </body>
2026-06-03 18:27:19: </html>
2026-06-03 18:28:20: 2026-06-03 18:28:20,827 [ERROR] trader: Tick error: binance GET https://testnet.binance.vision/api/v3/klines?interval=1h&limit=50&symbol=BTCUSDT 502 Bad Gateway <html>
2026-06-03 18:28:20: <head><title>502 Bad Gateway</title></head>
2026-06-03 18:28:20: <body>
2026-06-03 18:28:20: <center><h1>502 Bad Gateway</h1></center>
2026-06-03 18:28:20: <hr><center>nginx</center>
2026-06-03 18:28:20: </body>
2026-06-03 18:28:20: </html>
2026-06-03 18:29:21: 2026-06-03 18:29:21,757 [ERROR] trader: Tick error: binance GET https://testnet.binance.vision/api/v3/klines?interval=1h&limit=50&symbol=BTCUSDT 502 Bad Gateway <html>
2026-06-03 18:29:21: <head><title>502 Bad Gateway</title></head>
2026-06-03 18:29:21: <body>
2026-06-03 18:29:21: <center><h1>502 Bad Gateway</h1></center>
2026-06-03 18:29:21: <hr><center>nginx</center>
2026-06-03 18:29:21: </body>
2026-06-03 18:29:21: </html>
2026-06-03 18:30:23: 2026-06-03 18:30:23,211 [ERROR] trader: Tick error: binance GET https://testnet.binance.vision/api/v3/klines?interval=1h&limit=50&symbol=BTCUSDT 502 Bad Gateway <html>
2026-06-03 18:30:23: <head><title>502 Bad Gateway</title></head>
2026-06-03 18:30:23: <body>
2026-06-03 18:30:23: <center><h1>502 Bad Gateway</h1></center>
2026-06-03 18:30:23: <hr><center>nginx</center>
2026-06-03 18:30:23: </body>
2026-06-03 18:30:23: </html>
2026-06-03 18:31:25: 2026-06-03 18:31:25,653 [ERROR] trader: Tick error: binance GET https://testnet.binance.vision/api/v3/klines?interval=1h&limit=50&symbol=BTCUSDT 502 Bad Gateway <html>
2026-06-03 18:31:25: <head><title>502 Bad Gateway</title></head>
2026-06-03 18:31:25: <body>
2026-06-03 18:31:25: <center><h1>502 Bad Gateway</h1></center>
2026-06-03 18:31:25: <hr><center>nginx</center>
2026-06-03 18:31:25: </body>
2026-06-03 18:31:25: </html>
2026-06-03 18:32:28: 2026-06-03 18:32:28,298 [ERROR] trader: Tick error: binance GET https://testnet.binance.vision/api/v3/klines?interval=1h&limit=50&symbol=BTCUSDT 502 Bad Gateway <html>
2026-06-03 18:32:28: <head><title>502 Bad Gateway</title></head>
2026-06-03 18:32:28: <body>
2026-06-03 18:32:28: <center><h1>502 Bad Gateway</h1></center>
2026-06-03 18:32:28: <hr><center>nginx</center>
2026-06-03 18:32:28: </body>
2026-06-03 18:32:28: </html>
2026-06-03 18:33:31: 2026-06-03 18:33:31,480 [ERROR] trader: Tick error: binance GET https://testnet.binance.vision/api/v3/klines?interval=1h&limit=50&symbol=BTCUSDT 502 Bad Gateway <html>
2026-06-03 18:33:31: <head><title>502 Bad Gateway</title></head>
2026-06-03 18:33:31: <body>
2026-06-03 18:33:31: <center><h1>502 Bad Gateway</h1></center>
2026-06-03 18:33:31: <hr><center>nginx</center>
2026-06-03 18:33:31: </body>
2026-06-03 18:33:31: </html>
2026-06-03 18:34:33: 2026-06-03 18:34:33,698 [ERROR] trader: Tick error: binance GET https://testnet.binance.vision/api/v3/klines?interval=1h&limit=50&symbol=BTCUSDT 502 Bad Gateway <html>
2026-06-03 18:34:33: <head><title>502 Bad Gateway</title></head>
2026-06-03 18:34:33: <body>
2026-06-03 18:34:33: <center><h1>502 Bad Gateway</h1></center>
2026-06-03 18:34:33: <hr><center>nginx</center>
2026-06-03 18:34:33: </body>
2026-06-03 18:34:33: </html>
2026-06-03 18:35:35: 2026-06-03 18:35:35,098 [ERROR] trader: Tick error: binance GET https://testnet.binance.vision/api/v3/klines?interval=1h&limit=50&symbol=BTCUSDT 502 Bad Gateway <html>
2026-06-03 18:35:35: <head><title>502 Bad Gateway</title></head>
2026-06-03 18:35:35: <body>
2026-06-03 18:35:35: <center><h1>502 Bad Gateway</h1></center>
2026-06-03 18:35:35: <hr><center>nginx</center>
2026-06-03 18:35:35: </body>
2026-06-03 18:35:35: </html>
2026-06-03 18:36:35: 2026-06-03 18:36:35,702 [ERROR] trader: Tick error: binance GET https://testnet.binance.vision/api/v3/klines?interval=1h&limit=50&symbol=BTCUSDT 502 Bad Gateway <html>
2026-06-03 18:36:35: <head><title>502 Bad Gateway</title></head>
2026-06-03 18:36:35: <body>
2026-06-03 18:36:35: <center><h1>502 Bad Gateway</h1></center>
2026-06-03 18:36:35: <hr><center>nginx</center>
2026-06-03 18:36:35: </body>
2026-06-03 18:36:35: </html>
2026-06-03 18:37:37: 2026-06-03 18:37:37,418 [ERROR] trader: Tick error: binance GET https://testnet.binance.vision/api/v3/klines?interval=1h&limit=50&symbol=BTCUSDT 502 Bad Gateway <html>
2026-06-03 18:37:37: <head><title>502 Bad Gateway</title></head>
2026-06-03 18:37:37: <body>
2026-06-03 18:37:37: <center><h1>502 Bad Gateway</h1></center>
2026-06-03 18:37:37: <hr><center>nginx</center>
2026-06-03 18:37:37: </body>
2026-06-03 18:37:37: </html>
2026-06-03 18:38:39: 2026-06-03 18:38:39,125 [ERROR] trader: Tick error: binance GET https://testnet.binance.vision/api/v3/klines?interval=1h&limit=50&symbol=BTCUSDT 502 Bad Gateway <html>
2026-06-03 18:38:39: <head><title>502 Bad Gateway</title></head>
2026-06-03 18:38:39: <body>
2026-06-03 18:38:39: <center><h1>502 Bad Gateway</h1></center>
2026-06-03 18:38:39: <hr><center>nginx</center>
2026-06-03 18:38:39: </body>
2026-06-03 18:38:39: </html>
2026-06-03 18:39:41: 2026-06-03 18:39:41,528 [ERROR] trader: Tick error: binance GET https://testnet.binance.vision/api/v3/klines?interval=1h&limit=50&symbol=BTCUSDT 502 Bad Gateway <html>
2026-06-03 18:39:41: <head><title>502 Bad Gateway</title></head>
2026-06-03 18:39:41: <body>
2026-06-03 18:39:41: <center><h1>502 Bad Gateway</h1></center>
2026-06-03 18:39:41: <hr><center>nginx</center>
2026-06-03 18:39:41: </body>
2026-06-03 18:39:41: </html>
2026-06-03 18:40:43: 2026-06-03 18:40:43,037 [ERROR] trader: Tick error: binance GET https://testnet.binance.vision/api/v3/klines?interval=1h&limit=50&symbol=BTCUSDT 502 Bad Gateway <html>
2026-06-03 18:40:43: <head><title>502 Bad Gateway</title></head>
2026-06-03 18:40:43: <body>
2026-06-03 18:40:43: <center><h1>502 Bad Gateway</h1></center>
2026-06-03 18:40:43: <hr><center>nginx</center>
2026-06-03 18:40:43: </body>
2026-06-03 18:40:43: </html>
2026-06-03 18:41:49: 2026-06-03 18:41:49,105 [ERROR] trader: Tick error: binance GET https://testnet.binance.vision/api/v3/klines?interval=1h&limit=50&symbol=BTCUSDT 502 Bad Gateway <html>
2026-06-03 18:41:49: <head><title>502 Bad Gateway</title></head>
2026-06-03 18:41:49: <body>
2026-06-03 18:41:49: <center><h1>502 Bad Gateway</h1></center>
2026-06-03 18:41:49: <hr><center>nginx</center>
2026-06-03 18:41:49: </body>
2026-06-03 18:41:49: </html>
2026-06-03 18:42:50: 2026-06-03 18:42:50,973 [ERROR] trader: Tick error: binance GET https://testnet.binance.vision/api/v3/klines?interval=1h&limit=50&symbol=BTCUSDT 502 Bad Gateway <html>
2026-06-03 18:42:50: <head><title>502 Bad Gateway</title></head>
2026-06-03 18:42:50: <body>
2026-06-03 18:42:50: <center><h1>502 Bad Gateway</h1></center>
2026-06-03 18:42:50: <hr><center>nginx</center>
2026-06-03 18:42:50: </body>
2026-06-03 18:42:50: </html>
2026-06-03 18:43:52: 2026-06-03 18:43:52,000 [ERROR] trader: Tick error: binance GET https://testnet.binance.vision/api/v3/klines?interval=1h&limit=50&symbol=BTCUSDT 502 Bad Gateway <html>
2026-06-03 18:43:52: <head><title>502 Bad Gateway</title></head>
2026-06-03 18:43:52: <body>
2026-06-03 18:43:52: <center><h1>502 Bad Gateway</h1></center>
2026-06-03 18:43:52: <hr><center>nginx</center>
2026-06-03 18:43:52: </body>
2026-06-03 18:43:52: </html>
2026-06-03 18:44:52: 2026-06-03 18:44:52,572 [ERROR] trader: Tick error: binance GET https://testnet.binance.vision/api/v3/klines?interval=1h&limit=50&symbol=BTCUSDT 502 Bad Gateway <html>
2026-06-03 18:44:52: <head><title>502 Bad Gateway</title></head>
2026-06-03 18:44:52: <body>
2026-06-03 18:44:52: <center><h1>502 Bad Gateway</h1></center>
2026-06-03 18:44:52: <hr><center>nginx</center>
2026-06-03 18:44:52: </body>
2026-06-03 18:44:52: </html>
2026-06-03 18:45:52: 2026-06-03 18:45:52,809 [ERROR] trader: Tick error: binance GET https://testnet.binance.vision/api/v3/klines?interval=1h&limit=50&symbol=BTCUSDT 502 Bad Gateway <html>
2026-06-03 18:45:52: <head><title>502 Bad Gateway</title></head>
2026-06-03 18:45:52: <body>
2026-06-03 18:45:52: <center><h1>502 Bad Gateway</h1></center>
2026-06-03 18:45:52: <hr><center>nginx</center>
2026-06-03 18:45:52: </body>
2026-06-03 18:45:52: </html>
2026-06-03 18:46:55: 2026-06-03 18:46:55,498 [ERROR] trader: Tick error: binance GET https://testnet.binance.vision/api/v3/klines?interval=1h&limit=50&symbol=BTCUSDT 502 Bad Gateway <html>
2026-06-03 18:46:55: <head><title>502 Bad Gateway</title></head>
2026-06-03 18:46:55: <body>
2026-06-03 18:46:55: <center><h1>502 Bad Gateway</h1></center>
2026-06-03 18:46:55: <hr><center>nginx</center>
2026-06-03 18:46:55: </body>
2026-06-03 18:46:55: </html>
2026-06-03 18:47:58: 2026-06-03 18:47:58,779 [ERROR] trader: Tick error: binance GET https://testnet.binance.vision/api/v3/klines?interval=1h&limit=50&symbol=BTCUSDT 502 Bad Gateway <html>
2026-06-03 18:47:58: <head><title>502 Bad Gateway</title></head>
2026-06-03 18:47:58: <body>
2026-06-03 18:47:58: <center><h1>502 Bad Gateway</h1></center>
2026-06-03 18:47:58: <hr><center>nginx</center>
2026-06-03 18:47:58: </body>
2026-06-03 18:47:58: </html>
2026-06-03 18:49:00: 2026-06-03 18:49:00,310 [ERROR] trader: Tick error: binance GET https://testnet.binance.vision/api/v3/klines?interval=1h&limit=50&symbol=BTCUSDT 502 Bad Gateway <html>
2026-06-03 18:49:00: <head><title>502 Bad Gateway</title></head>
2026-06-03 18:49:00: <body>
2026-06-03 18:49:00: <center><h1>502 Bad Gateway</h1></center>
2026-06-03 18:49:00: <hr><center>nginx</center>
2026-06-03 18:49:00: </body>
2026-06-03 18:49:00: </html>
2026-06-03 18:50:01: 2026-06-03 18:50:01,349 [ERROR] trader: Tick error: binance GET https://testnet.binance.vision/api/v3/klines?interval=1h&limit=50&symbol=BTCUSDT 502 Bad Gateway <html>
2026-06-03 18:50:01: <head><title>502 Bad Gateway</title></head>
2026-06-03 18:50:01: <body>
2026-06-03 18:50:01: <center><h1>502 Bad Gateway</h1></center>
2026-06-03 18:50:01: <hr><center>nginx</center>
2026-06-03 18:50:01: </body>
2026-06-03 18:50:01: </html>
2026-06-03 18:51:06: 2026-06-03 18:51:06,008 [ERROR] trader: Tick error: binance GET https://testnet.binance.vision/api/v3/klines?interval=1h&limit=50&symbol=BTCUSDT 502 Bad Gateway <html>
2026-06-03 18:51:06: <head><title>502 Bad Gateway</title></head>
2026-06-03 18:51:06: <body>
2026-06-03 18:51:06: <center><h1>502 Bad Gateway</h1></center>
2026-06-03 18:51:06: <hr><center>nginx</center>
2026-06-03 18:51:06: </body>
2026-06-03 18:51:06: </html>
2026-06-03 18:52:07: 2026-06-03 18:52:07,436 [ERROR] trader: Tick error: binance GET https://testnet.binance.vision/api/v3/klines?interval=1h&limit=50&symbol=BTCUSDT 502 Bad Gateway <html>
2026-06-03 18:52:07: <head><title>502 Bad Gateway</title></head>
2026-06-03 18:52:07: <body>
2026-06-03 18:52:07: <center><h1>502 Bad Gateway</h1></center>
2026-06-03 18:52:07: <hr><center>nginx</center>
2026-06-03 18:52:07: </body>
2026-06-03 18:52:07: </html>
2026-06-03 18:53:09: 2026-06-03 18:53:09,800 [ERROR] trader: Tick error: binance GET https://testnet.binance.vision/api/v3/klines?interval=1h&limit=50&symbol=BTCUSDT 502 Bad Gateway <html>
2026-06-03 18:53:09: <head><title>502 Bad Gateway</title></head>
2026-06-03 18:53:09: <body>
2026-06-03 18:53:09: <center><h1>502 Bad Gateway</h1></center>
2026-06-03 18:53:09: <hr><center>nginx</center>
2026-06-03 18:53:09: </body>
2026-06-03 18:53:09: </html>
2026-06-03 18:54:10: 2026-06-03 18:54:10,729 [ERROR] trader: Tick error: binance GET https://testnet.binance.vision/api/v3/klines?interval=1h&limit=50&symbol=BTCUSDT 502 Bad Gateway <html>
2026-06-03 18:54:10: <head><title>502 Bad Gateway</title></head>
2026-06-03 18:54:10: <body>
2026-06-03 18:54:10: <center><h1>502 Bad Gateway</h1></center>
2026-06-03 18:54:10: <hr><center>nginx</center>
2026-06-03 18:54:10: </body>
2026-06-03 18:54:10: </html>
2026-06-03 18:55:13: 2026-06-03 18:55:13,098 [ERROR] trader: Tick error: binance GET https://testnet.binance.vision/api/v3/klines?interval=1h&limit=50&symbol=BTCUSDT 502 Bad Gateway <html>
2026-06-03 18:55:13: <head><title>502 Bad Gateway</title></head>
2026-06-03 18:55:13: <body>
2026-06-03 18:55:13: <center><h1>502 Bad Gateway</h1></center>
2026-06-03 18:55:13: <hr><center>nginx</center>
2026-06-03 18:55:13: </body>
2026-06-03 18:55:13: </html>
2026-06-03 18:56:14: 2026-06-03 18:56:14,109 [ERROR] trader: Tick error: binance GET https://testnet.binance.vision/api/v3/klines?interval=1h&limit=50&symbol=BTCUSDT 502 Bad Gateway <html>
2026-06-03 18:56:14: <head><title>502 Bad Gateway</title></head>
2026-06-03 18:56:14: <body>
2026-06-03 18:56:14: <center><h1>502 Bad Gateway</h1></center>
2026-06-03 18:56:14: <hr><center>nginx</center>
2026-06-03 18:56:14: </body>
2026-06-03 18:56:14: </html>
2026-06-03 18:57:21: 2026-06-03 18:57:21,134 [ERROR] trader: Tick error: binance GET https://testnet.binance.vision/api/v3/klines?interval=1h&limit=50&symbol=BTCUSDT 502 Bad Gateway <html>
2026-06-03 18:57:21: <head><title>502 Bad Gateway</title></head>
2026-06-03 18:57:21: <body>
2026-06-03 18:57:21: <center><h1>502 Bad Gateway</h1></center>
2026-06-03 18:57:21: <hr><center>nginx</center>
2026-06-03 18:57:21: </body>
2026-06-03 18:57:21: </html>
2026-06-03 18:58:26: 2026-06-03 18:58:26,932 [ERROR] trader: Tick error: binance GET https://testnet.binance.vision/api/v3/klines?interval=1h&limit=50&symbol=BTCUSDT 502 Bad Gateway <html>
2026-06-03 18:58:26: <head><title>502 Bad Gateway</title></head>
2026-06-03 18:58:26: <body>
2026-06-03 18:58:26: <center><h1>502 Bad Gateway</h1></center>
2026-06-03 18:58:26: <hr><center>nginx</center>
2026-06-03 18:58:26: </body>
2026-06-03 18:58:26: </html>
2026-06-03 18:59:27: 2026-06-03 18:59:27,878 [ERROR] trader: Tick error: binance GET https://testnet.binance.vision/api/v3/klines?interval=1h&limit=50&symbol=BTCUSDT 502 Bad Gateway <html>
2026-06-03 18:59:27: <head><title>502 Bad Gateway</title></head>
2026-06-03 18:59:27: <body>
2026-06-03 18:59:27: <center><h1>502 Bad Gateway</h1></center>
2026-06-03 18:59:27: <hr><center>nginx</center>
2026-06-03 18:59:27: </body>
2026-06-03 18:59:27: </html>
2026-06-03 19:00:30: 2026-06-03 19:00:30,838 [ERROR] trader: Tick error: binance GET https://testnet.binance.vision/api/v3/klines?interval=1h&limit=50&symbol=BTCUSDT 502 Bad Gateway <html>
2026-06-03 19:00:30: <head><title>502 Bad Gateway</title></head>
2026-06-03 19:00:30: <body>
2026-06-03 19:00:30: <center><h1>502 Bad Gateway</h1></center>
2026-06-03 19:00:30: <hr><center>nginx</center>
2026-06-03 19:00:30: </body>
2026-06-03 19:00:30: </html>
2026-06-03 19:01:31: 2026-06-03 19:01:31,702 [ERROR] trader: Tick error: binance GET https://testnet.binance.vision/api/v3/klines?interval=1h&limit=50&symbol=BTCUSDT 502 Bad Gateway <html>
2026-06-03 19:01:31: <head><title>502 Bad Gateway</title></head>
2026-06-03 19:01:31: <body>
2026-06-03 19:01:31: <center><h1>502 Bad Gateway</h1></center>
2026-06-03 19:01:31: <hr><center>nginx</center>
2026-06-03 19:01:31: </body>
2026-06-03 19:01:31: </html>
2026-06-03 19:02:33: 2026-06-03 19:02:33,919 [ERROR] trader: Tick error: binance GET https://testnet.binance.vision/api/v3/klines?interval=1h&limit=50&symbol=BTCUSDT 502 Bad Gateway <html>
2026-06-03 19:02:33: <head><title>502 Bad Gateway</title></head>
2026-06-03 19:02:33: <body>
2026-06-03 19:02:33: <center><h1>502 Bad Gateway</h1></center>
2026-06-03 19:02:33: <hr><center>nginx</center>
2026-06-03 19:02:33: </body>
2026-06-03 19:02:33: </html>
2026-06-03 19:03:36: 2026-06-03 19:03:36,411 [ERROR] trader: Tick error: binance GET https://testnet.binance.vision/api/v3/klines?interval=1h&limit=50&symbol=BTCUSDT 502 Bad Gateway <html>
2026-06-03 19:03:36: <head><title>502 Bad Gateway</title></head>
2026-06-03 19:03:36: <body>
2026-06-03 19:03:36: <center><h1>502 Bad Gateway</h1></center>
2026-06-03 19:03:36: <hr><center>nginx</center>
2026-06-03 19:03:36: </body>
2026-06-03 19:03:36: </html>
2026-06-03 19:04:37: 2026-06-03 19:04:37,393 [ERROR] trader: Tick error: binance GET https://testnet.binance.vision/api/v3/klines?interval=1h&limit=50&symbol=BTCUSDT 502 Bad Gateway <html>
2026-06-03 19:04:37: <head><title>502 Bad Gateway</title></head>
2026-06-03 19:04:37: <body>
2026-06-03 19:04:37: <center><h1>502 Bad Gateway</h1></center>
2026-06-03 19:04:37: <hr><center>nginx</center>
2026-06-03 19:04:37: </body>
2026-06-03 19:04:37: </html>
2026-06-03 19:05:38: 2026-06-03 19:05:38,652 [ERROR] trader: Tick error: binance GET https://testnet.binance.vision/api/v3/klines?interval=1h&limit=50&symbol=BTCUSDT 502 Bad Gateway <html>
2026-06-03 19:05:38: <head><title>502 Bad Gateway</title></head>
2026-06-03 19:05:38: <body>
2026-06-03 19:05:38: <center><h1>502 Bad Gateway</h1></center>
2026-06-03 19:05:38: <hr><center>nginx</center>
2026-06-03 19:05:38: </body>
2026-06-03 19:05:38: </html>
2026-06-03 19:06:39: 2026-06-03 19:06:39,078 [ERROR] trader: Tick error: binance GET https://testnet.binance.vision/api/v3/klines?interval=1h&limit=50&symbol=BTCUSDT 502 Bad Gateway <html>
2026-06-03 19:06:39: <head><title>502 Bad Gateway</title></head>
2026-06-03 19:06:39: <body>
2026-06-03 19:06:39: <center><h1>502 Bad Gateway</h1></center>
2026-06-03 19:06:39: <hr><center>nginx</center>
2026-06-03 19:06:39: </body>
2026-06-03 19:06:39: </html>
2026-06-03 19:07:41: 2026-06-03 19:07:41,173 [ERROR] trader: Tick error: binance GET https://testnet.binance.vision/api/v3/klines?interval=1h&limit=50&symbol=BTCUSDT 502 Bad Gateway <html>
2026-06-03 19:07:41: <head><title>502 Bad Gateway</title></head>
2026-06-03 19:07:41: <body>
2026-06-03 19:07:41: <center><h1>502 Bad Gateway</h1></center>
2026-06-03 19:07:41: <hr><center>nginx</center>
2026-06-03 19:07:41: </body>
2026-06-03 19:07:41: </html>
2026-06-03 19:08:41: 2026-06-03 19:08:41,338 [ERROR] trader: Tick error: binance GET https://testnet.binance.vision/api/v3/klines?interval=1h&limit=50&symbol=BTCUSDT 502 Bad Gateway <html>
2026-06-03 19:08:41: <head><title>502 Bad Gateway</title></head>
2026-06-03 19:08:41: <body>
2026-06-03 19:08:41: <center><h1>502 Bad Gateway</h1></center>
2026-06-03 19:08:41: <hr><center>nginx</center>
2026-06-03 19:08:41: </body>
2026-06-03 19:08:41: </html>
2026-06-03 19:09:41: 2026-06-03 19:09:41,784 [ERROR] trader: Tick error: binance GET https://testnet.binance.vision/api/v3/klines?interval=1h&limit=50&symbol=BTCUSDT 502 Bad Gateway <html>
2026-06-03 19:09:41: <head><title>502 Bad Gateway</title></head>
2026-06-03 19:09:41: <body>
2026-06-03 19:09:41: <center><h1>502 Bad Gateway</h1></center>
2026-06-03 19:09:41: <hr><center>nginx</center>
2026-06-03 19:09:41: </body>
2026-06-03 19:09:41: </html>
2026-06-03 19:10:42: 2026-06-03 19:10:42,252 [ERROR] trader: Tick error: binance GET https://testnet.binance.vision/api/v3/klines?interval=1h&limit=50&symbol=BTCUSDT 502 Bad Gateway <html>
2026-06-03 19:10:42: <head><title>502 Bad Gateway</title></head>
2026-06-03 19:10:42: <body>
2026-06-03 19:10:42: <center><h1>502 Bad Gateway</h1></center>
2026-06-03 19:10:42: <hr><center>nginx</center>
2026-06-03 19:10:42: </body>
2026-06-03 19:10:42: </html>
2026-06-03 19:11:46: 2026-06-03 19:11:46,606 [ERROR] trader: Tick error: binance GET https://testnet.binance.vision/api/v3/klines?interval=1h&limit=50&symbol=BTCUSDT 502 Bad Gateway <html>
2026-06-03 19:11:46: <head><title>502 Bad Gateway</title></head>
2026-06-03 19:11:46: <body>
2026-06-03 19:11:46: <center><h1>502 Bad Gateway</h1></center>
2026-06-03 19:11:46: <hr><center>nginx</center>
2026-06-03 19:11:46: </body>
2026-06-03 19:11:46: </html>
2026-06-03 19:12:47: 2026-06-03 19:12:47,070 [ERROR] trader: Tick error: binance GET https://testnet.binance.vision/api/v3/klines?interval=1h&limit=50&symbol=BTCUSDT 502 Bad Gateway <html>
2026-06-03 19:12:47: <head><title>502 Bad Gateway</title></head>
2026-06-03 19:12:47: <body>
2026-06-03 19:12:47: <center><h1>502 Bad Gateway</h1></center>
2026-06-03 19:12:47: <hr><center>nginx</center>
2026-06-03 19:12:47: </body>
2026-06-03 19:12:47: </html>
2026-06-03 19:13:47: 2026-06-03 19:13:47,351 [ERROR] trader: Tick error: binance GET https://testnet.binance.vision/api/v3/klines?interval=1h&limit=50&symbol=BTCUSDT 502 Bad Gateway <html>
2026-06-03 19:13:47: <head><title>502 Bad Gateway</title></head>
2026-06-03 19:13:47: <body>
2026-06-03 19:13:47: <center><h1>502 Bad Gateway</h1></center>
2026-06-03 19:13:47: <hr><center>nginx</center>
2026-06-03 19:13:47: </body>
2026-06-03 19:13:47: </html>
2026-06-03 19:14:47: 2026-06-03 19:14:47,791 [ERROR] trader: Tick error: binance GET https://testnet.binance.vision/api/v3/klines?interval=1h&limit=50&symbol=BTCUSDT 502 Bad Gateway <html>
2026-06-03 19:14:47: <head><title>502 Bad Gateway</title></head>
2026-06-03 19:14:47: <body>
2026-06-03 19:14:47: <center><h1>502 Bad Gateway</h1></center>
2026-06-03 19:14:47: <hr><center>nginx</center>
2026-06-03 19:14:47: </body>
2026-06-03 19:14:47: </html>
2026-06-03 19:15:48: 2026-06-03 19:15:48,239 [ERROR] trader: Tick error: binance GET https://testnet.binance.vision/api/v3/klines?interval=1h&limit=50&symbol=BTCUSDT 502 Bad Gateway <html>
2026-06-03 19:15:48: <head><title>502 Bad Gateway</title></head>
2026-06-03 19:15:48: <body>
2026-06-03 19:15:48: <center><h1>502 Bad Gateway</h1></center>
2026-06-03 19:15:48: <hr><center>nginx</center>
2026-06-03 19:15:48: </body>
2026-06-03 19:15:48: </html>
2026-06-03 19:16:48: 2026-06-03 19:16:48,563 [ERROR] trader: Tick error: binance GET https://testnet.binance.vision/api/v3/klines?interval=1h&limit=50&symbol=BTCUSDT 502 Bad Gateway <html>
2026-06-03 19:16:48: <head><title>502 Bad Gateway</title></head>
2026-06-03 19:16:48: <body>
2026-06-03 19:16:48: <center><h1>502 Bad Gateway</h1></center>
2026-06-03 19:16:48: <hr><center>nginx</center>
2026-06-03 19:16:48: </body>
2026-06-03 19:16:48: </html>
2026-06-03 19:17:49: 2026-06-03 19:17:49,021 [ERROR] trader: Tick error: binance GET https://testnet.binance.vision/api/v3/klines?interval=1h&limit=50&symbol=BTCUSDT 502 Bad Gateway <html>
2026-06-03 19:17:49: <head><title>502 Bad Gateway</title></head>
2026-06-03 19:17:49: <body>
2026-06-03 19:17:49: <center><h1>502 Bad Gateway</h1></center>
2026-06-03 19:17:49: <hr><center>nginx</center>
2026-06-03 19:17:49: </body>
2026-06-03 19:17:49: </html>
2026-06-03 19:18:49: 2026-06-03 19:18:49,483 [ERROR] trader: Tick error: binance GET https://testnet.binance.vision/api/v3/klines?interval=1h&limit=50&symbol=BTCUSDT 502 Bad Gateway <html>
2026-06-03 19:18:49: <head><title>502 Bad Gateway</title></head>
2026-06-03 19:18:49: <body>
2026-06-03 19:18:49: <center><h1>502 Bad Gateway</h1></center>
2026-06-03 19:18:49: <hr><center>nginx</center>
2026-06-03 19:18:49: </body>
2026-06-03 19:18:49: </html>
2026-06-03 19:19:49: 2026-06-03 19:19:49,821 [ERROR] trader: Tick error: binance GET https://testnet.binance.vision/api/v3/klines?interval=1h&limit=50&symbol=BTCUSDT 502 Bad Gateway <html>
2026-06-03 19:19:49: <head><title>502 Bad Gateway</title></head>
2026-06-03 19:19:49: <body>
2026-06-03 19:19:49: <center><h1>502 Bad Gateway</h1></center>
2026-06-03 19:19:49: <hr><center>nginx</center>
2026-06-03 19:19:49: </body>
2026-06-03 19:19:49: </html>
2026-06-03 19:20:50: 2026-06-03 19:20:50,340 [ERROR] trader: Tick error: binance GET https://testnet.binance.vision/api/v3/klines?interval=1h&limit=50&symbol=BTCUSDT 502 Bad Gateway <html>
2026-06-03 19:20:50: <head><title>502 Bad Gateway</title></head>
2026-06-03 19:20:50: <body>
2026-06-03 19:20:50: <center><h1>502 Bad Gateway</h1></center>
2026-06-03 19:20:50: <hr><center>nginx</center>
2026-06-03 19:20:50: </body>
2026-06-03 19:20:50: </html>
2026-06-03 19:21:50: 2026-06-03 19:21:50,791 [ERROR] trader: Tick error: binance GET https://testnet.binance.vision/api/v3/klines?interval=1h&limit=50&symbol=BTCUSDT 502 Bad Gateway <html>
2026-06-03 19:21:50: <head><title>502 Bad Gateway</title></head>
2026-06-03 19:21:50: <body>
2026-06-03 19:21:50: <center><h1>502 Bad Gateway</h1></center>
2026-06-03 19:21:50: <hr><center>nginx</center>
2026-06-03 19:21:50: </body>
2026-06-03 19:21:50: </html>
2026-06-03 19:22:51: 2026-06-03 19:22:51,282 [ERROR] trader: Tick error: binance GET https://testnet.binance.vision/api/v3/klines?interval=1h&limit=50&symbol=BTCUSDT 502 Bad Gateway <html>
2026-06-03 19:22:51: <head><title>502 Bad Gateway</title></head>
2026-06-03 19:22:51: <body>
2026-06-03 19:22:51: <center><h1>502 Bad Gateway</h1></center>
2026-06-03 19:22:51: <hr><center>nginx</center>
2026-06-03 19:22:51: </body>
2026-06-03 19:22:51: </html>
2026-06-03 19:23:51: 2026-06-03 19:23:51,747 [ERROR] trader: Tick error: binance GET https://testnet.binance.vision/api/v3/klines?interval=1h&limit=50&symbol=BTCUSDT 502 Bad Gateway <html>
2026-06-03 19:23:51: <head><title>502 Bad Gateway</title></head>
2026-06-03 19:23:51: <body>
2026-06-03 19:23:51: <center><h1>502 Bad Gateway</h1></center>
2026-06-03 19:23:51: <hr><center>nginx</center>
2026-06-03 19:23:51: </body>
2026-06-03 19:23:51: </html>
2026-06-03 19:24:52: 2026-06-03 19:24:52,434 [ERROR] trader: Tick error: binance GET https://testnet.binance.vision/api/v3/klines?interval=1h&limit=50&symbol=BTCUSDT 502 Bad Gateway <html>
2026-06-03 19:24:52: <head><title>502 Bad Gateway</title></head>
2026-06-03 19:24:52: <body>
2026-06-03 19:24:52: <center><h1>502 Bad Gateway</h1></center>
2026-06-03 19:24:52: <hr><center>nginx</center>
2026-06-03 19:24:52: </body>
2026-06-03 19:24:52: </html>
2026-06-03 19:25:57: 2026-06-03 19:25:57,748 [ERROR] trader: Tick error: binance GET https://testnet.binance.vision/api/v3/klines?interval=1h&limit=50&symbol=BTCUSDT 502 Bad Gateway <html>
2026-06-03 19:25:57: <head><title>502 Bad Gateway</title></head>
2026-06-03 19:25:57: <body>
2026-06-03 19:25:57: <center><h1>502 Bad Gateway</h1></center>
2026-06-03 19:25:57: <hr><center>nginx</center>
2026-06-03 19:25:57: </body>
2026-06-03 19:25:57: </html>
2026-06-03 19:26:58: 2026-06-03 19:26:58,146 [ERROR] trader: Tick error: binance GET https://testnet.binance.vision/api/v3/klines?interval=1h&limit=50&symbol=BTCUSDT 502 Bad Gateway <html>
2026-06-03 19:26:58: <head><title>502 Bad Gateway</title></head>
2026-06-03 19:26:58: <body>
2026-06-03 19:26:58: <center><h1>502 Bad Gateway</h1></center>
2026-06-03 19:26:58: <hr><center>nginx</center>
2026-06-03 19:26:58: </body>
2026-06-03 19:26:58: </html>
2026-06-03 19:27:19: INFO:     Started server process [31504]
2026-06-03 19:27:19: INFO:     Waiting for application startup.
2026-06-03 19:27:19: 2026-06-03 19:27:19,544 [INFO] trader: Strategy loop started \u2014 EMA 9/21 on BTC/USDT 1h
2026-06-03 19:27:19: INFO:     Application startup complete.
2026-06-03 19:27:19: INFO:     Uvicorn running on http://0.0.0.0:8000 (Press CTRL+C to quit)
2026-06-03 19:27:22: 2026-06-03 19:27:22,668 [ERROR] trader: Tick error: binance GET https://testnet.binance.vision/api/v3/exchangeInfo 502 Bad Gateway <html>
2026-06-03 19:27:22: <head><title>502 Bad Gateway</title></head>
2026-06-03 19:27:22: <body>
2026-06-03 19:27:22: <center><h1>502 Bad Gateway</h1></center>
2026-06-03 19:27:22: <hr><center>nginx</center>
2026-06-03 19:27:22: </body>
2026-06-03 19:27:22: </html>
2026-06-03 19:28:24: 2026-06-03 19:28:24,739 [ERROR] trader: Tick error: binance GET https://testnet.binance.vision/api/v3/exchangeInfo 502 Bad Gateway <html>
2026-06-03 19:28:24: <head><title>502 Bad Gateway</title></head>
2026-06-03 19:28:24: <body>
2026-06-03 19:28:24: <center><h1>502 Bad Gateway</h1></center>
2026-06-03 19:28:24: <hr><center>nginx</center>
2026-06-03 19:28:24: </body>
2026-06-03 19:28:24: </html>
2026-06-03 19:29:26: 2026-06-03 19:29:26,736 [ERROR] trader: Tick error: binance GET https://testnet.binance.vision/api/v3/exchangeInfo 502 Bad Gateway <html>
2026-06-03 19:29:26: <head><title>502 Bad Gateway</title></head>
2026-06-03 19:29:26: <body>
2026-06-03 19:29:26: <center><h1>502 Bad Gateway</h1></center>
2026-06-03 19:29:26: <hr><center>nginx</center>
2026-06-03 19:29:26: </body>
2026-06-03 19:29:26: </html>
2026-06-03 19:30:27: 2026-06-03 19:30:27,358 [ERROR] trader: Tick error: binance GET https://testnet.binance.vision/api/v3/exchangeInfo 502 Bad Gateway <html>
2026-06-03 19:30:27: <head><title>502 Bad Gateway</title></head>
2026-06-03 19:30:27: <body>
2026-06-03 19:30:27: <center><h1>502 Bad Gateway</h1></center>
2026-06-03 19:30:27: <hr><center>nginx</center>
2026-06-03 19:30:27: </body>
2026-06-03 19:30:27: </html>
2026-06-03 19:31:28: 2026-06-03 19:31:28,840 [ERROR] trader: Tick error: binance GET https://testnet.binance.vision/api/v3/exchangeInfo 502 Bad Gateway <html>
2026-06-03 19:31:28: <head><title>502 Bad Gateway</title></head>
2026-06-03 19:31:28: <body>
2026-06-03 19:31:28: <center><h1>502 Bad Gateway</h1></center>
2026-06-03 19:31:28: <hr><center>nginx</center>
2026-06-03 19:31:28: </body>
2026-06-03 19:31:28: </html>
2026-06-03 19:32:31: 2026-06-03 19:32:31,003 [ERROR] trader: Tick error: binance GET https://testnet.binance.vision/api/v3/exchangeInfo 502 Bad Gateway <html>
2026-06-03 19:32:31: <head><title>502 Bad Gateway</title></head>
2026-06-03 19:32:31: <body>
2026-06-03 19:32:31: <center><h1>502 Bad Gateway</h1></center>
2026-06-03 19:32:31: <hr><center>nginx</center>
2026-06-03 19:32:31: </body>
2026-06-03 19:32:31: </html>
2026-06-03 19:33:31: 2026-06-03 19:33:31,399 [ERROR] trader: Tick error: binance GET https://testnet.binance.vision/api/v3/exchangeInfo 502 Bad Gateway <html>
2026-06-03 19:33:31: <head><title>502 Bad Gateway</title></head>
2026-06-03 19:33:31: <body>
2026-06-03 19:33:31: <center><h1>502 Bad Gateway</h1></center>
2026-06-03 19:33:31: <hr><center>nginx</center>
2026-06-03 19:33:31: </body>
2026-06-03 19:33:31: </html>
2026-06-03 19:34:31: 2026-06-03 19:34:31,937 [ERROR] trader: Tick error: binance GET https://testnet.binance.vision/api/v3/exchangeInfo 502 Bad Gateway <html>
2026-06-03 19:34:31: <head><title>502 Bad Gateway</title></head>
2026-06-03 19:34:31: <body>
2026-06-03 19:34:31: <center><h1>502 Bad Gateway</h1></center>
2026-06-03 19:34:31: <hr><center>nginx</center>
2026-06-03 19:34:31: </body>
2026-06-03 19:34:31: </html>
2026-06-03 19:35:32: 2026-06-03 19:35:32,375 [ERROR] trader: Tick error: binance GET https://testnet.binance.vision/api/v3/exchangeInfo 502 Bad Gateway <html>
2026-06-03 19:35:32: <head><title>502 Bad Gateway</title></head>
2026-06-03 19:35:32: <body>
2026-06-03 19:35:32: <center><h1>502 Bad Gateway</h1></center>
2026-06-03 19:35:32: <hr><center>nginx</center>
2026-06-03 19:35:32: </body>
2026-06-03 19:35:32: </html>
2026-06-03 19:36:32: 2026-06-03 19:36:32,724 [ERROR] trader: Tick error: binance GET https://testnet.binance.vision/api/v3/exchangeInfo 502 Bad Gateway <html>
2026-06-03 19:36:32: <head><title>502 Bad Gateway</title></head>
2026-06-03 19:36:32: <body>
2026-06-03 19:36:32: <center><h1>502 Bad Gateway</h1></center>
2026-06-03 19:36:32: <hr><center>nginx</center>
2026-06-03 19:36:32: </body>
2026-06-03 19:36:32: </html>
2026-06-03 19:37:33: 2026-06-03 19:37:33,108 [ERROR] trader: Tick error: binance GET https://testnet.binance.vision/api/v3/exchangeInfo 502 Bad Gateway <html>
2026-06-03 19:37:33: <head><title>502 Bad Gateway</title></head>
2026-06-03 19:37:33: <body>
2026-06-03 19:37:33: <center><h1>502 Bad Gateway</h1></center>
2026-06-03 19:37:33: <hr><center>nginx</center>
2026-06-03 19:37:33: </body>
2026-06-03 19:37:33: </html>
2026-06-03 19:38:33: 2026-06-03 19:38:33,468 [ERROR] trader: Tick error: binance GET https://testnet.binance.vision/api/v3/exchangeInfo 502 Bad Gateway <html>
2026-06-03 19:38:33: <head><title>502 Bad Gateway</title></head>
2026-06-03 19:38:33: <body>
2026-06-03 19:38:33: <center><h1>502 Bad Gateway</h1></center>
2026-06-03 19:38:33: <hr><center>nginx</center>
2026-06-03 19:38:33: </body>
2026-06-03 19:38:33: </html>
2026-06-03 19:39:34: 2026-06-03 19:39:34,007 [ERROR] trader: Tick error: binance GET https://testnet.binance.vision/api/v3/exchangeInfo 502 Bad Gateway <html>
2026-06-03 19:39:34: <head><title>502 Bad Gateway</title></head>
2026-06-03 19:39:34: <body>
2026-06-03 19:39:34: <center><h1>502 Bad Gateway</h1></center>
2026-06-03 19:39:34: <hr><center>nginx</center>
2026-06-03 19:39:34: </body>
2026-06-03 19:39:34: </html>
2026-06-03 19:40:34: 2026-06-03 19:40:34,387 [ERROR] trader: Tick error: binance GET https://testnet.binance.vision/api/v3/exchangeInfo 502 Bad Gateway <html>
2026-06-03 19:40:34: <head><title>502 Bad Gateway</title></head>
2026-06-03 19:40:34: <body>
2026-06-03 19:40:34: <center><h1>502 Bad Gateway</h1></center>
2026-06-03 19:40:34: <hr><center>nginx</center>
2026-06-03 19:40:34: </body>
2026-06-03 19:40:34: </html>
2026-06-03 19:41:34: 2026-06-03 19:41:34,721 [ERROR] trader: Tick error: binance GET https://testnet.binance.vision/api/v3/exchangeInfo 502 Bad Gateway <html>
2026-06-03 19:41:34: <head><title>502 Bad Gateway</title></head>
2026-06-03 19:41:34: <body>
2026-06-03 19:41:34: <center><h1>502 Bad Gateway</h1></center>
2026-06-03 19:41:34: <hr><center>nginx</center>
2026-06-03 19:41:34: </body>
2026-06-03 19:41:34: </html>
2026-06-03 19:42:35: 2026-06-03 19:42:35,066 [ERROR] trader: Tick error: binance GET https://testnet.binance.vision/api/v3/exchangeInfo 502 Bad Gateway <html>
2026-06-03 19:42:35: <head><title>502 Bad Gateway</title></head>
2026-06-03 19:42:35: <body>
2026-06-03 19:42:35: <center><h1>502 Bad Gateway</h1></center>
2026-06-03 19:42:35: <hr><center>nginx</center>
2026-06-03 19:42:35: </body>
2026-06-03 19:42:35: </html>
2026-06-03 19:43:35: 2026-06-03 19:43:35,403 [ERROR] trader: Tick error: binance GET https://testnet.binance.vision/api/v3/exchangeInfo 502 Bad Gateway <html>
2026-06-03 19:43:35: <head><title>502 Bad Gateway</title></head>
2026-06-03 19:43:35: <body>
2026-06-03 19:43:35: <center><h1>502 Bad Gateway</h1></center>
2026-06-03 19:43:35: <hr><center>nginx</center>
2026-06-03 19:43:35: </body>
2026-06-03 19:43:35: </html>
2026-06-03 19:44:35: 2026-06-03 19:44:35,758 [ERROR] trader: Tick error: binance GET https://testnet.binance.vision/api/v3/exchangeInfo 502 Bad Gateway <html>
2026-06-03 19:44:35: <head><title>502 Bad Gateway</title></head>
2026-06-03 19:44:35: <body>
2026-06-03 19:44:35: <center><h1>502 Bad Gateway</h1></center>
2026-06-03 19:44:35: <hr><center>nginx</center>
2026-06-03 19:44:35: </body>
2026-06-03 19:44:35: </html>
2026-06-03 19:45:36: 2026-06-03 19:45:36,057 [ERROR] trader: Tick error: binance GET https://testnet.binance.vision/api/v3/exchangeInfo 502 Bad Gateway <html>
2026-06-03 19:45:36: <head><title>502 Bad Gateway</title></head>
2026-06-03 19:45:36: <body>
2026-06-03 19:45:36: <center><h1>502 Bad Gateway</h1></center>
2026-06-03 19:45:36: <hr><center>nginx</center>
2026-06-03 19:45:36: </body>
2026-06-03 19:45:36: </html>
2026-06-03 19:46:36: 2026-06-03 19:46:36,635 [ERROR] trader: Tick error: binance GET https://testnet.binance.vision/api/v3/exchangeInfo 502 Bad Gateway <html>
2026-06-03 19:46:36: <head><title>502 Bad Gateway</title></head>
2026-06-03 19:46:36: <body>
2026-06-03 19:46:36: <center><h1>502 Bad Gateway</h1></center>
2026-06-03 19:46:36: <hr><center>nginx</center>
2026-06-03 19:46:36: </body>
2026-06-03 19:46:36: </html>
2026-06-03 19:47:36: 2026-06-03 19:47:36,983 [ERROR] trader: Tick error: binance GET https://testnet.binance.vision/api/v3/exchangeInfo 502 Bad Gateway <html>
2026-06-03 19:47:36: <head><title>502 Bad Gateway</title></head>
2026-06-03 19:47:36: <body>
2026-06-03 19:47:36: <center><h1>502 Bad Gateway</h1></center>
2026-06-03 19:47:36: <hr><center>nginx</center>
2026-06-03 19:47:36: </body>
2026-06-03 19:47:36: </html>
2026-06-03 19:48:37: 2026-06-03 19:48:37,495 [ERROR] trader: Tick error: binance GET https://testnet.binance.vision/api/v3/exchangeInfo 502 Bad Gateway <html>
2026-06-03 19:48:37: <head><title>502 Bad Gateway</title></head>
2026-06-03 19:48:37: <body>
2026-06-03 19:48:37: <center><h1>502 Bad Gateway</h1></center>
2026-06-03 19:48:37: <hr><center>nginx</center>
2026-06-03 19:48:37: </body>
2026-06-03 19:48:37: </html>
2026-06-03 19:49:37: 2026-06-03 19:49:37,750 [ERROR] trader: Tick error: binance GET https://testnet.binance.vision/api/v3/exchangeInfo 502 Bad Gateway <html>
2026-06-03 19:49:37: <head><title>502 Bad Gateway</title></head>
2026-06-03 19:49:37: <body>
2026-06-03 19:49:37: <center><h1>502 Bad Gateway</h1></center>
2026-06-03 19:49:37: <hr><center>nginx</center>
2026-06-03 19:49:37: </body>
2026-06-03 19:49:37: </html>
2026-06-03 19:50:38: 2026-06-03 19:50:38,542 [ERROR] trader: Tick error: binance GET https://testnet.binance.vision/api/v3/exchangeInfo 502 Bad Gateway <html>
2026-06-03 19:50:38: <head><title>502 Bad Gateway</title></head>
2026-06-03 19:50:38: <body>
2026-06-03 19:50:38: <center><h1>502 Bad Gateway</h1></center>
2026-06-03 19:50:38: <hr><center>nginx</center>
2026-06-03 19:50:38: </body>
2026-06-03 19:50:38: </html>
2026-06-03 19:51:40: 2026-06-03 19:51:40,158 [ERROR] trader: Tick error: binance GET https://testnet.binance.vision/api/v3/exchangeInfo 502 Bad Gateway <html>
2026-06-03 19:51:40: <head><title>502 Bad Gateway</title></head>
2026-06-03 19:51:40: <body>
2026-06-03 19:51:40: <center><h1>502 Bad Gateway</h1></center>
2026-06-03 19:51:40: <hr><center>nginx</center>
2026-06-03 19:51:40: </body>
2026-06-03 19:51:40: </html>
2026-06-03 19:52:40: 2026-06-03 19:52:40,603 [ERROR] trader: Tick error: binance GET https://testnet.binance.vision/api/v3/exchangeInfo 502 Bad Gateway <html>
2026-06-03 19:52:40: <head><title>502 Bad Gateway</title></head>
2026-06-03 19:52:40: <body>
2026-06-03 19:52:40: <center><h1>502 Bad Gateway</h1></center>
2026-06-03 19:52:40: <hr><center>nginx</center>
2026-06-03 19:52:40: </body>
2026-06-03 19:52:40: </html>
2026-06-03 19:53:40: 2026-06-03 19:53:40,919 [ERROR] trader: Tick error: binance GET https://testnet.binance.vision/api/v3/exchangeInfo 502 Bad Gateway <html>
2026-06-03 19:53:40: <head><title>502 Bad Gateway</title></head>
2026-06-03 19:53:40: <body>
2026-06-03 19:53:40: <center><h1>502 Bad Gateway</h1></center>
2026-06-03 19:53:40: <hr><center>nginx</center>
2026-06-03 19:53:40: </body>
2026-06-03 19:53:40: </html>
2026-06-03 19:54:41: 2026-06-03 19:54:41,280 [ERROR] trader: Tick error: binance GET https://testnet.binance.vision/api/v3/exchangeInfo 502 Bad Gateway <html>
2026-06-03 19:54:41: <head><title>502 Bad Gateway</title></head>
2026-06-03 19:54:41: <body>
2026-06-03 19:54:41: <center><h1>502 Bad Gateway</h1></center>
2026-06-03 19:54:41: <hr><center>nginx</center>
2026-06-03 19:54:41: </body>
2026-06-03 19:54:41: </html>
2026-06-03 19:55:42: 2026-06-03 19:55:42,046 [ERROR] trader: Tick error: binance GET https://testnet.binance.vision/api/v3/exchangeInfo 502 Bad Gateway <html>
2026-06-03 19:55:42: <head><title>502 Bad Gateway</title></head>
2026-06-03 19:55:42: <body>
2026-06-03 19:55:42: <center><h1>502 Bad Gateway</h1></center>
2026-06-03 19:55:42: <hr><center>nginx</center>
2026-06-03 19:55:42: </body>
2026-06-03 19:55:42: </html>
2026-06-03 19:56:45: 2026-06-03 19:56:45,994 [ERROR] trader: Tick error: binance GET https://testnet.binance.vision/api/v3/exchangeInfo 502 Bad Gateway <html>
2026-06-03 19:56:45: <head><title>502 Bad Gateway</title></head>
2026-06-03 19:56:45: <body>
2026-06-03 19:56:45: <center><h1>502 Bad Gateway</h1></center>
2026-06-03 19:56:45: <hr><center>nginx</center>
2026-06-03 19:56:45: </body>
2026-06-03 19:56:45: </html>
2026-06-03 19:57:48: 2026-06-03 19:57:48,338 [ERROR] trader: Tick error: binance GET https://testnet.binance.vision/api/v3/exchangeInfo 502 Bad Gateway <html>
2026-06-03 19:57:48: <head><title>502 Bad Gateway</title></head>
2026-06-03 19:57:48: <body>
2026-06-03 19:57:48: <center><h1>502 Bad Gateway</h1></center>
2026-06-03 19:57:48: <hr><center>nginx</center>
2026-06-03 19:57:48: </body>
2026-06-03 19:57:48: </html>
2026-06-03 19:58:49: 2026-06-03 19:58:49,996 [ERROR] trader: Tick error: binance GET https://testnet.binance.vision/api/v3/exchangeInfo 502 Bad Gateway <html>
2026-06-03 19:58:49: <head><title>502 Bad Gateway</title></head>
2026-06-03 19:58:49: <body>
2026-06-03 19:58:49: <center><h1>502 Bad Gateway</h1></center>
2026-06-03 19:58:49: <hr><center>nginx</center>
2026-06-03 19:58:49: </body>
2026-06-03 19:58:49: </html>
2026-06-03 19:59:54: 2026-06-03 19:59:54,120 [ERROR] trader: Tick error: binance GET https://testnet.binance.vision/api/v3/exchangeInfo 502 Bad Gateway <html>
2026-06-03 19:59:54: <head><title>502 Bad Gateway</title></head>
2026-06-03 19:59:54: <body>
2026-06-03 19:59:54: <center><h1>502 Bad Gateway</h1></center>
2026-06-03 19:59:54: <hr><center>nginx</center>
2026-06-03 19:59:54: </body>
2026-06-03 19:59:54: </html>
2026-06-03 20:00:56: 2026-06-03 20:00:56,379 [ERROR] trader: Tick error: binance GET https://testnet.binance.vision/api/v3/exchangeInfo 502 Bad Gateway <html>
2026-06-03 20:00:56: <head><title>502 Bad Gateway</title></head>
2026-06-03 20:00:56: <body>
2026-06-03 20:00:56: <center><h1>502 Bad Gateway</h1></center>
2026-06-03 20:00:56: <hr><center>nginx</center>
2026-06-03 20:00:56: </body>
2026-06-03 20:00:56: </html>
2026-06-03 20:01:58: 2026-06-03 20:01:58,077 [ERROR] trader: Tick error: binance GET https://testnet.binance.vision/api/v3/exchangeInfo 502 Bad Gateway <html>
2026-06-03 20:01:58: <head><title>502 Bad Gateway</title></head>
2026-06-03 20:01:58: <body>
2026-06-03 20:01:58: <center><h1>502 Bad Gateway</h1></center>
2026-06-03 20:01:58: <hr><center>nginx</center>
2026-06-03 20:01:58: </body>
2026-06-03 20:01:58: </html>
2026-06-03 20:02:58: 2026-06-03 20:02:58,339 [ERROR] trader: Tick error: binance GET https://testnet.binance.vision/api/v3/exchangeInfo 502 Bad Gateway <html>
2026-06-03 20:02:58: <head><title>502 Bad Gateway</title></head>
2026-06-03 20:02:58: <body>
2026-06-03 20:02:58: <center><h1>502 Bad Gateway</h1></center>
2026-06-03 20:02:58: <hr><center>nginx</center>
2026-06-03 20:02:58: </body>
2026-06-03 20:02:58: </html>
2026-06-03 20:03:58: 2026-06-03 20:03:58,743 [ERROR] trader: Tick error: binance GET https://testnet.binance.vision/api/v3/exchangeInfo 502 Bad Gateway <html>
2026-06-03 20:03:58: <head><title>502 Bad Gateway</title></head>
2026-06-03 20:03:58: <body>
2026-06-03 20:03:58: <center><h1>502 Bad Gateway</h1></center>
2026-06-03 20:03:58: <hr><center>nginx</center>
2026-06-03 20:03:58: </body>
2026-06-03 20:03:58: </html>
2026-06-03 20:04:59: 2026-06-03 20:04:59,163 [ERROR] trader: Tick error: binance GET https://testnet.binance.vision/api/v3/exchangeInfo 502 Bad Gateway <html>
2026-06-03 20:04:59: <head><title>502 Bad Gateway</title></head>
2026-06-03 20:04:59: <body>
2026-06-03 20:04:59: <center><h1>502 Bad Gateway</h1></center>
2026-06-03 20:04:59: <hr><center>nginx</center>
2026-06-03 20:04:59: </body>
2026-06-03 20:04:59: </html>
2026-06-03 20:05:59: 2026-06-03 20:05:59,623 [ERROR] trader: Tick error: binance GET https://testnet.binance.vision/api/v3/exchangeInfo 502 Bad Gateway <html>
2026-06-03 20:05:59: <head><title>502 Bad Gateway</title></head>
2026-06-03 20:05:59: <body>
2026-06-03 20:05:59: <center><h1>502 Bad Gateway</h1></center>
2026-06-03 20:05:59: <hr><center>nginx</center>
2026-06-03 20:05:59: </body>
2026-06-03 20:05:59: </html>
2026-06-03 20:07:00: 2026-06-03 20:07:00,190 [ERROR] trader: Tick error: binance GET https://testnet.binance.vision/api/v3/exchangeInfo 502 Bad Gateway <html>
2026-06-03 20:07:00: <head><title>502 Bad Gateway</title></head>
2026-06-03 20:07:00: <body>
2026-06-03 20:07:00: <center><h1>502 Bad Gateway</h1></center>
2026-06-03 20:07:00: <hr><center>nginx</center>
2026-06-03 20:07:00: </body>
2026-06-03 20:07:00: </html>
2026-06-03 20:08:01: 2026-06-03 20:08:01,300 [ERROR] trader: Tick error: binance GET https://testnet.binance.vision/api/v3/exchangeInfo 502 Bad Gateway <html>
2026-06-03 20:08:01: <head><title>502 Bad Gateway</title></head>
2026-06-03 20:08:01: <body>
2026-06-03 20:08:01: <center><h1>502 Bad Gateway</h1></center>
2026-06-03 20:08:01: <hr><center>nginx</center>
2026-06-03 20:08:01: </body>
2026-06-03 20:08:01: </html>
2026-06-03 20:09:08: 2026-06-03 20:09:08,416 [ERROR] trader: Tick error: binance GET https://testnet.binance.vision/api/v3/exchangeInfo 502 Bad Gateway <html>
2026-06-03 20:09:08: <head><title>502 Bad Gateway</title></head>
2026-06-03 20:09:08: <body>
2026-06-03 20:09:08: <center><h1>502 Bad Gateway</h1></center>
2026-06-03 20:09:08: <hr><center>nginx</center>
2026-06-03 20:09:08: </body>
2026-06-03 20:09:08: </html>
2026-06-03 20:10:10: 2026-06-03 20:10:10,466 [ERROR] trader: Tick error: binance GET https://testnet.binance.vision/api/v3/exchangeInfo 502 Bad Gateway <html>
2026-06-03 20:10:10: <head><title>502 Bad Gateway</title></head>
2026-06-03 20:10:10: <body>
2026-06-03 20:10:10: <center><h1>502 Bad Gateway</h1></center>
2026-06-03 20:10:10: <hr><center>nginx</center>
2026-06-03 20:10:10: </body>
2026-06-03 20:10:10: </html>
2026-06-03 20:11:11: 2026-06-03 20:11:11,595 [ERROR] trader: Tick error: binance GET https://testnet.binance.vision/api/v3/exchangeInfo 502 Bad Gateway <html>
2026-06-03 20:11:11: <head><title>502 Bad Gateway</title></head>
2026-06-03 20:11:11: <body>
2026-06-03 20:11:11: <center><h1>502 Bad Gateway</h1></center>
2026-06-03 20:11:11: <hr><center>nginx</center>
2026-06-03 20:11:11: </body>
2026-06-03 20:11:11: </html>
2026-06-03 20:12:14: 2026-06-03 20:12:14,430 [ERROR] trader: Tick error: binance GET https://testnet.binance.vision/api/v3/exchangeInfo 502 Bad Gateway <html>
2026-06-03 20:12:14: <head><title>502 Bad Gateway</title></head>
2026-06-03 20:12:14: <body>
2026-06-03 20:12:14: <center><h1>502 Bad Gateway</h1></center>
2026-06-03 20:12:14: <hr><center>nginx</center>
2026-06-03 20:12:14: </body>
2026-06-03 20:12:14: </html>
2026-06-03 20:13:16: 2026-06-03 20:13:16,222 [ERROR] trader: Tick error: binance GET https://testnet.binance.vision/api/v3/exchangeInfo 502 Bad Gateway <html>
2026-06-03 20:13:16: <head><title>502 Bad Gateway</title></head>
2026-06-03 20:13:16: <body>
2026-06-03 20:13:16: <center><h1>502 Bad Gateway</h1></center>
2026-06-03 20:13:16: <hr><center>nginx</center>
2026-06-03 20:13:16: </body>
2026-06-03 20:13:16: </html>
2026-06-03 20:14:18: 2026-06-03 20:14:18,401 [ERROR] trader: Tick error: binance GET https://testnet.binance.vision/api/v3/exchangeInfo 502 Bad Gateway <html>
2026-06-03 20:14:18: <head><title>502 Bad Gateway</title></head>
2026-06-03 20:14:18: <body>
2026-06-03 20:14:18: <center><h1>502 Bad Gateway</h1></center>
2026-06-03 20:14:18: <hr><center>nginx</center>
2026-06-03 20:14:18: </body>
2026-06-03 20:14:18: </html>
2026-06-03 20:15:20: 2026-06-03 20:15:20,186 [ERROR] trader: Tick error: binance GET https://testnet.binance.vision/api/v3/exchangeInfo 502 Bad Gateway <html>
2026-06-03 20:15:20: <head><title>502 Bad Gateway</title></head>
2026-06-03 20:15:20: <body>
2026-06-03 20:15:20: <center><h1>502 Bad Gateway</h1></center>
2026-06-03 20:15:20: <hr><center>nginx</center>
2026-06-03 20:15:20: </body>
2026-06-03 20:15:20: </html>
2026-06-03 20:16:31: 2026-06-03 20:16:31,295 [ERROR] trader: Tick error: binance GET https://testnet.binance.vision/api/v3/exchangeInfo 502 Bad Gateway <html>
2026-06-03 20:16:31: <head><title>502 Bad Gateway</title></head>
2026-06-03 20:16:31: <body>
2026-06-03 20:16:31: <center><h1>502 Bad Gateway</h1></center>
2026-06-03 20:16:31: <hr><center>nginx</center>
2026-06-03 20:16:31: </body>
2026-06-03 20:16:31: </html>
2026-06-03 20:17:34: 2026-06-03 20:17:34,169 [ERROR] trader: Tick error: binance GET https://testnet.binance.vision/api/v3/exchangeInfo 502 Bad Gateway <html>
2026-06-03 20:17:34: <head><title>502 Bad Gateway</title></head>
2026-06-03 20:17:34: <body>
2026-06-03 20:17:34: <center><h1>502 Bad Gateway</h1></center>
2026-06-03 20:17:34: <hr><center>nginx</center>
2026-06-03 20:17:34: </body>
2026-06-03 20:17:34: </html>
2026-06-03 20:18:42: 2026-06-03 20:18:42,223 [ERROR] trader: Tick error: binance GET https://testnet.binance.vision/api/v3/exchangeInfo
2026-06-03 20:19:43: 2026-06-03 20:19:43,517 [ERROR] trader: Tick error: binance GET https://testnet.binance.vision/api/v3/exchangeInfo 502 Bad Gateway <html>
2026-06-03 20:19:43: <head><title>502 Bad Gateway</title></head>
2026-06-03 20:19:43: <body>
2026-06-03 20:19:43: <center><h1>502 Bad Gateway</h1></center>
2026-06-03 20:19:43: <hr><center>nginx</center>
2026-06-03 20:19:43: </body>
2026-06-03 20:19:43: </html>
2026-06-03 20:20:43: 2026-06-03 20:20:43,909 [ERROR] trader: Tick error: binance GET https://testnet.binance.vision/api/v3/exchangeInfo 502 Bad Gateway <html>
2026-06-03 20:20:43: <head><title>502 Bad Gateway</title></head>
2026-06-03 20:20:43: <body>
2026-06-03 20:20:43: <center><h1>502 Bad Gateway</h1></center>
2026-06-03 20:20:43: <hr><center>nginx</center>
2026-06-03 20:20:43: </body>
2026-06-03 20:20:43: </html>
2026-06-03 20:21:44: 2026-06-03 20:21:44,665 [ERROR] trader: Tick error: binance GET https://testnet.binance.vision/api/v3/exchangeInfo 502 Bad Gateway <html>
2026-06-03 20:21:44: <head><title>502 Bad Gateway</title></head>
2026-06-03 20:21:44: <body>
2026-06-03 20:21:44: <center><h1>502 Bad Gateway</h1></center>
2026-06-03 20:21:44: <hr><center>nginx</center>
2026-06-03 20:21:44: </body>
2026-06-03 20:21:44: </html>
2026-06-03 20:22:45: 2026-06-03 20:22:45,059 [ERROR] trader: Tick error: binance GET https://testnet.binance.vision/api/v3/exchangeInfo 502 Bad Gateway <html>
2026-06-03 20:22:45: <head><title>502 Bad Gateway</title></head>
2026-06-03 20:22:45: <body>
2026-06-03 20:22:45: <center><h1>502 Bad Gateway</h1></center>
2026-06-03 20:22:45: <hr><center>nginx</center>
2026-06-03 20:22:45: </body>
2026-06-03 20:22:45: </html>
2026-06-03 20:23:45: 2026-06-03 20:23:45,449 [ERROR] trader: Tick error: binance GET https://testnet.binance.vision/api/v3/exchangeInfo 502 Bad Gateway <html>
2026-06-03 20:23:45: <head><title>502 Bad Gateway</title></head>
2026-06-03 20:23:45: <body>
2026-06-03 20:23:45: <center><h1>502 Bad Gateway</h1></center>
2026-06-03 20:23:45: <hr><center>nginx</center>
2026-06-03 20:23:45: </body>
2026-06-03 20:23:45: </html>
2026-06-03 20:24:45: 2026-06-03 20:24:45,799 [ERROR] trader: Tick error: binance GET https://testnet.binance.vision/api/v3/exchangeInfo 502 Bad Gateway <html>
2026-06-03 20:24:45: <head><title>502 Bad Gateway</title></head>
2026-06-03 20:24:45: <body>
2026-06-03 20:24:45: <center><h1>502 Bad Gateway</h1></center>
2026-06-03 20:24:45: <hr><center>nginx</center>
2026-06-03 20:24:45: </body>
2026-06-03 20:24:45: </html>
2026-06-03 20:25:46: 2026-06-03 20:25:46,589 [ERROR] trader: Tick error: binance GET https://testnet.binance.vision/api/v3/exchangeInfo 502 Bad Gateway <html>
2026-06-03 20:25:46: <head><title>502 Bad Gateway</title></head>
2026-06-03 20:25:46: <body>
2026-06-03 20:25:46: <center><h1>502 Bad Gateway</h1></center>
2026-06-03 20:25:46: <hr><center>nginx</center>
2026-06-03 20:25:46: </body>
2026-06-03 20:25:46: </html>
2026-06-03 20:26:47: 2026-06-03 20:26:47,011 [ERROR] trader: Tick error: binance GET https://testnet.binance.vision/api/v3/exchangeInfo 502 Bad Gateway <html>
2026-06-03 20:26:47: <head><title>502 Bad Gateway</title></head>
2026-06-03 20:26:47: <body>
2026-06-03 20:26:47: <center><h1>502 Bad Gateway</h1></center>
2026-06-03 20:26:47: <hr><center>nginx</center>
2026-06-03 20:26:47: </body>
2026-06-03 20:26:47: </html>
2026-06-03 20:27:47: 2026-06-03 20:27:47,165 [ERROR] trader: Tick error: binance GET https://testnet.binance.vision/api/v3/exchangeInfo 502 Bad Gateway <html>
2026-06-03 20:27:47: <head><title>502 Bad Gateway</title></head>
2026-06-03 20:27:47: <body>
2026-06-03 20:27:47: <center><h1>502 Bad Gateway</h1></center>
2026-06-03 20:27:47: <hr><center>nginx</center>
2026-06-03 20:27:47: </body>
2026-06-03 20:27:47: </html>
2026-06-03 20:28:47: 2026-06-03 20:28:47,835 [ERROR] trader: Tick error: binance GET https://testnet.binance.vision/api/v3/exchangeInfo 502 Bad Gateway <html>
2026-06-03 20:28:47: <head><title>502 Bad Gateway</title></head>
2026-06-03 20:28:47: <body>
2026-06-03 20:28:47: <center><h1>502 Bad Gateway</h1></center>
2026-06-03 20:28:47: <hr><center>nginx</center>
2026-06-03 20:28:47: </body>
2026-06-03 20:28:47: </html>
2026-06-03 20:29:48: 2026-06-03 20:29:48,858 [ERROR] trader: Tick error: binance GET https://testnet.binance.vision/api/v3/exchangeInfo 502 Bad Gateway <html>
2026-06-03 20:29:48: <head><title>502 Bad Gateway</title></head>
2026-06-03 20:29:48: <body>
2026-06-03 20:29:48: <center><h1>502 Bad Gateway</h1></center>
2026-06-03 20:29:48: <hr><center>nginx</center>
2026-06-03 20:29:48: </body>
2026-06-03 20:29:48: </html>
2026-06-03 20:30:49: 2026-06-03 20:30:49,745 [ERROR] trader: Tick error: binance GET https://testnet.binance.vision/api/v3/exchangeInfo 502 Bad Gateway <html>
2026-06-03 20:30:49: <head><title>502 Bad Gateway</title></head>
2026-06-03 20:30:49: <body>
2026-06-03 20:30:49: <center><h1>502 Bad Gateway</h1></center>
2026-06-03 20:30:49: <hr><center>nginx</center>
2026-06-03 20:30:49: </body>
2026-06-03 20:30:49: </html>
2026-06-03 20:31:51: 2026-06-03 20:31:51,595 [ERROR] trader: Tick error: binance GET https://testnet.binance.vision/api/v3/exchangeInfo 502 Bad Gateway <html>
2026-06-03 20:31:51: <head><title>502 Bad Gateway</title></head>
2026-06-03 20:31:51: <body>
2026-06-03 20:31:51: <center><h1>502 Bad Gateway</h1></center>
2026-06-03 20:31:51: <hr><center>nginx</center>
2026-06-03 20:31:51: </body>
2026-06-03 20:31:51: </html>
2026-06-03 20:33:00: 2026-06-03 20:33:00,149 [ERROR] trader: Tick error: binance GET https://testnet.binance.vision/api/v3/exchangeInfo 502 Bad Gateway <html>
2026-06-03 20:33:00: <head><title>502 Bad Gateway</title></head>
2026-06-03 20:33:00: <body>
2026-06-03 20:33:00: <center><h1>502 Bad Gateway</h1></center>
2026-06-03 20:33:00: <hr><center>nginx</center>
2026-06-03 20:33:00: </body>
2026-06-03 20:33:00: </html>
2026-06-03 20:34:07: 2026-06-03 20:34:07,150 [ERROR] trader: Tick error: binance GET https://testnet.binance.vision/api/v3/exchangeInfo 502 Bad Gateway <html>
2026-06-03 20:34:07: <head><title>502 Bad Gateway</title></head>
2026-06-03 20:34:07: <body>
2026-06-03 20:34:07: <center><h1>502 Bad Gateway</h1></center>
2026-06-03 20:34:07: <hr><center>nginx</center>
2026-06-03 20:34:07: </body>
2026-06-03 20:34:07: </html>
2026-06-03 20:35:09: 2026-06-03 20:35:09,576 [ERROR] trader: Tick error: binance GET https://testnet.binance.vision/api/v3/exchangeInfo 502 Bad Gateway <html>
2026-06-03 20:35:09: <head><title>502 Bad Gateway</title></head>
2026-06-03 20:35:09: <body>
2026-06-03 20:35:09: <center><h1>502 Bad Gateway</h1></center>
2026-06-03 20:35:09: <hr><center>nginx</center>
2026-06-03 20:35:09: </body>
2026-06-03 20:35:09: </html>
2026-06-03 20:36:11: 2026-06-03 20:36:11,205 [ERROR] trader: Tick error: binance GET https://testnet.binance.vision/api/v3/exchangeInfo 502 Bad Gateway <html>
2026-06-03 20:36:11: <head><title>502 Bad Gateway</title></head>
2026-06-03 20:36:11: <body>
2026-06-03 20:36:11: <center><h1>502 Bad Gateway</h1></center>
2026-06-03 20:36:11: <hr><center>nginx</center>
2026-06-03 20:36:11: </body>
2026-06-03 20:36:11: </html>
2026-06-03 20:37:14: 2026-06-03 20:37:14,395 [ERROR] trader: Tick error: binance GET https://testnet.binance.vision/api/v3/exchangeInfo 502 Bad Gateway <html>
2026-06-03 20:37:14: <head><title>502 Bad Gateway</title></head>
2026-06-03 20:37:14: <body>
2026-06-03 20:37:14: <center><h1>502 Bad Gateway</h1></center>
2026-06-03 20:37:14: <hr><center>nginx</center>
2026-06-03 20:37:14: </body>
2026-06-03 20:37:14: </html>
2026-06-03 20:38:16: 2026-06-03 20:38:16,101 [ERROR] trader: Tick error: binance GET https://testnet.binance.vision/api/v3/exchangeInfo 502 Bad Gateway <html>
2026-06-03 20:38:16: <head><title>502 Bad Gateway</title></head>
2026-06-03 20:38:16: <body>
2026-06-03 20:38:16: <center><h1>502 Bad Gateway</h1></center>
2026-06-03 20:38:16: <hr><center>nginx</center>
2026-06-03 20:38:16: </body>
2026-06-03 20:38:16: </html>
2026-06-03 20:39:18: 2026-06-03 20:39:18,322 [ERROR] trader: Tick error: binance GET https://testnet.binance.vision/api/v3/exchangeInfo 502 Bad Gateway <html>
2026-06-03 20:39:18: <head><title>502 Bad Gateway</title></head>
2026-06-03 20:39:18: <body>
2026-06-03 20:39:18: <center><h1>502 Bad Gateway</h1></center>
2026-06-03 20:39:18: <hr><center>nginx</center>
2026-06-03 20:39:18: </body>
2026-06-03 20:39:18: </html>
2026-06-03 20:40:19: 2026-06-03 20:40:19,478 [ERROR] trader: Tick error: binance GET https://testnet.binance.vision/api/v3/exchangeInfo 502 Bad Gateway <html>
2026-06-03 20:40:19: <head><title>502 Bad Gateway</title></head>
2026-06-03 20:40:19: <body>
2026-06-03 20:40:19: <center><h1>502 Bad Gateway</h1></center>
2026-06-03 20:40:19: <hr><center>nginx</center>
2026-06-03 20:40:19: </body>
2026-06-03 20:40:19: </html>
2026-06-03 20:41:21: 2026-06-03 20:41:21,654 [ERROR] trader: Tick error: binance GET https://testnet.binance.vision/api/v3/exchangeInfo 502 Bad Gateway <html>
2026-06-03 20:41:21: <head><title>502 Bad Gateway</title></head>
2026-06-03 20:41:21: <body>
2026-06-03 20:41:21: <center><h1>502 Bad Gateway</h1></center>
2026-06-03 20:41:21: <hr><center>nginx</center>
2026-06-03 20:41:21: </body>
2026-06-03 20:41:21: </html>
2026-06-03 20:42:23: 2026-06-03 20:42:23,157 [ERROR] trader: Tick error: binance GET https://testnet.binance.vision/api/v3/exchangeInfo 502 Bad Gateway <html>
2026-06-03 20:42:23: <head><title>502 Bad Gateway</title></head>
2026-06-03 20:42:23: <body>
2026-06-03 20:42:23: <center><h1>502 Bad Gateway</h1></center>
2026-06-03 20:42:23: <hr><center>nginx</center>
2026-06-03 20:42:23: </body>
2026-06-03 20:42:23: </html>
2026-06-03 20:43:25: 2026-06-03 20:43:25,323 [ERROR] trader: Tick error: binance GET https://testnet.binance.vision/api/v3/exchangeInfo 502 Bad Gateway <html>
2026-06-03 20:43:25: <head><title>502 Bad Gateway</title></head>
2026-06-03 20:43:25: <body>
2026-06-03 20:43:25: <center><h1>502 Bad Gateway</h1></center>
2026-06-03 20:43:25: <hr><center>nginx</center>
2026-06-03 20:43:25: </body>
2026-06-03 20:43:25: </html>
2026-06-03 20:44:25: 2026-06-03 20:44:25,602 [ERROR] trader: Tick error: binance GET https://testnet.binance.vision/api/v3/exchangeInfo 502 Bad Gateway <html>
2026-06-03 20:44:25: <head><title>502 Bad Gateway</title></head>
2026-06-03 20:44:25: <body>
2026-06-03 20:44:25: <center><h1>502 Bad Gateway</h1></center>
2026-06-03 20:44:25: <hr><center>nginx</center>
2026-06-03 20:44:25: </body>
2026-06-03 20:44:25: </html>
2026-06-03 20:44:33: INFO:     Started server process [22760]
2026-06-03 20:44:33: INFO:     Waiting for application startup.
2026-06-03 20:44:33: 2026-06-03 20:44:33,774 [INFO] trader: Strategy loop started \u2014 EMA 9/21 on BTC/USDT 1h
2026-06-03 20:44:33: INFO:     Application startup complete.
2026-06-03 20:44:33: INFO:     Uvicorn running on http://0.0.0.0:8000 (Press CTRL+C to quit)
2026-06-03 20:44:39: 2026-06-03 20:44:39,735 [ERROR] trader: Tick error: binance GET https://testnet.binance.vision/api/v3/exchangeInfo 502 Bad Gateway <html>
2026-06-03 20:44:39: <head><title>502 Bad Gateway</title></head>
2026-06-03 20:44:39: <body>
2026-06-03 20:44:39: <center><h1>502 Bad Gateway</h1></center>
2026-06-03 20:44:39: <hr><center>nginx</center>
2026-06-03 20:44:39: </body>
2026-06-03 20:44:39: </html>
2026-06-03 20:45:40: 2026-06-03 20:45:40,428 [ERROR] trader: Tick error: binance GET https://testnet.binance.vision/api/v3/exchangeInfo 502 Bad Gateway <html>
2026-06-03 20:45:40: <head><title>502 Bad Gateway</title></head>
2026-06-03 20:45:40: <body>
2026-06-03 20:45:40: <center><h1>502 Bad Gateway</h1></center>
2026-06-03 20:45:40: <hr><center>nginx</center>
2026-06-03 20:45:40: </body>
2026-06-03 20:45:40: </html>
2026-06-03 20:46:40: 2026-06-03 20:46:40,799 [ERROR] trader: Tick error: binance GET https://testnet.binance.vision/api/v3/exchangeInfo 502 Bad Gateway <html>
2026-06-03 20:46:40: <head><title>502 Bad Gateway</title></head>
2026-06-03 20:46:40: <body>
2026-06-03 20:46:40: <center><h1>502 Bad Gateway</h1></center>
2026-06-03 20:46:40: <hr><center>nginx</center>
2026-06-03 20:46:40: </body>
2026-06-03 20:46:40: </html>
2026-06-03 20:47:42: 2026-06-03 20:47:42,668 [ERROR] trader: Tick error: binance GET https://testnet.binance.vision/api/v3/exchangeInfo 502 Bad Gateway <html>
2026-06-03 20:47:42: <head><title>502 Bad Gateway</title></head>
2026-06-03 20:47:42: <body>
2026-06-03 20:47:42: <center><h1>502 Bad Gateway</h1></center>
2026-06-03 20:47:42: <hr><center>nginx</center>
2026-06-03 20:47:42: </body>
2026-06-03 20:47:42: </html>
2026-06-03 20:48:43: 2026-06-03 20:48:43,033 [ERROR] trader: Tick error: binance GET https://testnet.binance.vision/api/v3/exchangeInfo 502 Bad Gateway <html>
2026-06-03 20:48:43: <head><title>502 Bad Gateway</title></head>
2026-06-03 20:48:43: <body>
2026-06-03 20:48:43: <center><h1>502 Bad Gateway</h1></center>
2026-06-03 20:48:43: <hr><center>nginx</center>
2026-06-03 20:48:43: </body>
2026-06-03 20:48:43: </html>
2026-06-03 20:49:43: 2026-06-03 20:49:43,377 [ERROR] trader: Tick error: binance GET https://testnet.binance.vision/api/v3/exchangeInfo 502 Bad Gateway <html>
2026-06-03 20:49:43: <head><title>502 Bad Gateway</title></head>
2026-06-03 20:49:43: <body>
2026-06-03 20:49:43: <center><h1>502 Bad Gateway</h1></center>
2026-06-03 20:49:43: <hr><center>nginx</center>
2026-06-03 20:49:43: </body>
2026-06-03 20:49:43: </html>
2026-06-03 20:50:43: 2026-06-03 20:50:43,971 [ERROR] trader: Tick error: binance GET https://testnet.binance.vision/api/v3/exchangeInfo 502 Bad Gateway <html>
2026-06-03 20:50:43: <head><title>502 Bad Gateway</title></head>
2026-06-03 20:50:43: <body>
2026-06-03 20:50:43: <center><h1>502 Bad Gateway</h1></center>
2026-06-03 20:50:43: <hr><center>nginx</center>
2026-06-03 20:50:43: </body>
2026-06-03 20:50:43: </html>
2026-06-03 20:51:44: 2026-06-03 20:51:44,276 [ERROR] trader: Tick error: binance GET https://testnet.binance.vision/api/v3/exchangeInfo 502 Bad Gateway <html>
2026-06-03 20:51:44: <head><title>502 Bad Gateway</title></head>
2026-06-03 20:51:44: <body>
2026-06-03 20:51:44: <center><h1>502 Bad Gateway</h1></center>
2026-06-03 20:51:44: <hr><center>nginx</center>
2026-06-03 20:51:44: </body>
2026-06-03 20:51:44: </html>
2026-06-03 20:52:44: 2026-06-03 20:52:44,617 [ERROR] trader: Tick error: binance GET https://testnet.binance.vision/api/v3/exchangeInfo 502 Bad Gateway <html>
2026-06-03 20:52:44: <head><title>502 Bad Gateway</title></head>
2026-06-03 20:52:44: <body>
2026-06-03 20:52:44: <center><h1>502 Bad Gateway</h1></center>
2026-06-03 20:52:44: <hr><center>nginx</center>
2026-06-03 20:52:44: </body>
2026-06-03 20:52:44: </html>
2026-06-03 20:53:44: 2026-06-03 20:53:44,957 [ERROR] trader: Tick error: binance GET https://testnet.binance.vision/api/v3/exchangeInfo 502 Bad Gateway <html>
2026-06-03 20:53:44: <head><title>502 Bad Gateway</title></head>
2026-06-03 20:53:44: <body>
2026-06-03 20:53:44: <center><h1>502 Bad Gateway</h1></center>
2026-06-03 20:53:44: <hr><center>nginx</center>
2026-06-03 20:53:44: </body>
2026-06-03 20:53:44: </html>
2026-06-03 20:54:45: 2026-06-03 20:54:45,358 [ERROR] trader: Tick error: binance GET https://testnet.binance.vision/api/v3/exchangeInfo 502 Bad Gateway <html>
2026-06-03 20:54:45: <head><title>502 Bad Gateway</title></head>
2026-06-03 20:54:45: <body>
2026-06-03 20:54:45: <center><h1>502 Bad Gateway</h1></center>
2026-06-03 20:54:45: <hr><center>nginx</center>
2026-06-03 20:54:45: </body>
2026-06-03 20:54:45: </html>
2026-06-03 20:55:45: 2026-06-03 20:55:45,742 [ERROR] trader: Tick error: binance GET https://testnet.binance.vision/api/v3/exchangeInfo 502 Bad Gateway <html>
2026-06-03 20:55:45: <head><title>502 Bad Gateway</title></head>
2026-06-03 20:55:45: <body>
2026-06-03 20:55:45: <center><h1>502 Bad Gateway</h1></center>
2026-06-03 20:55:45: <hr><center>nginx</center>
2026-06-03 20:55:45: </body>
2026-06-03 20:55:45: </html>
2026-06-03 20:56:46: 2026-06-03 20:56:46,027 [ERROR] trader: Tick error: binance GET https://testnet.binance.vision/api/v3/exchangeInfo 502 Bad Gateway <html>
2026-06-03 20:56:46: <head><title>502 Bad Gateway</title></head>
2026-06-03 20:56:46: <body>
2026-06-03 20:56:46: <center><h1>502 Bad Gateway</h1></center>
2026-06-03 20:56:46: <hr><center>nginx</center>
2026-06-03 20:56:46: </body>
2026-06-03 20:56:46: </html>
2026-06-03 20:57:46: 2026-06-03 20:57:46,408 [ERROR] trader: Tick error: binance GET https://testnet.binance.vision/api/v3/exchangeInfo 502 Bad Gateway <html>
2026-06-03 20:57:46: <head><title>502 Bad Gateway</title></head>
2026-06-03 20:57:46: <body>
2026-06-03 20:57:46: <center><h1>502 Bad Gateway</h1></center>
2026-06-03 20:57:46: <hr><center>nginx</center>
2026-06-03 20:57:46: </body>
2026-06-03 20:57:46: </html>
2026-06-03 20:58:46: 2026-06-03 20:58:46,774 [ERROR] trader: Tick error: binance GET https://testnet.binance.vision/api/v3/exchangeInfo 502 Bad Gateway <html>
2026-06-03 20:58:46: <head><title>502 Bad Gateway</title></head>
2026-06-03 20:58:46: <body>
2026-06-03 20:58:46: <center><h1>502 Bad Gateway</h1></center>
2026-06-03 20:58:46: <hr><center>nginx</center>
2026-06-03 20:58:46: </body>
2026-06-03 20:58:46: </html>
2026-06-03 20:59:47: 2026-06-03 20:59:47,049 [ERROR] trader: Tick error: binance GET https://testnet.binance.vision/api/v3/exchangeInfo 502 Bad Gateway <html>
2026-06-03 20:59:47: <head><title>502 Bad Gateway</title></head>
2026-06-03 20:59:47: <body>
2026-06-03 20:59:47: <center><h1>502 Bad Gateway</h1></center>
2026-06-03 20:59:47: <hr><center>nginx</center>
2026-06-03 20:59:47: </body>
2026-06-03 20:59:47: </html>
2026-06-03 21:00:47: 2026-06-03 21:00:47,435 [ERROR] trader: Tick error: binance GET https://testnet.binance.vision/api/v3/exchangeInfo 502 Bad Gateway <html>
2026-06-03 21:00:47: <head><title>502 Bad Gateway</title></head>
2026-06-03 21:00:47: <body>
2026-06-03 21:00:47: <center><h1>502 Bad Gateway</h1></center>
2026-06-03 21:00:47: <hr><center>nginx</center>
2026-06-03 21:00:47: </body>
2026-06-03 21:00:47: </html>
2026-06-03 21:01:47: 2026-06-03 21:01:47,844 [ERROR] trader: Tick error: binance GET https://testnet.binance.vision/api/v3/exchangeInfo 502 Bad Gateway <html>
2026-06-03 21:01:47: <head><title>502 Bad Gateway</title></head>
2026-06-03 21:01:47: <body>
2026-06-03 21:01:47: <center><h1>502 Bad Gateway</h1></center>
2026-06-03 21:01:47: <hr><center>nginx</center>
2026-06-03 21:01:47: </body>
2026-06-03 21:01:47: </html>
2026-06-03 21:02:48: 2026-06-03 21:02:48,338 [ERROR] trader: Tick error: binance GET https://testnet.binance.vision/api/v3/exchangeInfo 502 Bad Gateway <html>
2026-06-03 21:02:48: <head><title>502 Bad Gateway</title></head>
2026-06-03 21:02:48: <body>
2026-06-03 21:02:48: <center><h1>502 Bad Gateway</h1></center>
2026-06-03 21:02:48: <hr><center>nginx</center>
2026-06-03 21:02:48: </body>
2026-06-03 21:02:48: </html>
2026-06-03 21:03:49: 2026-06-03 21:03:49,121 [ERROR] trader: Tick error: binance GET https://testnet.binance.vision/api/v3/exchangeInfo 502 Bad Gateway <html>
2026-06-03 21:03:49: <head><title>502 Bad Gateway</title></head>
2026-06-03 21:03:49: <body>
2026-06-03 21:03:49: <center><h1>502 Bad Gateway</h1></center>
2026-06-03 21:03:49: <hr><center>nginx</center>
2026-06-03 21:03:49: </body>
2026-06-03 21:03:49: </html>
2026-06-03 21:04:49: 2026-06-03 21:04:49,563 [ERROR] trader: Tick error: binance GET https://testnet.binance.vision/api/v3/exchangeInfo 502 Bad Gateway <html>
2026-06-03 21:04:49: <head><title>502 Bad Gateway</title></head>
2026-06-03 21:04:49: <body>
2026-06-03 21:04:49: <center><h1>502 Bad Gateway</h1></center>
2026-06-03 21:04:49: <hr><center>nginx</center>
2026-06-03 21:04:49: </body>
2026-06-03 21:04:49: </html>
2026-06-03 21:05:49: 2026-06-03 21:05:49,894 [ERROR] trader: Tick error: binance GET https://testnet.binance.vision/api/v3/exchangeInfo 502 Bad Gateway <html>
2026-06-03 21:05:49: <head><title>502 Bad Gateway</title></head>
2026-06-03 21:05:49: <body>
2026-06-03 21:05:49: <center><h1>502 Bad Gateway</h1></center>
2026-06-03 21:05:49: <hr><center>nginx</center>
2026-06-03 21:05:49: </body>
2026-06-03 21:05:49: </html>
2026-06-03 21:06:50: 2026-06-03 21:06:50,065 [ERROR] trader: Tick error: binance GET https://testnet.binance.vision/api/v3/exchangeInfo 502 Bad Gateway <html>
2026-06-03 21:06:50: <head><title>502 Bad Gateway</title></head>
2026-06-03 21:06:50: <body>
2026-06-03 21:06:50: <center><h1>502 Bad Gateway</h1></center>
2026-06-03 21:06:50: <hr><center>nginx</center>
2026-06-03 21:06:50: </body>
2026-06-03 21:06:50: </html>
2026-06-03 21:07:50: 2026-06-03 21:07:50,416 [ERROR] trader: Tick error: binance GET https://testnet.binance.vision/api/v3/exchangeInfo 502 Bad Gateway <html>
2026-06-03 21:07:50: <head><title>502 Bad Gateway</title></head>
2026-06-03 21:07:50: <body>
2026-06-03 21:07:50: <center><h1>502 Bad Gateway</h1></center>
2026-06-03 21:07:50: <hr><center>nginx</center>
2026-06-03 21:07:50: </body>
2026-06-03 21:07:50: </html>
2026-06-03 21:08:50: 2026-06-03 21:08:50,791 [ERROR] trader: Tick error: binance GET https://testnet.binance.vision/api/v3/exchangeInfo 502 Bad Gateway <html>
2026-06-03 21:08:50: <head><title>502 Bad Gateway</title></head>
2026-06-03 21:08:50: <body>
2026-06-03 21:08:50: <center><h1>502 Bad Gateway</h1></center>
2026-06-03 21:08:50: <hr><center>nginx</center>
2026-06-03 21:08:50: </body>
2026-06-03 21:08:50: </html>
2026-06-03 21:09:51: 2026-06-03 21:09:51,156 [ERROR] trader: Tick error: binance GET https://testnet.binance.vision/api/v3/exchangeInfo 502 Bad Gateway <html>
2026-06-03 21:09:51: <head><title>502 Bad Gateway</title></head>
2026-06-03 21:09:51: <body>
2026-06-03 21:09:51: <center><h1>502 Bad Gateway</h1></center>
2026-06-03 21:09:51: <hr><center>nginx</center>
2026-06-03 21:09:51: </body>
2026-06-03 21:09:51: </html>
2026-06-03 21:10:51: 2026-06-03 21:10:51,508 [ERROR] trader: Tick error: binance GET https://testnet.binance.vision/api/v3/exchangeInfo 502 Bad Gateway <html>
2026-06-03 21:10:51: <head><title>502 Bad Gateway</title></head>
2026-06-03 21:10:51: <body>
2026-06-03 21:10:51: <center><h1>502 Bad Gateway</h1></center>
2026-06-03 21:10:51: <hr><center>nginx</center>
2026-06-03 21:10:51: </body>
2026-06-03 21:10:51: </html>
2026-06-03 21:11:51: 2026-06-03 21:11:51,840 [ERROR] trader: Tick error: binance GET https://testnet.binance.vision/api/v3/exchangeInfo 502 Bad Gateway <html>
2026-06-03 21:11:51: <head><title>502 Bad Gateway</title></head>
2026-06-03 21:11:51: <body>
2026-06-03 21:11:51: <center><h1>502 Bad Gateway</h1></center>
2026-06-03 21:11:51: <hr><center>nginx</center>
2026-06-03 21:11:51: </body>
2026-06-03 21:11:51: </html>
2026-06-03 21:12:52: 2026-06-03 21:12:52,213 [ERROR] trader: Tick error: binance GET https://testnet.binance.vision/api/v3/exchangeInfo 502 Bad Gateway <html>
2026-06-03 21:12:52: <head><title>502 Bad Gateway</title></head>
2026-06-03 21:12:52: <body>
2026-06-03 21:12:52: <center><h1>502 Bad Gateway</h1></center>
2026-06-03 21:12:52: <hr><center>nginx</center>
2026-06-03 21:12:52: </body>
2026-06-03 21:12:52: </html>
2026-06-03 21:13:52: 2026-06-03 21:13:52,404 [ERROR] trader: Tick error: binance GET https://testnet.binance.vision/api/v3/exchangeInfo 502 Bad Gateway <html>
2026-06-03 21:13:52: <head><title>502 Bad Gateway</title></head>
2026-06-03 21:13:52: <body>
2026-06-03 21:13:52: <center><h1>502 Bad Gateway</h1></center>
2026-06-03 21:13:52: <hr><center>nginx</center>
2026-06-03 21:13:52: </body>
2026-06-03 21:13:52: </html>
2026-06-03 21:14:52: 2026-06-03 21:14:52,730 [ERROR] trader: Tick error: binance GET https://testnet.binance.vision/api/v3/exchangeInfo 502 Bad Gateway <html>
2026-06-03 21:14:52: <head><title>502 Bad Gateway</title></head>
2026-06-03 21:14:52: <body>
2026-06-03 21:14:52: <center><h1>502 Bad Gateway</h1></center>
2026-06-03 21:14:52: <hr><center>nginx</center>
2026-06-03 21:14:52: </body>
2026-06-03 21:14:52: </html>
2026-06-03 21:15:53: 2026-06-03 21:15:53,091 [ERROR] trader: Tick error: binance GET https://testnet.binance.vision/api/v3/exchangeInfo 502 Bad Gateway <html>
2026-06-03 21:15:53: <head><title>502 Bad Gateway</title></head>
2026-06-03 21:15:53: <body>
2026-06-03 21:15:53: <center><h1>502 Bad Gateway</h1></center>
2026-06-03 21:15:53: <hr><center>nginx</center>
2026-06-03 21:15:53: </body>
2026-06-03 21:15:53: </html>
2026-06-03 21:16:53: 2026-06-03 21:16:53,374 [ERROR] trader: Tick error: binance GET https://testnet.binance.vision/api/v3/exchangeInfo 502 Bad Gateway <html>
2026-06-03 21:16:53: <head><title>502 Bad Gateway</title></head>
2026-06-03 21:16:53: <body>
2026-06-03 21:16:53: <center><h1>502 Bad Gateway</h1></center>
2026-06-03 21:16:53: <hr><center>nginx</center>
2026-06-03 21:16:53: </body>
2026-06-03 21:16:53: </html>
2026-06-03 21:17:54: 2026-06-03 21:17:54,012 [ERROR] trader: Tick error: binance GET https://testnet.binance.vision/api/v3/exchangeInfo 502 Bad Gateway <html>
2026-06-03 21:17:54: <head><title>502 Bad Gateway</title></head>
2026-06-03 21:17:54: <body>
2026-06-03 21:17:54: <center><h1>502 Bad Gateway</h1></center>
2026-06-03 21:17:54: <hr><center>nginx</center>
2026-06-03 21:17:54: </body>
2026-06-03 21:17:54: </html>
2026-06-03 21:18:54: 2026-06-03 21:18:54,228 [ERROR] trader: Tick error: binance GET https://testnet.binance.vision/api/v3/exchangeInfo 502 Bad Gateway <html>
2026-06-03 21:18:54: <head><title>502 Bad Gateway</title></head>
2026-06-03 21:18:54: <body>
2026-06-03 21:18:54: <center><h1>502 Bad Gateway</h1></center>
2026-06-03 21:18:54: <hr><center>nginx</center>
2026-06-03 21:18:54: </body>
2026-06-03 21:18:54: </html>
2026-06-03 21:19:54: 2026-06-03 21:19:54,595 [ERROR] trader: Tick error: binance GET https://testnet.binance.vision/api/v3/exchangeInfo 502 Bad Gateway <html>
2026-06-03 21:19:54: <head><title>502 Bad Gateway</title></head>
2026-06-03 21:19:54: <body>
2026-06-03 21:19:54: <center><h1>502 Bad Gateway</h1></center>
2026-06-03 21:19:54: <hr><center>nginx</center>
2026-06-03 21:19:54: </body>
2026-06-03 21:19:54: </html>
2026-06-03 21:20:54: 2026-06-03 21:20:54,842 [ERROR] trader: Tick error: binance GET https://testnet.binance.vision/api/v3/exchangeInfo 502 Bad Gateway <html>
2026-06-03 21:20:54: <head><title>502 Bad Gateway</title></head>
2026-06-03 21:20:54: <body>
2026-06-03 21:20:54: <center><h1>502 Bad Gateway</h1></center>
2026-06-03 21:20:54: <hr><center>nginx</center>
2026-06-03 21:20:54: </body>
2026-06-03 21:20:54: </html>
2026-06-03 21:21:55: 2026-06-03 21:21:55,640 [ERROR] trader: Tick error: binance GET https://testnet.binance.vision/api/v3/exchangeInfo 502 Bad Gateway <html>
2026-06-03 21:21:55: <head><title>502 Bad Gateway</title></head>
2026-06-03 21:21:55: <body>
2026-06-03 21:21:55: <center><h1>502 Bad Gateway</h1></center>
2026-06-03 21:21:55: <hr><center>nginx</center>
2026-06-03 21:21:55: </body>
2026-06-03 21:21:55: </html>
2026-06-03 21:22:55: 2026-06-03 21:22:55,941 [ERROR] trader: Tick error: binance GET https://testnet.binance.vision/api/v3/exchangeInfo 502 Bad Gateway <html>
2026-06-03 21:22:55: <head><title>502 Bad Gateway</title></head>
2026-06-03 21:22:55: <body>
2026-06-03 21:22:55: <center><h1>502 Bad Gateway</h1></center>
2026-06-03 21:22:55: <hr><center>nginx</center>
2026-06-03 21:22:55: </body>
2026-06-03 21:22:55: </html>
2026-06-03 21:23:56: 2026-06-03 21:23:56,247 [ERROR] trader: Tick error: binance GET https://testnet.binance.vision/api/v3/exchangeInfo 502 Bad Gateway <html>
2026-06-03 21:23:56: <head><title>502 Bad Gateway</title></head>
2026-06-03 21:23:56: <body>
2026-06-03 21:23:56: <center><h1>502 Bad Gateway</h1></center>
2026-06-03 21:23:56: <hr><center>nginx</center>
2026-06-03 21:23:56: </body>
2026-06-03 21:23:56: </html>
2026-06-03 21:24:56: 2026-06-03 21:24:56,545 [ERROR] trader: Tick error: binance GET https://testnet.binance.vision/api/v3/exchangeInfo 502 Bad Gateway <html>
2026-06-03 21:24:56: <head><title>502 Bad Gateway</title></head>
2026-06-03 21:24:56: <body>
2026-06-03 21:24:56: <center><h1>502 Bad Gateway</h1></center>
2026-06-03 21:24:56: <hr><center>nginx</center>
2026-06-03 21:24:56: </body>
2026-06-03 21:24:56: </html>
2026-06-03 21:25:56: 2026-06-03 21:25:56,910 [ERROR] trader: Tick error: binance GET https://testnet.binance.vision/api/v3/exchangeInfo 502 Bad Gateway <html>
2026-06-03 21:25:56: <head><title>502 Bad Gateway</title></head>
2026-06-03 21:25:56: <body>
2026-06-03 21:25:56: <center><h1>502 Bad Gateway</h1></center>
2026-06-03 21:25:56: <hr><center>nginx</center>
2026-06-03 21:25:56: </body>
2026-06-03 21:25:56: </html>
2026-06-03 21:26:57: 2026-06-03 21:26:57,488 [ERROR] trader: Tick error: binance GET https://testnet.binance.vision/api/v3/exchangeInfo 502 Bad Gateway <html>
2026-06-03 21:26:57: <head><title>502 Bad Gateway</title></head>
2026-06-03 21:26:57: <body>
2026-06-03 21:26:57: <center><h1>502 Bad Gateway</h1></center>
2026-06-03 21:26:57: <hr><center>nginx</center>
2026-06-03 21:26:57: </body>
2026-06-03 21:26:57: </html>
2026-06-03 21:27:06: INFO:     Started server process [22644]
2026-06-03 21:27:06: INFO:     Waiting for application startup.
2026-06-03 21:27:06: 2026-06-03 21:27:06,024 [INFO] trader: Strategy loop started \u2014 EMA 9/21 on BTC/USDT 1h
2026-06-03 21:27:06: INFO:     Application startup complete.
2026-06-03 21:27:06: INFO:     Uvicorn running on http://0.0.0.0:8000 (Press CTRL+C to quit)
2026-06-03 21:27:09: 2026-06-03 21:27:09,450 [ERROR] trader: Tick error: binance GET https://testnet.binance.vision/api/v3/exchangeInfo 502 Bad Gateway <html>
2026-06-03 21:27:09: <head><title>502 Bad Gateway</title></head>
2026-06-03 21:27:09: <body>
2026-06-03 21:27:09: <center><h1>502 Bad Gateway</h1></center>
2026-06-03 21:27:09: <hr><center>nginx</center>
2026-06-03 21:27:09: </body>
2026-06-03 21:27:09: </html>
2026-06-03 21:28:09: 2026-06-03 21:28:09,772 [ERROR] trader: Tick error: binance GET https://testnet.binance.vision/api/v3/exchangeInfo 502 Bad Gateway <html>
2026-06-03 21:28:09: <head><title>502 Bad Gateway</title></head>
2026-06-03 21:28:09: <body>
2026-06-03 21:28:09: <center><h1>502 Bad Gateway</h1></center>
2026-06-03 21:28:09: <hr><center>nginx</center>
2026-06-03 21:28:09: </body>
2026-06-03 21:28:09: </html>
2026-06-03 21:29:10: 2026-06-03 21:29:10,465 [ERROR] trader: Tick error: binance GET https://testnet.binance.vision/api/v3/exchangeInfo 502 Bad Gateway <html>
2026-06-03 21:29:10: <head><title>502 Bad Gateway</title></head>
2026-06-03 21:29:10: <body>
2026-06-03 21:29:10: <center><h1>502 Bad Gateway</h1></center>
2026-06-03 21:29:10: <hr><center>nginx</center>
2026-06-03 21:29:10: </body>
2026-06-03 21:29:10: </html>
2026-06-03 21:30:10: 2026-06-03 21:30:10,802 [ERROR] trader: Tick error: binance GET https://testnet.binance.vision/api/v3/exchangeInfo 502 Bad Gateway <html>
2026-06-03 21:30:10: <head><title>502 Bad Gateway</title></head>
2026-06-03 21:30:10: <body>
2026-06-03 21:30:10: <center><h1>502 Bad Gateway</h1></center>
2026-06-03 21:30:10: <hr><center>nginx</center>
2026-06-03 21:30:10: </body>
2026-06-03 21:30:10: </html>
2026-06-03 21:31:11: 2026-06-03 21:31:11,159 [ERROR] trader: Tick error: binance GET https://testnet.binance.vision/api/v3/exchangeInfo 502 Bad Gateway <html>
2026-06-03 21:31:11: <head><title>502 Bad Gateway</title></head>
2026-06-03 21:31:11: <body>
2026-06-03 21:31:11: <center><h1>502 Bad Gateway</h1></center>
2026-06-03 21:31:11: <hr><center>nginx</center>
2026-06-03 21:31:11: </body>
2026-06-03 21:31:11: </html>
2026-06-03 21:32:11: 2026-06-03 21:32:11,454 [ERROR] trader: Tick error: binance GET https://testnet.binance.vision/api/v3/exchangeInfo 502 Bad Gateway <html>
2026-06-03 21:32:11: <head><title>502 Bad Gateway</title></head>
2026-06-03 21:32:11: <body>
2026-06-03 21:32:11: <center><h1>502 Bad Gateway</h1></center>
2026-06-03 21:32:11: <hr><center>nginx</center>
2026-06-03 21:32:11: </body>
2026-06-03 21:32:11: </html>
2026-06-03 21:33:11: 2026-06-03 21:33:11,718 [ERROR] trader: Tick error: binance GET https://testnet.binance.vision/api/v3/exchangeInfo 502 Bad Gateway <html>
2026-06-03 21:33:11: <head><title>502 Bad Gateway</title></head>
2026-06-03 21:33:11: <body>
2026-06-03 21:33:11: <center><h1>502 Bad Gateway</h1></center>
2026-06-03 21:33:11: <hr><center>nginx</center>
2026-06-03 21:33:11: </body>
2026-06-03 21:33:11: </html>
2026-06-03 21:34:12: 2026-06-03 21:34:12,034 [ERROR] trader: Tick error: binance GET https://testnet.binance.vision/api/v3/exchangeInfo 502 Bad Gateway <html>
2026-06-03 21:34:12: <head><title>502 Bad Gateway</title></head>
2026-06-03 21:34:12: <body>
2026-06-03 21:34:12: <center><h1>502 Bad Gateway</h1></center>
2026-06-03 21:34:12: <hr><center>nginx</center>
2026-06-03 21:34:12: </body>
2026-06-03 21:34:12: </html>
2026-06-03 21:35:12: 2026-06-03 21:35:12,397 [ERROR] trader: Tick error: binance GET https://testnet.binance.vision/api/v3/exchangeInfo 502 Bad Gateway <html>
2026-06-03 21:35:12: <head><title>502 Bad Gateway</title></head>
2026-06-03 21:35:12: <body>
2026-06-03 21:35:12: <center><h1>502 Bad Gateway</h1></center>
2026-06-03 21:35:12: <hr><center>nginx</center>
2026-06-03 21:35:12: </body>
2026-06-03 21:35:12: </html>
2026-06-03 21:36:12: 2026-06-03 21:36:12,800 [ERROR] trader: Tick error: binance GET https://testnet.binance.vision/api/v3/exchangeInfo 502 Bad Gateway <html>
2026-06-03 21:36:12: <head><title>502 Bad Gateway</title></head>
2026-06-03 21:36:12: <body>
2026-06-03 21:36:12: <center><h1>502 Bad Gateway</h1></center>
2026-06-03 21:36:12: <hr><center>nginx</center>
2026-06-03 21:36:12: </body>
2026-06-03 21:36:12: </html>
2026-06-03 21:37:13: 2026-06-03 21:37:13,148 [ERROR] trader: Tick error: binance GET https://testnet.binance.vision/api/v3/exchangeInfo 502 Bad Gateway <html>
2026-06-03 21:37:13: <head><title>502 Bad Gateway</title></head>
2026-06-03 21:37:13: <body>
2026-06-03 21:37:13: <center><h1>502 Bad Gateway</h1></center>
2026-06-03 21:37:13: <hr><center>nginx</center>
2026-06-03 21:37:13: </body>
2026-06-03 21:37:13: </html>
2026-06-03 21:38:13: 2026-06-03 21:38:13,442 [ERROR] trader: Tick error: binance GET https://testnet.binance.vision/api/v3/exchangeInfo 502 Bad Gateway <html>
2026-06-03 21:38:13: <head><title>502 Bad Gateway</title></head>
2026-06-03 21:38:13: <body>
2026-06-03 21:38:13: <center><h1>502 Bad Gateway</h1></center>
2026-06-03 21:38:13: <hr><center>nginx</center>
2026-06-03 21:38:13: </body>
2026-06-03 21:38:13: </html>
2026-06-03 21:39:13: 2026-06-03 21:39:13,782 [ERROR] trader: Tick error: binance GET https://testnet.binance.vision/api/v3/exchangeInfo 502 Bad Gateway <html>
2026-06-03 21:39:13: <head><title>502 Bad Gateway</title></head>
2026-06-03 21:39:13: <body>
2026-06-03 21:39:13: <center><h1>502 Bad Gateway</h1></center>
2026-06-03 21:39:13: <hr><center>nginx</center>
2026-06-03 21:39:13: </body>
2026-06-03 21:39:13: </html>
2026-06-03 21:40:14: 2026-06-03 21:40:14,077 [ERROR] trader: Tick error: binance GET https://testnet.binance.vision/api/v3/exchangeInfo 502 Bad Gateway <html>
2026-06-03 21:40:14: <head><title>502 Bad Gateway</title></head>
2026-06-03 21:40:14: <body>
2026-06-03 21:40:14: <center><h1>502 Bad Gateway</h1></center>
2026-06-03 21:40:14: <hr><center>nginx</center>
2026-06-03 21:40:14: </body>
2026-06-03 21:40:14: </html>
2026-06-03 21:41:14: 2026-06-03 21:41:14,556 [ERROR] trader: Tick error: binance GET https://testnet.binance.vision/api/v3/exchangeInfo 502 Bad Gateway <html>
2026-06-03 21:41:14: <head><title>502 Bad Gateway</title></head>
2026-06-03 21:41:14: <body>
2026-06-03 21:41:14: <center><h1>502 Bad Gateway</h1></center>
2026-06-03 21:41:14: <hr><center>nginx</center>
2026-06-03 21:41:14: </body>
2026-06-03 21:41:14: </html>
2026-06-03 21:42:15: 2026-06-03 21:42:15,088 [ERROR] trader: Tick error: binance GET https://testnet.binance.vision/api/v3/exchangeInfo 502 Bad Gateway <html>
2026-06-03 21:42:15: <head><title>502 Bad Gateway</title></head>
2026-06-03 21:42:15: <body>
2026-06-03 21:42:15: <center><h1>502 Bad Gateway</h1></center>
2026-06-03 21:42:15: <hr><center>nginx</center>
2026-06-03 21:42:15: </body>
2026-06-03 21:42:15: </html>
2026-06-03 21:43:15: 2026-06-03 21:43:15,375 [ERROR] trader: Tick error: binance GET https://testnet.binance.vision/api/v3/exchangeInfo 502 Bad Gateway <html>
2026-06-03 21:43:15: <head><title>502 Bad Gateway</title></head>
2026-06-03 21:43:15: <body>
2026-06-03 21:43:15: <center><h1>502 Bad Gateway</h1></center>
2026-06-03 21:43:15: <hr><center>nginx</center>
2026-06-03 21:43:15: </body>
2026-06-03 21:43:15: </html>
2026-06-03 21:44:15: 2026-06-03 21:44:15,473 [ERROR] trader: Tick error: binance GET https://testnet.binance.vision/api/v3/exchangeInfo 502 Bad Gateway <html>
2026-06-03 21:44:15: <head><title>502 Bad Gateway</title></head>
2026-06-03 21:44:15: <body>
2026-06-03 21:44:15: <center><h1>502 Bad Gateway</h1></center>
2026-06-03 21:44:15: <hr><center>nginx</center>
2026-06-03 21:44:15: </body>
2026-06-03 21:44:15: </html>
2026-06-03 21:45:15: 2026-06-03 21:45:15,836 [ERROR] trader: Tick error: binance GET https://testnet.binance.vision/api/v3/exchangeInfo 502 Bad Gateway <html>
2026-06-03 21:45:15: <head><title>502 Bad Gateway</title></head>
2026-06-03 21:45:15: <body>
2026-06-03 21:45:15: <center><h1>502 Bad Gateway</h1></center>
2026-06-03 21:45:15: <hr><center>nginx</center>
2026-06-03 21:45:15: </body>
2026-06-03 21:45:15: </html>
2026-06-03 21:46:16: 2026-06-03 21:46:16,223 [ERROR] trader: Tick error: binance GET https://testnet.binance.vision/api/v3/exchangeInfo 502 Bad Gateway <html>
2026-06-03 21:46:16: <head><title>502 Bad Gateway</title></head>
2026-06-03 21:46:16: <body>
2026-06-03 21:46:16: <center><h1>502 Bad Gateway</h1></center>
2026-06-03 21:46:16: <hr><center>nginx</center>
2026-06-03 21:46:16: </body>
2026-06-03 21:46:16: </html>
2026-06-03 21:47:16: 2026-06-03 21:47:16,671 [ERROR] trader: Tick error: binance GET https://testnet.binance.vision/api/v3/exchangeInfo 502 Bad Gateway <html>
2026-06-03 21:47:16: <head><title>502 Bad Gateway</title></head>
2026-06-03 21:47:16: <body>
2026-06-03 21:47:16: <center><h1>502 Bad Gateway</h1></center>
2026-06-03 21:47:16: <hr><center>nginx</center>
2026-06-03 21:47:16: </body>
2026-06-03 21:47:16: </html>
2026-06-03 21:48:17: 2026-06-03 21:48:17,151 [ERROR] trader: Tick error: binance GET https://testnet.binance.vision/api/v3/exchangeInfo 502 Bad Gateway <html>
2026-06-03 21:48:17: <head><title>502 Bad Gateway</title></head>
2026-06-03 21:48:17: <body>
2026-06-03 21:48:17: <center><h1>502 Bad Gateway</h1></center>
2026-06-03 21:48:17: <hr><center>nginx</center>
2026-06-03 21:48:17: </body>
2026-06-03 21:48:17: </html>
2026-06-03 21:49:17: 2026-06-03 21:49:17,491 [ERROR] trader: Tick error: binance GET https://testnet.binance.vision/api/v3/exchangeInfo 502 Bad Gateway <html>
2026-06-03 21:49:17: <head><title>502 Bad Gateway</title></head>
2026-06-03 21:49:17: <body>
2026-06-03 21:49:17: <center><h1>502 Bad Gateway</h1></center>
2026-06-03 21:49:17: <hr><center>nginx</center>
2026-06-03 21:49:17: </body>
2026-06-03 21:49:17: </html>
2026-06-03 21:50:18: 2026-06-03 21:50:18,348 [ERROR] trader: Tick error: binance GET https://testnet.binance.vision/api/v3/exchangeInfo 502 Bad Gateway <html>
2026-06-03 21:50:18: <head><title>502 Bad Gateway</title></head>
2026-06-03 21:50:18: <body>
2026-06-03 21:50:18: <center><h1>502 Bad Gateway</h1></center>
2026-06-03 21:50:18: <hr><center>nginx</center>
2026-06-03 21:50:18: </body>
2026-06-03 21:50:18: </html>
2026-06-03 21:51:18: 2026-06-03 21:51:18,688 [ERROR] trader: Tick error: binance GET https://testnet.binance.vision/api/v3/exchangeInfo 502 Bad Gateway <html>
2026-06-03 21:51:18: <head><title>502 Bad Gateway</title></head>
2026-06-03 21:51:18: <body>
2026-06-03 21:51:18: <center><h1>502 Bad Gateway</h1></center>
2026-06-03 21:51:18: <hr><center>nginx</center>
2026-06-03 21:51:18: </body>
2026-06-03 21:51:18: </html>
2026-06-03 21:52:19: 2026-06-03 21:52:19,147 [ERROR] trader: Tick error: binance GET https://testnet.binance.vision/api/v3/exchangeInfo 502 Bad Gateway <html>
2026-06-03 21:52:19: <head><title>502 Bad Gateway</title></head>
2026-06-03 21:52:19: <body>
2026-06-03 21:52:19: <center><h1>502 Bad Gateway</h1></center>
2026-06-03 21:52:19: <hr><center>nginx</center>
2026-06-03 21:52:19: </body>
2026-06-03 21:52:19: </html>
2026-06-03 21:53:19: 2026-06-03 21:53:19,771 [ERROR] trader: Tick error: binance GET https://testnet.binance.vision/api/v3/exchangeInfo 502 Bad Gateway <html>
2026-06-03 21:53:19: <head><title>502 Bad Gateway</title></head>
2026-06-03 21:53:19: <body>
2026-06-03 21:53:19: <center><h1>502 Bad Gateway</h1></center>
2026-06-03 21:53:19: <hr><center>nginx</center>
2026-06-03 21:53:19: </body>
2026-06-03 21:53:19: </html>
2026-06-03 21:54:20: 2026-06-03 21:54:20,144 [ERROR] trader: Tick error: binance GET https://testnet.binance.vision/api/v3/exchangeInfo 502 Bad Gateway <html>
2026-06-03 21:54:20: <head><title>502 Bad Gateway</title></head>
2026-06-03 21:54:20: <body>
2026-06-03 21:54:20: <center><h1>502 Bad Gateway</h1></center>
2026-06-03 21:54:20: <hr><center>nginx</center>
2026-06-03 21:54:20: </body>
2026-06-03 21:54:20: </html>
2026-06-03 21:55:20: 2026-06-03 21:55:20,463 [ERROR] trader: Tick error: binance GET https://testnet.binance.vision/api/v3/exchangeInfo 502 Bad Gateway <html>
2026-06-03 21:55:20: <head><title>502 Bad Gateway</title></head>
2026-06-03 21:55:20: <body>
2026-06-03 21:55:20: <center><h1>502 Bad Gateway</h1></center>
2026-06-03 21:55:20: <hr><center>nginx</center>
2026-06-03 21:55:20: </body>
2026-06-03 21:55:20: </html>
2026-06-03 21:56:20: 2026-06-03 21:56:20,778 [ERROR] trader: Tick error: binance GET https://testnet.binance.vision/api/v3/exchangeInfo 502 Bad Gateway <html>
2026-06-03 21:56:20: <head><title>502 Bad Gateway</title></head>
2026-06-03 21:56:20: <body>
2026-06-03 21:56:20: <center><h1>502 Bad Gateway</h1></center>
2026-06-03 21:56:20: <hr><center>nginx</center>
2026-06-03 21:56:20: </body>
2026-06-03 21:56:20: </html>
2026-06-03 21:57:21: 2026-06-03 21:57:21,113 [ERROR] trader: Tick error: binance GET https://testnet.binance.vision/api/v3/exchangeInfo 502 Bad Gateway <html>
2026-06-03 21:57:21: <head><title>502 Bad Gateway</title></head>
2026-06-03 21:57:21: <body>
2026-06-03 21:57:21: <center><h1>502 Bad Gateway</h1></center>
2026-06-03 21:57:21: <hr><center>nginx</center>
2026-06-03 21:57:21: </body>
2026-06-03 21:57:21: </html>
2026-06-03 21:58:21: 2026-06-03 21:58:21,798 [ERROR] trader: Tick error: binance GET https://testnet.binance.vision/api/v3/exchangeInfo 502 Bad Gateway <html>
2026-06-03 21:58:21: <head><title>502 Bad Gateway</title></head>
2026-06-03 21:58:21: <body>
2026-06-03 21:58:21: <center><h1>502 Bad Gateway</h1></center>
2026-06-03 21:58:21: <hr><center>nginx</center>
2026-06-03 21:58:21: </body>
2026-06-03 21:58:21: </html>
2026-06-03 21:59:22: 2026-06-03 21:59:22,284 [ERROR] trader: Tick error: binance GET https://testnet.binance.vision/api/v3/exchangeInfo 502 Bad Gateway <html>
2026-06-03 21:59:22: <head><title>502 Bad Gateway</title></head>
2026-06-03 21:59:22: <body>
2026-06-03 21:59:22: <center><h1>502 Bad Gateway</h1></center>
2026-06-03 21:59:22: <hr><center>nginx</center>
2026-06-03 21:59:22: </body>
2026-06-03 21:59:22: </html>
2026-06-03 22:00:22: 2026-06-03 22:00:22,679 [ERROR] trader: Tick error: binance GET https://testnet.binance.vision/api/v3/exchangeInfo 502 Bad Gateway <html>
2026-06-03 22:00:22: <head><title>502 Bad Gateway</title></head>
2026-06-03 22:00:22: <body>
2026-06-03 22:00:22: <center><h1>502 Bad Gateway</h1></center>
2026-06-03 22:00:22: <hr><center>nginx</center>
2026-06-03 22:00:22: </body>
2026-06-03 22:00:22: </html>
2026-06-03 22:01:23: 2026-06-03 22:01:23,054 [ERROR] trader: Tick error: binance GET https://testnet.binance.vision/api/v3/exchangeInfo 502 Bad Gateway <html>
2026-06-03 22:01:23: <head><title>502 Bad Gateway</title></head>
2026-06-03 22:01:23: <body>
2026-06-03 22:01:23: <center><h1>502 Bad Gateway</h1></center>
2026-06-03 22:01:23: <hr><center>nginx</center>
2026-06-03 22:01:23: </body>
2026-06-03 22:01:23: </html>
2026-06-03 22:02:33: 2026-06-03 22:02:33,097 [ERROR] trader: Tick error: binance GET https://testnet.binance.vision/api/v3/exchangeInfo
2026-06-03 22:03:33: 2026-06-03 22:03:33,129 [ERROR] trader: Tick error: binance GET https://testnet.binance.vision/api/v3/exchangeInfo
2026-06-03 22:04:44: 2026-06-03 22:04:44,734 [ERROR] trader: Tick error: binance GET https://testnet.binance.vision/api/v3/exchangeInfo
2026-06-03 22:05:44: 2026-06-03 22:05:44,729 [ERROR] trader: Tick error: binance GET https://testnet.binance.vision/api/v3/exchangeInfo
2026-06-03 22:06:56: 2026-06-03 22:06:56,344 [ERROR] trader: Tick error: binance GET https://testnet.binance.vision/api/v3/exchangeInfo
2026-06-03 22:08:07: 2026-06-03 22:08:07,927 [ERROR] trader: Tick error: binance GET https://testnet.binance.vision/api/v3/exchangeInfo
2026-06-03 22:09:32: 2026-06-03 22:09:32,123 [ERROR] trader: Tick error: binance GET https://testnet.binance.vision/api/v3/exchangeInfo
2026-06-03 22:11:00: 2026-06-03 22:11:00,227 [ERROR] trader: Tick error: binance GET https://testnet.binance.vision/api/v3/exchangeInfo
2026-06-03 22:12:53: 2026-06-03 22:12:53,202 [ERROR] trader: Tick error: binance GET https://testnet.binance.vision/api/v3/exchangeInfo
2026-06-03 22:14:08: 2026-06-03 22:14:08,375 [ERROR] trader: Tick error: binance GET https://testnet.binance.vision/api/v3/exchangeInfo
2026-06-03 22:15:08: 2026-06-03 22:15:08,389 [ERROR] trader: Tick error: binance GET https://testnet.binance.vision/api/v3/exchangeInfo
2026-06-03 22:16:58: 2026-06-03 22:16:58,857 [ERROR] trader: Tick error: binance GET https://testnet.binance.vision/api/v3/exchangeInfo
2026-06-03 22:18:08: 2026-06-03 22:18:08,744 [ERROR] trader: Tick error: binance GET https://testnet.binance.vision/api/v3/exchangeInfo
2026-06-03 22:19:20: 2026-06-03 22:19:20,792 [ERROR] trader: Tick error: binance GET https://testnet.binance.vision/api/v3/exchangeInfo
2026-06-03 22:20:32: 2026-06-03 22:20:32,835 [ERROR] trader: Tick error: binance GET https://testnet.binance.vision/api/v3/exchangeInfo
2026-06-03 22:21:44: 2026-06-03 22:21:44,875 [ERROR] trader: Tick error: binance GET https://testnet.binance.vision/api/v3/exchangeInfo
2026-06-03 22:23:26: 2026-06-03 22:23:26,985 [ERROR] trader: Tick error: binance GET https://testnet.binance.vision/api/v3/exchangeInfo
2026-06-03 22:24:48: 2026-06-03 22:24:48,025 [ERROR] trader: Tick error: binance GET https://testnet.binance.vision/api/v3/exchangeInfo
2026-06-03 22:25:48: 2026-06-03 22:25:48,107 [ERROR] trader: Tick error: binance GET https://testnet.binance.vision/api/v3/exchangeInfo
2026-06-03 22:26:48: 2026-06-03 22:26:48,126 [ERROR] trader: Tick error: binance GET https://testnet.binance.vision/api/v3/exchangeInfo
2026-06-03 22:27:48: 2026-06-03 22:27:48,132 [ERROR] trader: Tick error: binance GET https://testnet.binance.vision/api/v3/exchangeInfo
2026-06-03 22:28:48: 2026-06-03 22:28:48,152 [ERROR] trader: Tick error: binance GET https://testnet.binance.vision/api/v3/exchangeInfo
2026-06-03 22:29:48: 2026-06-03 22:29:48,165 [ERROR] trader: Tick error: binance GET https://testnet.binance.vision/api/v3/exchangeInfo
2026-06-03 22:30:48: 2026-06-03 22:30:48,188 [ERROR] trader: Tick error: binance GET https://testnet.binance.vision/api/v3/exchangeInfo
2026-06-03 22:32:00: 2026-06-03 22:32:00,227 [ERROR] trader: Tick error: binance GET https://testnet.binance.vision/api/v3/exchangeInfo
2026-06-03 22:33:46: 2026-06-03 22:33:46,657 [ERROR] trader: Tick error: binance GET https://testnet.binance.vision/api/v3/exchangeInfo
2026-06-03 22:34:46: 2026-06-03 22:34:46,651 [ERROR] trader: Tick error: binance GET https://testnet.binance.vision/api/v3/exchangeInfo
2026-06-03 22:35:46: 2026-06-03 22:35:46,682 [ERROR] trader: Tick error: binance GET https://testnet.binance.vision/api/v3/exchangeInfo
2026-06-03 22:36:58: 2026-06-03 22:36:58,722 [ERROR] trader: Tick error: binance GET https://testnet.binance.vision/api/v3/exchangeInfo
2026-06-03 22:38:10: 2026-06-03 22:38:10,769 [ERROR] trader: Tick error: binance GET https://testnet.binance.vision/api/v3/exchangeInfo
2026-06-03 22:39:10: 2026-06-03 22:39:10,795 [ERROR] trader: Tick error: binance GET https://testnet.binance.vision/api/v3/exchangeInfo
2026-06-03 22:40:22: 2026-06-03 22:40:22,827 [ERROR] trader: Tick error: binance GET https://testnet.binance.vision/api/v3/exchangeInfo
2026-06-03 22:41:46: 2026-06-03 22:41:46,742 [ERROR] trader: Tick error: binance GET https://testnet.binance.vision/api/v3/exchangeInfo
2026-06-03 22:42:58: 2026-06-03 22:42:58,781 [ERROR] trader: Tick error: binance GET https://testnet.binance.vision/api/v3/exchangeInfo
2026-06-03 22:43:58: 2026-06-03 22:43:58,797 [ERROR] trader: Tick error: binance GET https://testnet.binance.vision/api/v3/exchangeInfo
2026-06-03 22:45:10: 2026-06-03 22:45:10,848 [ERROR] trader: Tick error: binance GET https://testnet.binance.vision/api/v3/exchangeInfo
2026-06-03 22:46:34: 2026-06-03 22:46:34,360 [ERROR] trader: Tick error: binance GET https://testnet.binance.vision/api/v3/exchangeInfo
2026-06-03 22:47:46: 2026-06-03 22:47:46,417 [ERROR] trader: Tick error: binance GET https://testnet.binance.vision/api/v3/exchangeInfo
2026-06-03 22:48:58: 2026-06-03 22:48:58,471 [ERROR] trader: Tick error: binance GET https://testnet.binance.vision/api/v3/exchangeInfo
2026-06-03 22:50:20: 2026-06-03 22:50:20,472 [ERROR] trader: Tick error: binance GET https://testnet.binance.vision/api/v3/exchangeInfo
2026-06-03 22:51:43: 2026-06-03 22:51:43,571 [ERROR] trader: Tick error: binance GET https://testnet.binance.vision/api/v3/exchangeInfo
2026-06-03 22:52:55: 2026-06-03 22:52:55,626 [ERROR] trader: Tick error: binance GET https://testnet.binance.vision/api/v3/exchangeInfo
2026-06-03 22:54:07: 2026-06-03 22:54:07,681 [ERROR] trader: Tick error: binance GET https://testnet.binance.vision/api/v3/exchangeInfo
2026-06-03 22:55:19: 2026-06-03 22:55:19,727 [ERROR] trader: Tick error: binance GET https://testnet.binance.vision/api/v3/exchangeInfo
2026-06-03 22:56:39: 2026-06-03 22:56:39,433 [ERROR] trader: Tick error: binance GET https://testnet.binance.vision/api/v3/exchangeInfo
2026-06-03 22:57:39: 2026-06-03 22:57:39,434 [ERROR] trader: Tick error: binance GET https://testnet.binance.vision/api/v3/exchangeInfo
2026-06-03 22:58:39: 2026-06-03 22:58:39,451 [ERROR] trader: Tick error: binance GET https://testnet.binance.vision/api/v3/exchangeInfo
2026-06-03 22:59:51: 2026-06-03 22:59:51,506 [ERROR] trader: Tick error: binance GET https://testnet.binance.vision/api/v3/exchangeInfo
2026-06-03 23:01:21: 2026-06-03 23:01:21,952 [ERROR] trader: Tick error: binance GET https://testnet.binance.vision/api/v3/exchangeInfo
2026-06-03 23:02:47: 2026-06-03 23:02:47,636 [ERROR] trader: Tick error: binance GET https://testnet.binance.vision/api/v3/exchangeInfo
2026-06-03 23:04:04: 2026-06-03 23:04:04,288 [ERROR] trader: Tick error: binance GET https://testnet.binance.vision/api/v3/exchangeInfo
2026-06-03 23:05:16: 2026-06-03 23:05:16,353 [ERROR] trader: Tick error: binance GET https://testnet.binance.vision/api/v3/exchangeInfo
2026-06-03 23:06:28: 2026-06-03 23:06:28,418 [ERROR] trader: Tick error: binance GET https://testnet.binance.vision/api/v3/exchangeInfo
2026-06-03 23:07:40: 2026-06-03 23:07:40,466 [ERROR] trader: Tick error: binance GET https://testnet.binance.vision/api/v3/exchangeInfo
2026-06-03 23:08:57: 2026-06-03 23:08:57,904 [ERROR] trader: Tick error: binance GET https://testnet.binance.vision/api/v3/exchangeInfo
2026-06-03 23:10:09: 2026-06-03 23:10:09,942 [ERROR] trader: Tick error: binance GET https://testnet.binance.vision/api/v3/exchangeInfo
2026-06-03 23:11:22: 2026-06-03 23:11:22,003 [ERROR] trader: Tick error: binance GET https://testnet.binance.vision/api/v3/exchangeInfo
2026-06-03 23:12:34: 2026-06-03 23:12:34,076 [ERROR] trader: Tick error: binance GET https://testnet.binance.vision/api/v3/exchangeInfo
2026-06-03 23:13:46: 2026-06-03 23:13:46,161 [ERROR] trader: Tick error: binance GET https://testnet.binance.vision/api/v3/exchangeInfo
2026-06-03 23:14:58: 2026-06-03 23:14:58,219 [ERROR] trader: Tick error: binance GET https://testnet.binance.vision/api/v3/exchangeInfo
2026-06-03 23:15:58: 2026-06-03 23:15:58,228 [ERROR] trader: Tick error: binance GET https://testnet.binance.vision/api/v3/exchangeInfo
2026-06-03 23:17:10: 2026-06-03 23:17:10,262 [ERROR] trader: Tick error: binance GET https://testnet.binance.vision/api/v3/exchangeInfo
2026-06-03 23:18:22: 2026-06-03 23:18:22,325 [ERROR] trader: Tick error: binance GET https://testnet.binance.vision/api/v3/exchangeInfo
2026-06-03 23:19:34: 2026-06-03 23:19:34,364 [ERROR] trader: Tick error: binance GET https://testnet.binance.vision/api/v3/exchangeInfo
2026-06-03 23:20:34: 2026-06-03 23:20:34,383 [ERROR] trader: Tick error: binance GET https://testnet.binance.vision/api/v3/exchangeInfo
2026-06-03 23:21:46: 2026-06-03 23:21:46,455 [ERROR] trader: Tick error: binance GET https://testnet.binance.vision/api/v3/exchangeInfo
2026-06-03 23:22:58: 2026-06-03 23:22:58,502 [ERROR] trader: Tick error: binance GET https://testnet.binance.vision/api/v3/exchangeInfo
2026-06-03 23:24:49: 2026-06-03 23:24:49,689 [ERROR] trader: Tick error: binance GET https://testnet.binance.vision/api/v3/exchangeInfo
2026-06-03 23:26:01: 2026-06-03 23:26:01,723 [ERROR] trader: Tick error: binance GET https://testnet.binance.vision/api/v3/exchangeInfo
2026-06-03 23:27:40: 2026-06-03 23:27:40,598 [ERROR] trader: Tick error: binance GET https://testnet.binance.vision/api/v3/exchangeInfo
2026-06-03 23:28:40: 2026-06-03 23:28:40,622 [ERROR] trader: Tick error: binance GET https://testnet.binance.vision/api/v3/exchangeInfo
2026-06-03 23:29:52: 2026-06-03 23:29:52,682 [ERROR] trader: Tick error: binance GET https://testnet.binance.vision/api/v3/exchangeInfo
2026-06-03 23:31:39: 2026-06-03 23:31:39,037 [ERROR] trader: Tick error: binance GET https://testnet.binance.vision/api/v3/exchangeInfo
2026-06-03 23:32:51: 2026-06-03 23:32:51,103 [ERROR] trader: Tick error: binance GET https://testnet.binance.vision/api/v3/exchangeInfo
2026-06-03 23:33:51: 2026-06-03 23:33:51,109 [ERROR] trader: Tick error: binance GET https://testnet.binance.vision/api/v3/exchangeInfo
2026-06-03 23:35:03: 2026-06-03 23:35:03,159 [ERROR] trader: Tick error: binance GET https://testnet.binance.vision/api/v3/exchangeInfo
2026-06-03 23:36:15: 2026-06-03 23:36:15,184 [ERROR] trader: Tick error: binance GET https://testnet.binance.vision/api/v3/exchangeInfo
2026-06-03 23:37:35: 2026-06-03 23:37:35,796 [ERROR] trader: Tick error: binance GET https://testnet.binance.vision/api/v3/exchangeInfo
2026-06-03 23:40:46: 2026-06-03 23:40:46,625 [ERROR] trader: Tick error: binance GET https://testnet.binance.vision/api/v3/klines?interval=1h&limit=50&symbol=BTCUSDT
2026-06-03 23:41:58: 2026-06-03 23:41:58,668 [ERROR] trader: Tick error: binance GET https://testnet.binance.vision/api/v3/klines?interval=1h&limit=50&symbol=BTCUSDT
2026-06-03 23:43:10: 2026-06-03 23:43:10,729 [ERROR] trader: Tick error: binance GET https://testnet.binance.vision/api/v3/klines?interval=1h&limit=50&symbol=BTCUSDT
2026-06-03 23:44:10: 2026-06-03 23:44:10,741 [ERROR] trader: Tick error: binance GET https://testnet.binance.vision/api/v3/klines?interval=1h&limit=50&symbol=BTCUSDT
2026-06-03 23:45:38: 2026-06-03 23:45:38,398 [ERROR] trader: Tick error: binance GET https://testnet.binance.vision/api/v3/klines?interval=1h&limit=50&symbol=BTCUSDT
2026-06-03 23:46:50: 2026-06-03 23:46:50,481 [ERROR] trader: Tick error: binance GET https://testnet.binance.vision/api/v3/klines?interval=1h&limit=50&symbol=BTCUSDT
2026-06-03 23:48:25: 2026-06-03 23:48:25,842 [ERROR] trader: Tick error: binance GET https://testnet.binance.vision/api/v3/klines?interval=1h&limit=50&symbol=BTCUSDT
2026-06-03 23:49:50: 2026-06-03 23:49:50,451 [ERROR] trader: Tick error: binance GET https://testnet.binance.vision/api/v3/klines?interval=1h&limit=50&symbol=BTCUSDT
2026-06-03 23:58:38: 2026-06-03 23:58:38,196 [ERROR] trader: Tick error: binance GET https://testnet.binance.vision/api/v3/klines?interval=1h&limit=50&symbol=BTCUSDT
2026-06-03 23:59:50: 2026-06-03 23:59:50,217 [ERROR] trader: Tick error: binance GET https://testnet.binance.vision/api/v3/klines?interval=1h&limit=50&symbol=BTCUSDT
2026-06-04 00:04:02: 2026-06-04 00:04:02,449 [ERROR] trader: Tick error: binance GET https://testnet.binance.vision/api/v3/klines?interval=1h&limit=50&symbol=BTCUSDT
2026-06-04 00:13:18: 2026-06-04 00:13:18,135 [ERROR] trader: Tick error: binance GET https://testnet.binance.vision/api/v3/klines?interval=1h&limit=50&symbol=BTCUSDT
2026-06-04 00:21:34: 2026-06-04 00:21:34,633 [ERROR] trader: Tick error: binance GET https://testnet.binance.vision/api/v3/klines?interval=1h&limit=50&symbol=BTCUSDT
2026-06-04 00:33:48: 2026-06-04 00:33:48,161 [ERROR] trader: Tick error: binance GET https://testnet.binance.vision/api/v3/klines?interval=1h&limit=50&symbol=BTCUSDT
2026-06-04 01:27:34: 2026-06-04 01:27:34,775 [ERROR] trader: Tick error: binance GET https://testnet.binance.vision/api/v3/klines?interval=1h&limit=50&symbol=BTCUSDT
2026-06-04 01:34:52: 2026-06-04 01:34:52,141 [ERROR] trader: Tick error: binance GET https://testnet.binance.vision/api/v3/klines?interval=1h&limit=50&symbol=BTCUSDT
2026-06-04 01:36:09: 2026-06-04 01:36:09,396 [ERROR] trader: Tick error: binance GET https://testnet.binance.vision/api/v3/klines?interval=1h&limit=50&symbol=BTCUSDT
2026-06-04 02:27:52: 2026-06-04 02:27:52,750 [ERROR] trader: Tick error: binance GET https://testnet.binance.vision/api/v3/klines?interval=1h&limit=50&symbol=BTCUSDT
2026-06-04 03:21:42: 2026-06-04 03:21:42,957 [ERROR] trader: Tick error: binance GET https://testnet.binance.vision/api/v3/klines?interval=1h&limit=50&symbol=BTCUSDT
2026-06-04 04:15:39: 2026-06-04 04:15:39,001 [ERROR] trader: Tick error: binance GET https://testnet.binance.vision/api/v3/klines?interval=1h&limit=50&symbol=BTCUSDT
2026-06-04 05:09:37: 2026-06-04 05:09:37,966 [ERROR] trader: Tick error: binance GET https://testnet.binance.vision/api/v3/klines?interval=1h&limit=50&symbol=BTCUSDT
2026-06-04 06:04:48: 2026-06-04 06:04:48,483 [ERROR] trader: Tick error: binance GET https://testnet.binance.vision/api/v3/klines?interval=1h&limit=50&symbol=BTCUSDT
2026-06-04 06:05:48: 2026-06-04 06:05:48,500 [ERROR] trader: Tick error: binance GET https://testnet.binance.vision/api/v3/klines?interval=1h&limit=50&symbol=BTCUSDT
2026-06-04 06:06:48: 2026-06-04 06:06:48,516 [ERROR] trader: Tick error: binance GET https://testnet.binance.vision/api/v3/klines?interval=1h&limit=50&symbol=BTCUSDT
2026-06-04 06:58:05: 2026-06-04 06:58:05,278 [ERROR] trader: Tick error: binance GET https://testnet.binance.vision/api/v3/klines?interval=1h&limit=50&symbol=BTCUSDT
2026-06-04 07:54:38: 2026-06-04 07:54:38,116 [ERROR] trader: Tick error: binance GET https://testnet.binance.vision/api/v3/klines?interval=1h&limit=50&symbol=BTCUSDT
2026-06-04 08:48:48: 2026-06-04 08:48:48,790 [ERROR] trader: Tick error: binance GET https://testnet.binance.vision/api/v3/klines?interval=1h&limit=50&symbol=BTCUSDT
2026-06-04 09:43:38: 2026-06-04 09:43:38,123 [ERROR] trader: Tick error: binance GET https://testnet.binance.vision/api/v3/klines?interval=1h&limit=50&symbol=BTCUSDT
2026-06-04 10:37:23: 2026-06-04 10:37:23,226 [ERROR] trader: Tick error: binance GET https://testnet.binance.vision/api/v3/klines?interval=1h&limit=50&symbol=BTCUSDT
2026-06-04 10:53:09: 2026-06-04 10:53:09,533 [ERROR] trader: Tick error: binance GET https://testnet.binance.vision/api/v3/klines?interval=1h&limit=50&symbol=BTCUSDT
2026-06-04 11:31:21: 2026-06-04 11:31:21,559 [ERROR] trader: Tick error: binance GET https://testnet.binance.vision/api/v3/klines?interval=1h&limit=50&symbol=BTCUSDT
2026-06-04 11:38:45: 2026-06-04 11:38:45,203 [ERROR] trader: Tick error: binance GET https://testnet.binance.vision/api/v3/klines?interval=1h&limit=50&symbol=BTCUSDT
2026-06-04 11:40:10: 2026-06-04 11:40:10,218 [ERROR] trader: Tick error: binance GET https://testnet.binance.vision/api/v3/klines?interval=1h&limit=50&symbol=BTCUSDT
2026-06-04 11:41:55: 2026-06-04 11:41:55,647 [ERROR] trader: Tick error: binance GET https://testnet.binance.vision/api/v3/klines?interval=1h&limit=50&symbol=BTCUSDT
2026-06-04 11:43:06: 2026-06-04 11:43:06,752 [ERROR] trader: Tick error: binance GET https://testnet.binance.vision/api/v3/klines?interval=1h&limit=50&symbol=BTCUSDT
2026-06-04 11:44:06: 2026-06-04 11:44:06,759 [ERROR] trader: Tick error: binance GET https://testnet.binance.vision/api/v3/klines?interval=1h&limit=50&symbol=BTCUSDT
2026-06-04 11:45:30: 2026-06-04 11:45:30,144 [ERROR] trader: Tick error: binance GET https://testnet.binance.vision/api/v3/klines?interval=1h&limit=50&symbol=BTCUSDT
2026-06-04 11:46:57: 2026-06-04 11:46:57,481 [ERROR] trader: Tick error: binance GET https://testnet.binance.vision/api/v3/klines?interval=1h&limit=50&symbol=BTCUSDT
2026-06-04 11:48:08: 2026-06-04 11:48:08,562 [ERROR] trader: Tick error: binance GET https://testnet.binance.vision/api/v3/klines?interval=1h&limit=50&symbol=BTCUSDT
2026-06-04 11:49:19: 2026-06-04 11:49:19,645 [ERROR] trader: Tick error: binance GET https://testnet.binance.vision/api/v3/klines?interval=1h&limit=50&symbol=BTCUSDT
2026-06-04 11:50:19: 2026-06-04 11:50:19,666 [ERROR] trader: Tick error: binance GET https://testnet.binance.vision/api/v3/klines?interval=1h&limit=50&symbol=BTCUSDT
2026-06-04 11:51:30: 2026-06-04 11:51:30,744 [ERROR] trader: Tick error: binance GET https://testnet.binance.vision/api/v3/klines?interval=1h&limit=50&symbol=BTCUSDT
2026-06-04 11:52:52: 2026-06-04 11:52:52,484 [ERROR] trader: Tick error: binance GET https://testnet.binance.vision/api/v3/klines?interval=1h&limit=50&symbol=BTCUSDT
2026-06-04 11:54:03: 2026-06-04 11:54:03,574 [ERROR] trader: Tick error: binance GET https://testnet.binance.vision/api/v3/klines?interval=1h&limit=50&symbol=BTCUSDT
2026-06-04 11:55:22: 2026-06-04 11:55:19,781 [ERROR] trader: Tick error: binance GET https://testnet.binance.vision/api/v3/klines?interval=1h&limit=50&symbol=BTCUSDT
2026-06-04 11:56:34: 2026-06-04 11:56:34,412 [ERROR] trader: Tick error: binance GET https://testnet.binance.vision/api/v3/klines?interval=1h&limit=50&symbol=BTCUSDT
2026-06-04 11:57:45: 2026-06-04 11:57:45,739 [ERROR] trader: Tick error: binance GET https://testnet.binance.vision/api/v3/klines?interval=1h&limit=50&symbol=BTCUSDT
2026-06-04 12:03:38: 2026-06-04 12:03:38,985 [ERROR] trader: Tick error: binance GET https://testnet.binance.vision/api/v3/klines?interval=1h&limit=50&symbol=BTCUSDT
2026-06-04 12:04:57: 2026-06-04 12:04:57,521 [ERROR] trader: Tick error: binance GET https://testnet.binance.vision/api/v3/klines?interval=1h&limit=50&symbol=BTCUSDT
2026-06-04 12:06:13: 2026-06-04 12:06:13,431 [ERROR] trader: Tick error: binance GET https://testnet.binance.vision/api/v3/klines?interval=1h&limit=50&symbol=BTCUSDT
2026-06-04 12:07:32: 2026-06-04 12:07:32,237 [ERROR] trader: Tick error: binance GET https://testnet.binance.vision/api/v3/klines?interval=1h&limit=50&symbol=BTCUSDT
2026-06-04 12:16:36: 2026-06-04 12:16:36,421 [ERROR] trader: Tick error: binance GET https://testnet.binance.vision/api/v3/klines?interval=1h&limit=50&symbol=BTCUSDT
2026-06-04 12:18:17: 2026-06-04 12:18:17,029 [ERROR] trader: Tick error: binance GET https://testnet.binance.vision/api/v3/klines?interval=1h&limit=50&symbol=BTCUSDT
2026-06-04 12:19:32: 2026-06-04 12:19:32,909 [ERROR] trader: Tick error: binance GET https://testnet.binance.vision/api/v3/klines?interval=1h&limit=50&symbol=BTCUSDT
2026-06-04 12:20:57: 2026-06-04 12:20:57,263 [ERROR] trader: Tick error: binance GET https://testnet.binance.vision/api/v3/klines?interval=1h&limit=50&symbol=BTCUSDT
2026-06-04 12:22:09: 2026-06-04 12:22:09,317 [ERROR] trader: Tick error: binance GET https://testnet.binance.vision/api/v3/klines?interval=1h&limit=50&symbol=BTCUSDT
2026-06-04 12:23:30: 2026-06-04 12:23:30,098 [ERROR] trader: Tick error: binance GET https://testnet.binance.vision/api/v3/klines?interval=1h&limit=50&symbol=BTCUSDT
2026-06-04 12:24:48: 2026-06-04 12:24:48,540 [ERROR] trader: Tick error: binance GET https://testnet.binance.vision/api/v3/klines?interval=1h&limit=50&symbol=BTCUSDT
2026-06-04 12:26:02: 2026-06-04 12:26:02,833 [ERROR] trader: Tick error: binance GET https://testnet.binance.vision/api/v3/klines?interval=1h&limit=50&symbol=BTCUSDT
2026-06-04 12:45:54: 2026-06-04 12:45:54,165 [ERROR] trader: Tick error: binance GET https://testnet.binance.vision/api/v3/klines?interval=1h&limit=50&symbol=BTCUSDT
2026-06-04 12:47:12: 2026-06-04 12:47:12,583 [ERROR] trader: Tick error: binance GET https://testnet.binance.vision/api/v3/klines?interval=1h&limit=50&symbol=BTCUSDT
2026-06-04 12:48:31: 2026-06-04 12:48:31,151 [ERROR] trader: Tick error: binance GET https://testnet.binance.vision/api/v3/klines?interval=1h&limit=50&symbol=BTCUSDT
2026-06-04 13:20:23: 2026-06-04 13:20:23,778 [ERROR] trader: Tick error: binance GET https://testnet.binance.vision/api/v3/klines?interval=1h&limit=50&symbol=BTCUSDT
2026-06-04 13:21:49: 2026-06-04 13:21:49,490 [ERROR] trader: Tick error: binance GET https://testnet.binance.vision/api/v3/klines?interval=1h&limit=50&symbol=BTCUSDT
2026-06-04 14:23:07: 2026-06-04 14:23:07,359 [ERROR] trader: Tick error: binance GET https://testnet.binance.vision/api/v3/klines?interval=1h&limit=50&symbol=BTCUSDT
2026-06-04 14:24:34: 2026-06-04 14:24:34,319 [ERROR] trader: Tick error: binance GET https://testnet.binance.vision/api/v3/klines?interval=1h&limit=50&symbol=BTCUSDT
2026-06-04 14:25:49: 2026-06-04 14:25:49,647 [ERROR] trader: Tick error: binance GET https://testnet.binance.vision/api/v3/klines?interval=1h&limit=50&symbol=BTCUSDT
2026-06-04 14:27:06: 2026-06-04 14:27:06,580 [ERROR] trader: Tick error: binance GET https://testnet.binance.vision/api/v3/klines?interval=1h&limit=50&symbol=BTCUSDT
2026-06-04 14:28:25: 2026-06-04 14:28:25,229 [ERROR] trader: Tick error: binance GET https://testnet.binance.vision/api/v3/klines?interval=1h&limit=50&symbol=BTCUSDT
2026-06-04 14:29:42: 2026-06-04 14:29:42,093 [ERROR] trader: Tick error: binance GET https://testnet.binance.vision/api/v3/klines?interval=1h&limit=50&symbol=BTCUSDT
2026-06-04 14:38:52: 2026-06-04 14:38:52,879 [ERROR] trader: Tick error: binance GET https://testnet.binance.vision/api/v3/klines?interval=1h&limit=50&symbol=BTCUSDT
2026-06-04 15:24:53: 2026-06-04 15:24:53,776 [ERROR] trader: Tick error: binance GET https://testnet.binance.vision/api/v3/klines?interval=1h&limit=50&symbol=BTCUSDT
2026-06-04 15:26:09: 2026-06-04 15:26:09,164 [ERROR] trader: Tick error: binance GET https://testnet.binance.vision/api/v3/klines?interval=1h&limit=50&symbol=BTCUSDT
2026-06-04 16:06:41: 2026-06-04 16:06:41,090 [ERROR] trader: Tick error: binance GET https://testnet.binance.vision/api/v3/klines?interval=1h&limit=50&symbol=BTCUSDT
2026-06-04 16:08:00: 2026-06-04 16:08:00,518 [ERROR] trader: Tick error: binance GET https://testnet.binance.vision/api/v3/klines?interval=1h&limit=50&symbol=BTCUSDT
2026-06-04 16:09:19: 2026-06-04 16:09:19,887 [ERROR] trader: Tick error: binance GET https://testnet.binance.vision/api/v3/klines?interval=1h&limit=50&symbol=BTCUSDT
2026-06-04 16:10:40: 2026-06-04 16:10:40,526 [ERROR] trader: Tick error: binance GET https://testnet.binance.vision/api/v3/klines?interval=1h&limit=50&symbol=BTCUSDT
2026-06-04 16:11:55: 2026-06-04 16:11:55,624 [ERROR] trader: Tick error: binance GET https://testnet.binance.vision/api/v3/klines?interval=1h&limit=50&symbol=BTCUSDT
2026-06-04 16:26:40: 2026-06-04 16:26:40,156 [ERROR] trader: Tick error: binance GET https://testnet.binance.vision/api/v3/klines?interval=1h&limit=50&symbol=BTCUSDT
2026-06-04 16:27:52: 2026-06-04 16:27:52,212 [ERROR] trader: Tick error: binance GET https://testnet.binance.vision/api/v3/klines?interval=1h&limit=50&symbol=BTCUSDT
2026-06-04 16:30:10: 2026-06-04 16:30:10,617 [ERROR] trader: Tick error: binance GET https://testnet.binance.vision/api/v3/klines?interval=1h&limit=50&symbol=BTCUSDT
2026-06-04 16:31:34: 2026-06-04 16:31:34,003 [ERROR] trader: Tick error: binance GET https://testnet.binance.vision/api/v3/klines?interval=1h&limit=50&symbol=BTCUSDT
2026-06-04 16:32:55: 2026-06-04 16:32:55,765 [ERROR] trader: Tick error: binance GET https://testnet.binance.vision/api/v3/klines?interval=1h&limit=50&symbol=BTCUSDT
2026-06-04 16:34:15: 2026-06-04 16:34:15,984 [ERROR] trader: Tick error: binance GET https://testnet.binance.vision/api/v3/klines?interval=1h&limit=50&symbol=BTCUSDT
2026-06-04 16:35:37: 2026-06-04 16:35:37,813 [ERROR] trader: Tick error: binance GET https://testnet.binance.vision/api/v3/klines?interval=1h&limit=50&symbol=BTCUSDT
2026-06-04 17:29:53: 2026-06-04 17:29:53,017 [ERROR] trader: Tick error: binance GET https://testnet.binance.vision/api/v3/klines?interval=1h&limit=50&symbol=BTCUSDT
2026-06-04 17:31:05: 2026-06-04 17:31:05,063 [ERROR] trader: Tick error: binance GET https://testnet.binance.vision/api/v3/klines?interval=1h&limit=50&symbol=BTCUSDT
2026-06-04 18:08:03: 2026-06-04 18:08:03,835 [ERROR] trader: Tick error: binance GET https://testnet.binance.vision/api/v3/klines?interval=1h&limit=50&symbol=BTCUSDT
2026-06-04 18:09:15: 2026-06-04 18:09:15,884 [ERROR] trader: Tick error: binance GET https://testnet.binance.vision/api/v3/klines?interval=1h&limit=50&symbol=BTCUSDT
2026-06-04 18:10:55: 2026-06-04 18:10:55,958 [ERROR] trader: Tick error: binance GET https://testnet.binance.vision/api/v3/klines?interval=1h&limit=50&symbol=BTCUSDT
2026-06-04 19:19:03: 2026-06-04 19:19:03,031 [ERROR] trader: Tick error: binance GET https://testnet.binance.vision/api/v3/klines?interval=1h&limit=50&symbol=BTCUSDT
2026-06-04 19:20:15: 2026-06-04 19:20:15,111 [ERROR] trader: Tick error: binance GET https://testnet.binance.vision/api/v3/klines?interval=1h&limit=50&symbol=BTCUSDT
2026-06-04 19:21:52: 2026-06-04 19:21:52,201 [ERROR] trader: Tick error: binance GET https://testnet.binance.vision/api/v3/klines?interval=1h&limit=50&symbol=BTCUSDT
2026-06-04 19:23:05: 2026-06-04 19:23:05,127 [ERROR] trader: Tick error: binance GET https://testnet.binance.vision/api/v3/klines?interval=1h&limit=50&symbol=BTCUSDT
2026-06-04 19:24:23: 2026-06-04 19:24:23,852 [ERROR] trader: Tick error: binance GET https://testnet.binance.vision/api/v3/klines?interval=1h&limit=50&symbol=BTCUSDT
2026-06-04 19:25:42: 2026-06-04 19:25:42,529 [ERROR] trader: Tick error: binance GET https://testnet.binance.vision/api/v3/klines?interval=1h&limit=50&symbol=BTCUSDT
2026-06-04 19:26:57: 2026-06-04 19:26:57,364 [ERROR] trader: Tick error: binance GET https://testnet.binance.vision/api/v3/klines?interval=1h&limit=50&symbol=BTCUSDT
2026-06-04 19:28:16: 2026-06-04 19:28:16,636 [ERROR] trader: Tick error: binance GET https://testnet.binance.vision/api/v3/klines?interval=1h&limit=50&symbol=BTCUSDT
2026-06-04 19:29:36: 2026-06-04 19:29:36,316 [ERROR] trader: Tick error: binance GET https://testnet.binance.vision/api/v3/klines?interval=1h&limit=50&symbol=BTCUSDT
2026-06-04 19:33:02: 2026-06-04 19:33:02,323 [ERROR] trader: Tick error: binance GET https://testnet.binance.vision/api/v3/klines?interval=1h&limit=50&symbol=BTCUSDT
2026-06-04 19:34:14: 2026-06-04 19:34:14,393 [ERROR] trader: Tick error: binance GET https://testnet.binance.vision/api/v3/klines?interval=1h&limit=50&symbol=BTCUSDT
2026-06-04 19:36:05: 2026-06-04 19:36:05,521 [ERROR] trader: Tick error: binance GET https://testnet.binance.vision/api/v3/klines?interval=1h&limit=50&symbol=BTCUSDT
2026-06-04 19:38:03: 2026-06-04 19:38:03,479 [ERROR] trader: Tick error: binance GET https://testnet.binance.vision/api/v3/klines?interval=1h&limit=50&symbol=BTCUSDT
2026-06-04 19:39:15: 2026-06-04 19:39:15,545 [ERROR] trader: Tick error: binance GET https://testnet.binance.vision/api/v3/klines?interval=1h&limit=50&symbol=BTCUSDT
2026-06-04 19:40:27: 2026-06-04 19:40:27,588 [ERROR] trader: Tick error: binance GET https://testnet.binance.vision/api/v3/klines?interval=1h&limit=50&symbol=BTCUSDT
2026-06-04 19:41:39: 2026-06-04 19:41:39,649 [ERROR] trader: Tick error: binance GET https://testnet.binance.vision/api/v3/klines?interval=1h&limit=50&symbol=BTCUSDT
2026-06-04 19:42:39: 2026-06-04 19:42:39,664 [ERROR] trader: Tick error: binance GET https://testnet.binance.vision/api/v3/klines?interval=1h&limit=50&symbol=BTCUSDT
2026-06-04 19:43:51: 2026-06-04 19:43:51,722 [ERROR] trader: Tick error: binance GET https://testnet.binance.vision/api/v3/klines?interval=1h&limit=50&symbol=BTCUSDT
2026-06-04 19:45:03: 2026-06-04 19:45:03,764 [ERROR] trader: Tick error: binance GET https://testnet.binance.vision/api/v3/klines?interval=1h&limit=50&symbol=BTCUSDT
2026-06-04 19:46:15: 2026-06-04 19:46:15,825 [ERROR] trader: Tick error: binance GET https://testnet.binance.vision/api/v3/klines?interval=1h&limit=50&symbol=BTCUSDT
2026-06-04 19:47:27: 2026-06-04 19:47:27,867 [ERROR] trader: Tick error: binance GET https://testnet.binance.vision/api/v3/klines?interval=1h&limit=50&symbol=BTCUSDT
2026-06-04 19:48:39: 2026-06-04 19:48:39,919 [ERROR] trader: Tick error: binance GET https://testnet.binance.vision/api/v3/klines?interval=1h&limit=50&symbol=BTCUSDT
2026-06-04 19:49:51: 2026-06-04 19:49:51,986 [ERROR] trader: Tick error: binance GET https://testnet.binance.vision/api/v3/klines?interval=1h&limit=50&symbol=BTCUSDT
2026-06-04 19:51:38: 2026-06-04 19:51:38,300 [ERROR] trader: Tick error: binance GET https://testnet.binance.vision/api/v3/klines?interval=1h&limit=50&symbol=BTCUSDT
2026-06-04 19:53:07: 2026-06-04 19:53:07,142 [ERROR] trader: Tick error: binance GET https://testnet.binance.vision/api/v3/klines?interval=1h&limit=50&symbol=BTCUSDT
2026-06-04 19:54:49: 2026-06-04 19:54:49,431 [ERROR] trader: Tick error: binance GET https://testnet.binance.vision/api/v3/klines?interval=1h&limit=50&symbol=BTCUSDT
2026-06-04 19:56:01: 2026-06-04 19:56:01,464 [ERROR] trader: Tick error: binance GET https://testnet.binance.vision/api/v3/klines?interval=1h&limit=50&symbol=BTCUSDT
2026-06-04 19:58:33: 2026-06-04 19:58:33,333 [ERROR] trader: Tick error: binance GET https://testnet.binance.vision/api/v3/klines?interval=1h&limit=50&symbol=BTCUSDT
2026-06-04 19:59:45: 2026-06-04 19:59:45,382 [ERROR] trader: Tick error: binance GET https://testnet.binance.vision/api/v3/klines?interval=1h&limit=50&symbol=BTCUSDT
2026-06-04 20:00:57: 2026-06-04 20:00:57,438 [ERROR] trader: Tick error: binance GET https://testnet.binance.vision/api/v3/klines?interval=1h&limit=50&symbol=BTCUSDT
2026-06-04 20:02:29: 2026-06-04 20:02:29,974 [ERROR] trader: Tick error: binance GET https://testnet.binance.vision/api/v3/klines?interval=1h&limit=50&symbol=BTCUSDT
2026-06-04 20:03:50: 2026-06-04 20:03:50,633 [ERROR] trader: Tick error: binance GET https://testnet.binance.vision/api/v3/klines?interval=1h&limit=50&symbol=BTCUSDT
2026-06-04 20:05:02: 2026-06-04 20:05:02,721 [ERROR] trader: Tick error: binance GET https://testnet.binance.vision/api/v3/klines?interval=1h&limit=50&symbol=BTCUSDT
2026-06-04 20:06:02: 2026-06-04 20:06:02,742 [ERROR] trader: Tick error: binance GET https://testnet.binance.vision/api/v3/klines?interval=1h&limit=50&symbol=BTCUSDT
2026-06-04 20:07:14: 2026-06-04 20:07:14,805 [ERROR] trader: Tick error: binance GET https://testnet.binance.vision/api/v3/klines?interval=1h&limit=50&symbol=BTCUSDT
2026-06-04 20:08:14: 2026-06-04 20:08:14,803 [ERROR] trader: Tick error: binance GET https://testnet.binance.vision/api/v3/klines?interval=1h&limit=50&symbol=BTCUSDT
2026-06-04 20:09:14: 2026-06-04 20:09:14,808 [ERROR] trader: Tick error: binance GET https://testnet.binance.vision/api/v3/klines?interval=1h&limit=50&symbol=BTCUSDT
2026-06-04 20:10:33: 2026-06-04 20:10:33,634 [ERROR] trader: Tick error: binance GET https://testnet.binance.vision/api/v3/klines?interval=1h&limit=50&symbol=BTCUSDT
2026-06-04 20:11:33: 2026-06-04 20:11:33,653 [ERROR] trader: Tick error: binance GET https://testnet.binance.vision/api/v3/klines?interval=1h&limit=50&symbol=BTCUSDT
2026-06-04 20:12:45: 2026-06-04 20:12:45,658 [ERROR] trader: Tick error: binance GET https://testnet.binance.vision/api/v3/klines?interval=1h&limit=50&symbol=BTCUSDT
2026-06-04 20:13:57: 2026-06-04 20:13:57,728 [ERROR] trader: Tick error: binance GET https://testnet.binance.vision/api/v3/klines?interval=1h&limit=50&symbol=BTCUSDT
2026-06-04 20:15:09: 2026-06-04 20:15:09,823 [ERROR] trader: Tick error: binance GET https://testnet.binance.vision/api/v3/klines?interval=1h&limit=50&symbol=BTCUSDT
2026-06-04 20:16:34: 2026-06-04 20:16:34,750 [ERROR] trader: Tick error: binance GET https://testnet.binance.vision/api/v3/klines?interval=1h&limit=50&symbol=BTCUSDT
2026-06-04 20:19:17: 2026-06-04 20:19:17,423 [ERROR] trader: Tick error: binance GET https://testnet.binance.vision/api/v3/klines?interval=1h&limit=50&symbol=BTCUSDT
2026-06-04 20:20:17: 2026-06-04 20:20:17,412 [ERROR] trader: Tick error: binance GET https://testnet.binance.vision/api/v3/klines?interval=1h&limit=50&symbol=BTCUSDT
2026-06-04 20:21:17: 2026-06-04 20:21:17,413 [ERROR] trader: Tick error: binance GET https://testnet.binance.vision/api/v3/klines?interval=1h&limit=50&symbol=BTCUSDT
2026-06-04 20:22:17: 2026-06-04 20:22:17,424 [ERROR] trader: Tick error: binance GET https://testnet.binance.vision/api/v3/klines?interval=1h&limit=50&symbol=BTCUSDT
2026-06-04 20:23:29: 2026-06-04 20:23:29,483 [ERROR] trader: Tick error: binance GET https://testnet.binance.vision/api/v3/klines?interval=1h&limit=50&symbol=BTCUSDT
2026-06-04 20:24:29: 2026-06-04 20:24:29,465 [ERROR] trader: Tick error: binance GET https://testnet.binance.vision/api/v3/klines?interval=1h&limit=50&symbol=BTCUSDT
2026-06-04 20:25:29: 2026-06-04 20:25:29,482 [ERROR] trader: Tick error: binance GET https://testnet.binance.vision/api/v3/klines?interval=1h&limit=50&symbol=BTCUSDT
2026-06-04 20:26:41: 2026-06-04 20:26:41,515 [ERROR] trader: Tick error: binance GET https://testnet.binance.vision/api/v3/klines?interval=1h&limit=50&symbol=BTCUSDT
2026-06-04 20:27:53: 2026-06-04 20:27:53,563 [ERROR] trader: Tick error: binance GET https://testnet.binance.vision/api/v3/klines?interval=1h&limit=50&symbol=BTCUSDT
2026-06-04 20:29:18: 2026-06-04 20:29:18,671 [ERROR] trader: Tick error: binance GET https://testnet.binance.vision/api/v3/klines?interval=1h&limit=50&symbol=BTCUSDT
2026-06-04 20:30:42: 2026-06-04 20:30:42,392 [ERROR] trader: Tick error: binance GET https://testnet.binance.vision/api/v3/klines?interval=1h&limit=50&symbol=BTCUSDT
2026-06-04 20:32:05: 2026-06-04 20:32:05,196 [ERROR] trader: Tick error: binance GET https://testnet.binance.vision/api/v3/klines?interval=1h&limit=50&symbol=BTCUSDT
2026-06-04 20:33:18: 2026-06-04 20:33:18,040 [ERROR] trader: Tick error: binance GET https://testnet.binance.vision/api/v3/klines?interval=1h&limit=50&symbol=BTCUSDT
2026-06-04 20:44:11: 2026-06-04 20:44:11,372 [ERROR] trader: Tick error: binance GET https://testnet.binance.vision/api/v3/klines?interval=1h&limit=50&symbol=BTCUSDT
2026-06-04 20:50:49: INFO:     Started server process [6488]
2026-06-04 20:50:49: INFO:     Waiting for application startup.
2026-06-04 20:50:49: 2026-06-04 20:50:49,563 [INFO] trader: Strategy loop started \u2014 EMA 9/21 on BTC/USDT 1h
2026-06-04 20:50:49: INFO:     Application startup complete.
2026-06-04 20:50:49: INFO:     Uvicorn running on http://0.0.0.0:8001 (Press CTRL+C to quit)
2026-06-04 20:51:01: 2026-06-04 20:51:01,692 [WARNING] discord: Discord notify failed: <urlopen error [Errno 11001] getaddrinfo failed>
2026-06-04 20:51:13: 2026-06-04 20:51:13,728 [ERROR] trader: Tick error: binance GET https://testnet.binance.vision/api/v3/exchangeInfo
2026-06-04 20:53:41: 2026-06-04 20:53:41,640 [ERROR] trader: Tick error: binance GET https://testnet.binance.vision/api/v3/exchangeInfo
2026-06-04 20:56:07: 2026-06-04 20:56:07,067 [ERROR] trader: Tick error: binance GET https://testnet.binance.vision/api/v3/exchangeInfo
2026-06-04 20:58:30: 2026-06-04 20:58:30,440 [ERROR] trader: Tick error: binance GET https://testnet.binance.vision/api/v3/exchangeInfo
2026-06-05 21:10:00: 2026-06-05 21:10:00,115 [ERROR] trader: Tick error: binance GET https://testnet.binance.vision/api/v3/klines?interval=1h&limit=50&symbol=BTCUSDT
2026-06-06 05:51:05: 2026-06-06 05:51:05,808 [ERROR] trader: Buy failed: binance {"code":-1021,"msg":"Timestamp for this request was 1000ms ahead of the server's time."}
2026-06-06 05:52:06: 2026-06-06 05:52:06,110 [ERROR] trader: Buy failed: binance {"code":-1021,"msg":"Timestamp for this request was 1000ms ahead of the server's time."}
2026-06-06 05:53:06: 2026-06-06 05:53:06,381 [ERROR] trader: Buy failed: binance {"code":-1021,"msg":"Timestamp for this request was 1000ms ahead of the server's time."}
2026-06-06 05:56:06: 2026-06-06 05:56:06,827 [ERROR] trader: Buy failed: binance {"code":-1021,"msg":"Timestamp for this request was 1000ms ahead of the server's time."}
2026-06-06 05:57:07: 2026-06-06 05:57:07,097 [ERROR] trader: Buy failed: binance {"code":-1021,"msg":"Timestamp for this request was 1000ms ahead of the server's time."}
2026-06-06 05:58:07: 2026-06-06 05:58:07,397 [ERROR] trader: Buy failed: binance {"code":-1021,"msg":"Timestamp for this request was 1000ms ahead of the server's time."}
2026-06-06 05:59:07: 2026-06-06 05:59:07,670 [ERROR] trader: Buy failed: binance {"code":-1021,"msg":"Timestamp for this request was 1000ms ahead of the server's time."}
2026-06-06 06:00:07: 2026-06-06 06:00:07,927 [ERROR] trader: Buy failed: binance {"code":-1021,"msg":"Timestamp for this request was 1000ms ahead of the server's time."}
2026-06-06 06:01:08: 2026-06-06 06:01:08,190 [ERROR] trader: Buy failed: binance {"code":-1021,"msg":"Timestamp for this request was 1000ms ahead of the server's time."}
2026-06-06 06:02:08: 2026-06-06 06:02:08,481 [ERROR] trader: Buy failed: binance {"code":-1021,"msg":"Timestamp for this request was 1000ms ahead of the server's time."}
2026-06-06 06:03:08: 2026-06-06 06:03:08,805 [ERROR] trader: Buy failed: binance {"code":-1021,"msg":"Timestamp for this request was 1000ms ahead of the server's time."}
2026-06-06 06:04:09: 2026-06-06 06:04:09,090 [ERROR] trader: Buy failed: binance {"code":-1021,"msg":"Timestamp for this request was 1000ms ahead of the server's time."}
2026-06-06 06:05:09: 2026-06-06 06:05:09,377 [ERROR] trader: Buy failed: binance {"code":-1021,"msg":"Timestamp for this request was 1000ms ahead of the server's time."}
2026-06-06 06:06:09: 2026-06-06 06:06:09,660 [ERROR] trader: Buy failed: binance {"code":-1021,"msg":"Timestamp for this request was 1000ms ahead of the server's time."}
2026-06-06 06:07:09: 2026-06-06 06:07:09,916 [ERROR] trader: Buy failed: binance {"code":-1021,"msg":"Timestamp for this request was 1000ms ahead of the server's time."}
2026-06-06 06:08:10: 2026-06-06 06:08:10,194 [ERROR] trader: Buy failed: binance {"code":-1021,"msg":"Timestamp for this request was 1000ms ahead of the server's time."}
2026-06-06 06:09:10: 2026-06-06 06:09:10,467 [ERROR] trader: Buy failed: binance {"code":-1021,"msg":"Timestamp for this request was 1000ms ahead of the server's time."}
2026-06-06 06:10:10: 2026-06-06 06:10:10,752 [ERROR] trader: Buy failed: binance {"code":-1021,"msg":"Timestamp for this request was 1000ms ahead of the server's time."}
2026-06-06 06:11:11: 2026-06-06 06:11:11,026 [ERROR] trader: Buy failed: binance {"code":-1021,"msg":"Timestamp for this request was 1000ms ahead of the server's time."}
2026-06-06 06:12:11: 2026-06-06 06:12:11,299 [ERROR] trader: Buy failed: binance {"code":-1021,"msg":"Timestamp for this request was 1000ms ahead of the server's time."}
2026-06-06 06:13:11: 2026-06-06 06:13:11,598 [ERROR] trader: Buy failed: binance {"code":-1021,"msg":"Timestamp for this request was 1000ms ahead of the server's time."}
2026-06-06 06:14:12: 2026-06-06 06:14:12,884 [ERROR] trader: Buy failed: binance {"code":-1021,"msg":"Timestamp for this request was 1000ms ahead of the server's time."}
2026-06-06 06:15:13: 2026-06-06 06:15:13,159 [ERROR] trader: Buy failed: binance {"code":-1021,"msg":"Timestamp for this request was 1000ms ahead of the server's time."}
2026-06-06 06:16:13: 2026-06-06 06:16:13,451 [ERROR] trader: Buy failed: binance {"code":-1021,"msg":"Timestamp for this request was 1000ms ahead of the server's time."}
2026-06-06 06:17:13: 2026-06-06 06:17:13,750 [ERROR] trader: Buy failed: binance {"code":-1021,"msg":"Timestamp for this request was 1000ms ahead of the server's time."}
2026-06-06 06:18:14: 2026-06-06 06:18:14,043 [ERROR] trader: Buy failed: binance {"code":-1021,"msg":"Timestamp for this request was 1000ms ahead of the server's time."}
2026-06-06 06:19:14: 2026-06-06 06:19:14,305 [ERROR] trader: Buy failed: binance {"code":-1021,"msg":"Timestamp for this request was 1000ms ahead of the server's time."}
2026-06-06 06:20:14: 2026-06-06 06:20:14,601 [ERROR] trader: Buy failed: binance {"code":-1021,"msg":"Timestamp for this request was 1000ms ahead of the server's time."}
2026-06-06 06:21:14: 2026-06-06 06:21:14,883 [ERROR] trader: Buy failed: binance {"code":-1021,"msg":"Timestamp for this request was 1000ms ahead of the server's time."}
2026-06-06 06:22:15: 2026-06-06 06:22:15,155 [ERROR] trader: Buy failed: binance {"code":-1021,"msg":"Timestamp for this request was 1000ms ahead of the server's time."}
2026-06-06 06:23:15: 2026-06-06 06:23:15,423 [ERROR] trader: Buy failed: binance {"code":-1021,"msg":"Timestamp for this request was 1000ms ahead of the server's time."}
2026-06-06 06:24:15: 2026-06-06 06:24:15,698 [ERROR] trader: Buy failed: binance {"code":-1021,"msg":"Timestamp for this request was 1000ms ahead of the server's time."}
2026-06-06 06:25:15: 2026-06-06 06:25:15,979 [ERROR] trader: Buy failed: binance {"code":-1021,"msg":"Timestamp for this request was 1000ms ahead of the server's time."}
2026-06-06 06:26:16: 2026-06-06 06:26:16,251 [ERROR] trader: Buy failed: binance {"code":-1021,"msg":"Timestamp for this request was 1000ms ahead of the server's time."}
2026-06-06 06:27:16: 2026-06-06 06:27:16,541 [ERROR] trader: Buy failed: binance {"code":-1021,"msg":"Timestamp for this request was 1000ms ahead of the server's time."}
2026-06-06 06:28:16: 2026-06-06 06:28:16,825 [ERROR] trader: Buy failed: binance {"code":-1021,"msg":"Timestamp for this request was 1000ms ahead of the server's time."}
2026-06-06 06:29:17: 2026-06-06 06:29:17,100 [ERROR] trader: Buy failed: binance {"code":-1021,"msg":"Timestamp for this request was 1000ms ahead of the server's time."}
2026-06-06 06:30:17: 2026-06-06 06:30:17,393 [ERROR] trader: Buy failed: binance {"code":-1021,"msg":"Timestamp for this request was 1000ms ahead of the server's time."}
2026-06-06 06:31:17: 2026-06-06 06:31:17,672 [ERROR] trader: Buy failed: binance {"code":-1021,"msg":"Timestamp for this request was 1000ms ahead of the server's time."}
2026-06-06 06:32:17: 2026-06-06 06:32:17,958 [ERROR] trader: Buy failed: binance {"code":-1021,"msg":"Timestamp for this request was 1000ms ahead of the server's time."}
2026-06-06 06:33:18: 2026-06-06 06:33:18,240 [ERROR] trader: Buy failed: binance {"code":-1021,"msg":"Timestamp for this request was 1000ms ahead of the server's time."}
2026-06-06 06:34:18: 2026-06-06 06:34:18,523 [ERROR] trader: Buy failed: binance {"code":-1021,"msg":"Timestamp for this request was 1000ms ahead of the server's time."}
2026-06-06 06:35:18: 2026-06-06 06:35:18,802 [ERROR] trader: Buy failed: binance {"code":-1021,"msg":"Timestamp for this request was 1000ms ahead of the server's time."}
2026-06-06 06:36:19: 2026-06-06 06:36:19,101 [ERROR] trader: Buy failed: binance {"code":-1021,"msg":"Timestamp for this request was 1000ms ahead of the server's time."}
2026-06-06 06:37:19: 2026-06-06 06:37:19,490 [ERROR] trader: Buy failed: binance {"code":-1021,"msg":"Timestamp for this request was 1000ms ahead of the server's time."}
2026-06-06 06:38:19: 2026-06-06 06:38:19,783 [ERROR] trader: Buy failed: binance {"code":-1021,"msg":"Timestamp for this request was 1000ms ahead of the server's time."}
2026-06-06 06:39:20: 2026-06-06 06:39:20,120 [ERROR] trader: Buy failed: binance {"code":-1021,"msg":"Timestamp for this request was 1000ms ahead of the server's time."}
2026-06-06 06:40:20: 2026-06-06 06:40:20,393 [ERROR] trader: Buy failed: binance {"code":-1021,"msg":"Timestamp for this request was 1000ms ahead of the server's time."}
2026-06-06 06:41:20: 2026-06-06 06:41:20,674 [ERROR] trader: Buy failed: binance {"code":-1021,"msg":"Timestamp for this request was 1000ms ahead of the server's time."}
2026-06-06 06:42:20: 2026-06-06 06:42:20,985 [ERROR] trader: Buy failed: binance {"code":-1021,"msg":"Timestamp for this request was 1000ms ahead of the server's time."}
2026-06-06 06:43:21: 2026-06-06 06:43:21,274 [ERROR] trader: Buy failed: binance {"code":-1021,"msg":"Timestamp for this request was 1000ms ahead of the server's time."}
2026-06-06 06:44:21: 2026-06-06 06:44:21,661 [ERROR] trader: Buy failed: binance {"code":-1021,"msg":"Timestamp for this request was 1000ms ahead of the server's time."}
2026-06-06 06:45:21: 2026-06-06 06:45:21,952 [ERROR] trader: Buy failed: binance {"code":-1021,"msg":"Timestamp for this request was 1000ms ahead of the server's time."}
2026-06-06 06:46:22: 2026-06-06 06:46:22,220 [ERROR] trader: Buy failed: binance {"code":-1021,"msg":"Timestamp for this request was 1000ms ahead of the server's time."}
2026-06-06 06:47:22: 2026-06-06 06:47:22,506 [ERROR] trader: Buy failed: binance {"code":-1021,"msg":"Timestamp for this request was 1000ms ahead of the server's time."}
2026-06-06 06:48:22: 2026-06-06 06:48:22,781 [ERROR] trader: Buy failed: binance {"code":-1021,"msg":"Timestamp for this request was 1000ms ahead of the server's time."}
2026-06-06 06:49:23: 2026-06-06 06:49:23,122 [ERROR] trader: Buy failed: binance {"code":-1021,"msg":"Timestamp for this request was 1000ms ahead of the server's time."}
2026-06-06 06:50:23: 2026-06-06 06:50:23,398 [ERROR] trader: Buy failed: binance {"code":-1021,"msg":"Timestamp for this request was 1000ms ahead of the server's time."}
2026-06-06 06:51:23: 2026-06-06 06:51:23,693 [ERROR] trader: Buy failed: binance {"code":-1021,"msg":"Timestamp for this request was 1000ms ahead of the server's time."}
2026-06-06 06:52:23: 2026-06-06 06:52:23,976 [ERROR] trader: Buy failed: binance {"code":-1021,"msg":"Timestamp for this request was 1000ms ahead of the server's time."}
2026-06-06 06:53:24: 2026-06-06 06:53:24,260 [ERROR] trader: Buy failed: binance {"code":-1021,"msg":"Timestamp for this request was 1000ms ahead of the server's time."}
2026-06-06 06:54:24: 2026-06-06 06:54:24,680 [ERROR] trader: Buy failed: binance {"code":-1021,"msg":"Timestamp for this request was 1000ms ahead of the server's time."}
2026-06-06 06:55:24: 2026-06-06 06:55:24,989 [ERROR] trader: Buy failed: binance {"code":-1021,"msg":"Timestamp for this request was 1000ms ahead of the server's time."}
2026-06-06 06:56:25: 2026-06-06 06:56:25,267 [ERROR] trader: Buy failed: binance {"code":-1021,"msg":"Timestamp for this request was 1000ms ahead of the server's time."}
2026-06-06 06:57:25: 2026-06-06 06:57:25,553 [ERROR] trader: Buy failed: binance {"code":-1021,"msg":"Timestamp for this request was 1000ms ahead of the server's time."}
2026-06-06 06:58:25: 2026-06-06 06:58:25,890 [ERROR] trader: Buy failed: binance {"code":-1021,"msg":"Timestamp for this request was 1000ms ahead of the server's time."}
2026-06-06 06:59:26: 2026-06-06 06:59:26,163 [ERROR] trader: Buy failed: binance {"code":-1021,"msg":"Timestamp for this request was 1000ms ahead of the server's time."}
2026-06-06 11:44:08: 2026-06-06 11:44:08,152 [ERROR] trader: Tick error: binance GET https://testnet.binance.vision/api/v3/klines?interval=1h&limit=50&symbol=BTCUSDT
2026-06-06 11:45:08: 2026-06-06 11:45:08,171 [ERROR] trader: Tick error: binance GET https://testnet.binance.vision/api/v3/klines?interval=1h&limit=50&symbol=BTCUSDT
2026-06-06 11:46:08: 2026-06-06 11:46:08,181 [ERROR] trader: Tick error: binance GET https://testnet.binance.vision/api/v3/klines?interval=1h&limit=50&symbol=BTCUSDT
2026-06-06 11:47:08: 2026-06-06 11:47:08,197 [ERROR] trader: Tick error: binance GET https://testnet.binance.vision/api/v3/klines?interval=1h&limit=50&symbol=BTCUSDT
2026-06-06 11:48:08: 2026-06-06 11:48:08,214 [ERROR] trader: Tick error: binance GET https://testnet.binance.vision/api/v3/klines?interval=1h&limit=50&symbol=BTCUSDT
2026-06-06 11:49:08: 2026-06-06 11:49:08,221 [ERROR] trader: Tick error: binance GET https://testnet.binance.vision/api/v3/klines?interval=1h&limit=50&symbol=BTCUSDT
2026-06-06 16:29:21: 2026-06-06 16:29:21,085 [ERROR] trader: Tick error: binance GET https://testnet.binance.vision/api/v3/klines?interval=1h&limit=50&symbol=BTCUSDT
